year,oews_area,area_title,area_kind,occ_code,occ_title,tot_emp,h_mean,a_mean,h_pct10,h_pct25,h_median,h_pct75,h_pct90,a_pct10,a_pct25,a_median,a_pct75,a_pct90,a_mean_flag,a_median_flag
2015,0010180,"Abilene, TX",metro,39-9011,Childcare Workers,410.0,8.69,18070.0,7.64,8.0,8.6,9.2,10.62,15890.0,16640.0,17890.0,19140.0,22080.0,,
2015,0010380,"Aguadilla-Isabela, PR",metro,39-9011,Childcare Workers,80.0,8.16,16980.0,7.58,7.89,8.4,8.91,9.21,15770.0,16410.0,17470.0,18530.0,19170.0,,
2015,0010420,"Akron, OH",metro,39-9011,Childcare Workers,1030.0,11.39,23680.0,8.35,8.7,9.29,11.14,18.42,17360.0,18090.0,19310.0,23180.0,38310.0,,
2015,0010500,"Albany, GA",metro,39-9011,Childcare Workers,,9.05,18830.0,7.58,7.98,8.65,9.44,11.95,15760.0,16600.0,17990.0,19630.0,24850.0,,
2015,0010540,"Albany, OR",metro,39-9011,Childcare Workers,130.0,10.06,20930.0,9.31,9.38,9.52,10.65,11.57,19360.0,19510.0,19790.0,22140.0,24060.0,,
2015,0010580,"Albany-Schenectady-Troy, NY",metro,39-9011,Childcare Workers,2300.0,11.38,23660.0,8.9,9.14,10.06,12.06,16.81,18520.0,19000.0,20920.0,25090.0,34960.0,,
2015,0010740,"Albuquerque, NM",metro,39-9011,Childcare Workers,1340.0,9.67,20120.0,8.03,8.47,9.2,10.6,12.34,16710.0,17620.0,19130.0,22050.0,25670.0,,
2015,0010780,"Alexandria, LA",metro,39-9011,Childcare Workers,260.0,8.36,17380.0,7.64,7.97,8.52,9.07,9.47,15890.0,16580.0,17730.0,18870.0,19690.0,,
2015,0010900,"Allentown-Bethlehem-Easton, PA-NJ",metro,39-9011,Childcare Workers,1070.0,10.17,21140.0,7.92,8.56,9.24,10.97,13.88,16480.0,17800.0,19220.0,22820.0,28860.0,,
2015,0011020,"Altoona, PA",metro,39-9011,Childcare Workers,300.0,8.59,17870.0,7.67,8.02,8.6,9.18,9.83,15960.0,16680.0,17880.0,19090.0,20450.0,,
2015,0011100,"Amarillo, TX",metro,39-9011,Childcare Workers,620.0,9.32,19380.0,7.72,8.13,8.82,9.58,11.94,16050.0,16910.0,18340.0,19940.0,24830.0,,
2015,0011180,"Ames, IA",metro,39-9011,Childcare Workers,410.0,9.33,19410.0,7.68,8.22,9.11,10.65,11.63,15980.0,17090.0,18950.0,22150.0,24190.0,,
2015,0011244,"Anaheim-Santa Ana-Irvine, CA Metropolitan Division",metro,39-9011,Childcare Workers,4290.0,13.16,27380.0,9.37,10.34,12.46,14.85,18.26,19490.0,21510.0,25910.0,30880.0,37980.0,,
2015,0011260,"Anchorage, AK",metro,39-9011,Childcare Workers,1900.0,12.0,24970.0,9.53,10.33,11.65,13.63,14.79,19820.0,21480.0,24230.0,28350.0,30760.0,,
2015,0011460,"Ann Arbor, MI",metro,39-9011,Childcare Workers,550.0,10.77,22400.0,8.56,9.08,10.19,11.41,13.27,17800.0,18890.0,21190.0,23740.0,27600.0,,
2015,0011500,"Anniston-Oxford-Jacksonville, AL",metro,39-9011,Childcare Workers,190.0,8.58,17850.0,7.7,8.05,8.63,9.21,9.85,16010.0,16740.0,17950.0,19160.0,20490.0,,
2015,0011540,"Appleton, WI",metro,39-9011,Childcare Workers,380.0,10.0,20810.0,7.83,8.43,9.46,11.41,13.6,16290.0,17530.0,19670.0,23730.0,28290.0,,
2015,0011640,"Arecibo, PR",metro,39-9011,Childcare Workers,,8.13,16900.0,7.54,7.85,8.35,8.86,9.16,15690.0,16320.0,17380.0,18430.0,19060.0,,
2015,0011700,"Asheville, NC",metro,39-9011,Childcare Workers,930.0,11.6,24120.0,8.16,9.23,11.2,13.69,16.17,16970.0,19200.0,23290.0,28480.0,33630.0,,
2015,0012020,"Athens-Clarke County, GA",metro,39-9011,Childcare Workers,560.0,9.24,19230.0,7.68,8.13,8.88,10.07,11.41,15970.0,16910.0,18470.0,20940.0,23730.0,,
2015,0012060,"Atlanta-Sandy Springs-Roswell, GA",metro,39-9011,Childcare Workers,15010.0,10.27,21360.0,7.82,8.43,9.46,11.49,14.04,16270.0,17530.0,19670.0,23890.0,29200.0,,
2015,0012100,"Atlantic City-Hammonton, NJ",metro,39-9011,Childcare Workers,240.0,12.02,25000.0,9.0,9.8,11.15,14.37,17.06,18710.0,20370.0,23190.0,29890.0,35490.0,,
2015,0012220,"Auburn-Opelika, AL",metro,39-9011,Childcare Workers,470.0,8.77,18230.0,7.65,8.03,8.66,9.3,11.04,15920.0,16700.0,18010.0,19340.0,22960.0,,
2015,0012260,"Augusta-Richmond County, GA-SC",metro,39-9011,Childcare Workers,670.0,8.92,18550.0,7.72,8.12,8.8,9.51,11.29,16060.0,16900.0,18300.0,19770.0,23480.0,,
2015,0012420,"Austin-Round Rock, TX",metro,39-9011,Childcare Workers,5850.0,10.97,22820.0,7.93,8.7,10.34,12.61,14.66,16500.0,18100.0,21500.0,26230.0,30500.0,,
2015,0012540,"Bakersfield, CA",metro,39-9011,Childcare Workers,1520.0,11.09,23080.0,9.26,9.61,10.66,11.72,14.13,19260.0,19980.0,22170.0,24380.0,29390.0,,
2015,0012580,"Baltimore-Columbia-Towson, MD",metro,39-9011,Childcare Workers,4530.0,11.04,22960.0,8.34,8.85,10.13,12.82,14.81,17340.0,18400.0,21070.0,26670.0,30800.0,,
2015,0012940,"Baton Rouge, LA",metro,39-9011,Childcare Workers,2040.0,8.89,18490.0,7.69,8.1,8.77,9.51,11.16,15990.0,16840.0,18250.0,19790.0,23210.0,,
2015,0012980,"Battle Creek, MI",metro,39-9011,Childcare Workers,360.0,9.51,19770.0,8.37,8.63,9.07,9.8,11.31,17400.0,17950.0,18860.0,20390.0,23530.0,,
2015,0013020,"Bay City, MI",metro,39-9011,Childcare Workers,130.0,9.15,19030.0,8.34,8.56,8.91,9.26,10.37,17350.0,17790.0,18530.0,19260.0,21580.0,,
2015,0013140,"Beaumont-Port Arthur, TX",metro,39-9011,Childcare Workers,800.0,8.73,18160.0,7.67,8.04,8.66,9.29,10.76,15950.0,16720.0,18010.0,19320.0,22390.0,,
2015,0013220,"Beckley, WV",metro,39-9011,Childcare Workers,,9.63,20030.0,8.24,8.59,9.18,10.56,11.6,17130.0,17870.0,19100.0,21960.0,24130.0,,
2015,0013380,"Bellingham, WA",metro,39-9011,Childcare Workers,400.0,10.79,22440.0,9.56,9.61,10.41,11.43,12.66,19880.0,19990.0,21640.0,23780.0,26330.0,,
2015,0013460,"Bend-Redmond, OR",metro,39-9011,Childcare Workers,200.0,10.76,22390.0,9.31,9.38,9.74,11.47,14.11,19360.0,19510.0,20260.0,23850.0,29340.0,,
2015,0013740,"Billings, MT",metro,39-9011,Childcare Workers,670.0,10.08,20960.0,8.34,8.74,9.43,11.01,12.13,17340.0,18180.0,19610.0,22900.0,25240.0,,
2015,0013780,"Binghamton, NY",metro,39-9011,Childcare Workers,720.0,10.35,21530.0,8.87,9.06,9.42,11.42,13.54,18460.0,18840.0,19600.0,23750.0,28170.0,,
2015,0013820,"Birmingham-Hoover, AL",metro,39-9011,Childcare Workers,2210.0,9.05,18830.0,7.69,8.12,8.85,9.95,11.34,15990.0,16900.0,18410.0,20690.0,23580.0,,
2015,0013900,"Bismarck, ND",metro,39-9011,Childcare Workers,560.0,10.33,21480.0,7.93,8.68,9.91,11.5,14.13,16490.0,18060.0,20610.0,23920.0,29380.0,,
2015,0013980,"Blacksburg-Christiansburg-Radford, VA",metro,39-9011,Childcare Workers,,9.37,19490.0,7.73,8.17,8.91,10.27,12.51,16080.0,17000.0,18530.0,21350.0,26010.0,,
2015,0014010,"Bloomington, IL",metro,39-9011,Childcare Workers,420.0,9.92,20640.0,8.65,8.96,9.49,10.83,11.71,18000.0,18650.0,19750.0,22520.0,24350.0,,
2015,0014020,"Bloomington, IN",metro,39-9011,Childcare Workers,230.0,8.9,18520.0,7.73,8.13,8.78,9.43,10.89,16090.0,16900.0,18260.0,19620.0,22650.0,,
2015,0014100,"Bloomsburg-Berwick, PA",metro,39-9011,Childcare Workers,70.0,9.98,20760.0,7.87,8.47,9.45,11.74,13.6,16370.0,17620.0,19660.0,24410.0,28290.0,,
2015,0014260,"Boise City, ID",metro,39-9011,Childcare Workers,990.0,8.58,17850.0,7.72,8.07,8.67,9.26,10.12,16050.0,16790.0,18030.0,19270.0,21040.0,,
2015,0014500,"Boulder, CO",metro,39-9011,Childcare Workers,900.0,12.48,25950.0,8.75,9.65,12.29,14.18,16.32,18200.0,20070.0,25570.0,29490.0,33940.0,,
2015,0014540,"Bowling Green, KY",metro,39-9011,Childcare Workers,420.0,9.14,19010.0,7.76,8.23,9.01,10.25,11.41,16150.0,17120.0,18750.0,21330.0,23740.0,,
2015,0014740,"Bremerton-Silverdale, WA",metro,39-9011,Childcare Workers,,12.2,25370.0,9.63,10.26,11.31,13.61,16.72,20030.0,21340.0,23530.0,28310.0,34770.0,,
2015,0015180,"Brownsville-Harlingen, TX",metro,39-9011,Childcare Workers,1410.0,9.19,19110.0,7.68,8.14,8.9,10.12,11.5,15970.0,16920.0,18500.0,21050.0,23920.0,,
2015,0015260,"Brunswick, GA",metro,39-9011,Childcare Workers,,9.26,19260.0,7.67,8.05,8.68,9.32,11.34,15950.0,16740.0,18050.0,19390.0,23590.0,,
2015,0015380,"Buffalo-Cheektowaga-Niagara Falls, NY",metro,39-9011,Childcare Workers,1930.0,10.57,21990.0,8.87,9.04,9.35,11.04,14.18,18440.0,18810.0,19450.0,22970.0,29500.0,,
2015,0015500,"Burlington, NC",metro,39-9011,Childcare Workers,230.0,8.77,18240.0,7.64,8.0,8.6,9.2,10.63,15890.0,16630.0,17880.0,19130.0,22110.0,,
2015,0015680,"California-Lexington Park, MD",metro,39-9011,Childcare Workers,30.0,10.95,22780.0,8.31,8.77,11.02,13.25,14.2,17280.0,18240.0,22920.0,27560.0,29540.0,,
2015,0015804,"Camden, NJ Metropolitan Division",metro,39-9011,Childcare Workers,3010.0,11.56,24040.0,8.8,9.36,11.06,13.3,14.8,18300.0,19460.0,23000.0,27650.0,30790.0,,
2015,0015940,"Canton-Massillon, OH",metro,39-9011,Childcare Workers,470.0,9.0,18730.0,8.27,8.5,8.88,9.26,9.55,17200.0,17680.0,18470.0,19270.0,19870.0,,
2015,0015980,"Cape Coral-Fort Myers, FL",metro,39-9011,Childcare Workers,1450.0,10.91,22690.0,8.46,9.02,10.29,11.9,14.92,17600.0,18770.0,21410.0,24750.0,31040.0,,
2015,0016020,"Cape Girardeau, MO-IL",metro,39-9011,Childcare Workers,250.0,9.35,19440.0,7.9,8.27,8.87,9.61,11.65,16440.0,17210.0,18450.0,19990.0,24230.0,,
2015,0016060,"Carbondale-Marion, IL",metro,39-9011,Childcare Workers,,16.42,34150.0,8.7,9.08,10.92,26.09,28.39,18090.0,18890.0,22700.0,54260.0,59060.0,,
2015,0016180,"Carson City, NV",metro,39-9011,Childcare Workers,70.0,11.97,24900.0,7.77,8.31,9.21,11.42,22.52,16170.0,17290.0,19160.0,23760.0,46850.0,,
2015,0016220,"Casper, WY",metro,39-9011,Childcare Workers,260.0,10.82,22500.0,8.31,9.66,10.71,11.75,13.92,17280.0,20100.0,22270.0,24440.0,28960.0,,
2015,0016300,"Cedar Rapids, IA",metro,39-9011,Childcare Workers,490.0,10.14,21090.0,7.86,8.54,9.71,11.34,13.75,16340.0,17760.0,20190.0,23590.0,28600.0,,
2015,0016540,"Chambersburg-Waynesboro, PA",metro,39-9011,Childcare Workers,100.0,8.39,17460.0,7.64,7.98,8.53,9.09,9.48,15890.0,16590.0,17750.0,18910.0,19710.0,,
2015,0016580,"Champaign-Urbana, IL",metro,39-9011,Childcare Workers,500.0,10.55,21950.0,8.68,9.08,10.01,11.38,13.22,18060.0,18880.0,20830.0,23680.0,27500.0,,
2015,0016620,"Charleston, WV",metro,39-9011,Childcare Workers,360.0,9.84,20470.0,8.25,8.63,9.26,10.75,12.46,17160.0,17950.0,19260.0,22370.0,25910.0,,
2015,0016700,"Charleston-North Charleston, SC",metro,39-9011,Childcare Workers,1050.0,9.54,19840.0,7.7,8.14,8.87,10.39,13.63,16020.0,16930.0,18440.0,21610.0,28360.0,,
2015,0016740,"Charlotte-Concord-Gastonia, NC-SC",metro,39-9011,Childcare Workers,6990.0,10.7,22260.0,7.98,8.83,10.36,12.03,14.35,16590.0,18360.0,21550.0,25030.0,29840.0,,
2015,0016820,"Charlottesville, VA",metro,39-9011,Childcare Workers,400.0,11.23,23360.0,8.04,8.99,10.61,12.74,15.61,16720.0,18700.0,22070.0,26510.0,32470.0,,
2015,0016860,"Chattanooga, TN-GA",metro,39-9011,Childcare Workers,830.0,9.16,19060.0,7.7,8.09,8.74,9.43,11.82,16010.0,16820.0,18170.0,19600.0,24600.0,,
2015,0016940,"Cheyenne, WY",metro,39-9011,Childcare Workers,240.0,8.96,18640.0,7.62,8.01,8.64,9.3,12.12,15860.0,16650.0,17980.0,19330.0,25220.0,,
2015,0016974,"Chicago-Naperville-Arlington Heights, IL Metropolitan Division",metro,39-9011,Childcare Workers,9230.0,11.59,24100.0,8.88,9.51,10.92,13.16,15.46,18460.0,19790.0,22720.0,27360.0,32160.0,,
2015,0017020,"Chico, CA",metro,39-9011,Childcare Workers,680.0,11.46,23840.0,9.19,9.45,10.83,12.93,14.85,19110.0,19650.0,22530.0,26890.0,30880.0,,
2015,0017140,"Cincinnati, OH-KY-IN",metro,39-9011,Childcare Workers,5190.0,10.94,22750.0,8.27,8.92,10.32,12.23,14.74,17210.0,18550.0,21470.0,25440.0,30660.0,,
2015,0017300,"Clarksville, TN-KY",metro,39-9011,Childcare Workers,640.0,8.66,18010.0,7.6,7.95,8.54,9.13,10.48,15810.0,16540.0,17760.0,18980.0,21800.0,,
2015,0017420,"Cleveland, TN",metro,39-9011,Childcare Workers,200.0,8.48,17640.0,7.62,7.95,8.51,9.06,9.47,15850.0,16540.0,17690.0,18840.0,19690.0,,
2015,0017460,"Cleveland-Elyria, OH",metro,39-9011,Childcare Workers,4580.0,10.48,21800.0,8.37,8.75,9.39,11.46,14.51,17410.0,18200.0,19530.0,23830.0,30170.0,,
2015,0017660,"Coeur d'Alene, ID",metro,39-9011,Childcare Workers,100.0,8.86,18430.0,7.67,8.03,8.63,9.23,10.98,15950.0,16700.0,17960.0,19210.0,22840.0,,
2015,0017780,"College Station-Bryan, TX",metro,39-9011,Childcare Workers,540.0,9.0,18720.0,7.67,8.09,8.78,9.62,11.41,15960.0,16820.0,18260.0,20000.0,23740.0,,
2015,0017820,"Colorado Springs, CO",metro,39-9011,Childcare Workers,370.0,11.27,23440.0,8.66,9.31,11.1,13.07,14.34,18010.0,19370.0,23100.0,27180.0,29820.0,,
2015,0017860,"Columbia, MO",metro,39-9011,Childcare Workers,450.0,9.73,20240.0,7.92,8.3,8.95,9.97,13.46,16470.0,17270.0,18620.0,20740.0,28010.0,,
2015,0017900,"Columbia, SC",metro,39-9011,Childcare Workers,810.0,9.18,19090.0,7.69,8.09,8.76,9.49,12.17,15990.0,16820.0,18220.0,19740.0,25320.0,,
2015,0017980,"Columbus, GA-AL",metro,39-9011,Childcare Workers,930.0,8.89,18490.0,7.63,8.02,8.67,9.33,11.15,15880.0,16690.0,18030.0,19410.0,23200.0,,
2015,0018020,"Columbus, IN",metro,39-9011,Childcare Workers,100.0,13.61,28310.0,7.92,8.67,11.06,13.99,32.66,16480.0,18040.0,23010.0,29110.0,67930.0,,
2015,0018140,"Columbus, OH",metro,39-9011,Childcare Workers,4090.0,10.54,21920.0,8.5,9.07,10.16,11.38,13.28,17670.0,18870.0,21140.0,23670.0,27610.0,,
2015,0018580,"Corpus Christi, TX",metro,39-9011,Childcare Workers,960.0,9.42,19600.0,7.73,8.23,9.06,10.5,11.83,16080.0,17120.0,18840.0,21840.0,24620.0,,
2015,0018700,"Corvallis, OR",metro,39-9011,Childcare Workers,130.0,9.83,20440.0,9.31,9.35,9.44,10.06,11.28,19360.0,19450.0,19630.0,20930.0,23460.0,,
2015,0018880,"Crestview-Fort Walton Beach-Destin, FL",metro,39-9011,Childcare Workers,430.0,9.84,20460.0,8.31,8.64,9.18,10.57,12.4,17290.0,17970.0,19100.0,21980.0,25800.0,,
2015,0019060,"Cumberland, MD-WV",metro,39-9011,Childcare Workers,280.0,11.67,24280.0,8.34,8.85,9.85,11.67,20.75,17340.0,18400.0,20490.0,24260.0,43170.0,,
2015,0019124,"Dallas-Plano-Irving, TX Metropolitan Division",metro,39-9011,Childcare Workers,10510.0,10.2,21220.0,7.8,8.38,9.37,11.44,13.97,16220.0,17430.0,19490.0,23800.0,29050.0,,
2015,0019140,"Dalton, GA",metro,39-9011,Childcare Workers,140.0,10.57,21980.0,7.91,8.69,10.11,11.48,13.4,16460.0,18080.0,21030.0,23880.0,27870.0,,
2015,0019300,"Daphne-Fairhope-Foley, AL",metro,39-9011,Childcare Workers,310.0,9.74,20260.0,7.72,8.23,9.07,11.59,13.57,16060.0,17110.0,18870.0,24110.0,28230.0,,
2015,0019340,"Davenport-Moline-Rock Island, IA-IL",metro,39-9011,Childcare Workers,720.0,9.53,19830.0,8.09,8.68,9.17,10.12,11.47,16830.0,18060.0,19080.0,21040.0,23870.0,,
2015,0019380,"Dayton, OH",metro,39-9011,Childcare Workers,1320.0,10.3,21430.0,8.35,8.69,9.27,10.72,12.05,17360.0,18080.0,19270.0,22290.0,25070.0,,
2015,0019460,"Decatur, AL",metro,39-9011,Childcare Workers,180.0,8.44,17550.0,7.64,7.97,8.52,9.07,9.42,15890.0,16580.0,17720.0,18860.0,19600.0,,
2015,0019500,"Decatur, IL",metro,39-9011,Childcare Workers,180.0,10.55,21940.0,8.73,9.13,10.05,11.42,13.59,18160.0,18990.0,20910.0,23750.0,28260.0,,
2015,0019660,"Deltona-Daytona Beach-Ormond Beach, FL",metro,39-9011,Childcare Workers,930.0,10.02,20840.0,8.33,8.72,9.39,11.14,12.94,17330.0,18130.0,19540.0,23170.0,26920.0,,
2015,0019740,"Denver-Aurora-Lakewood, CO",metro,39-9011,Childcare Workers,4980.0,12.37,25730.0,8.76,9.53,12.0,14.28,17.07,18220.0,19830.0,24970.0,29700.0,35510.0,,
2015,0019780,"Des Moines-West Des Moines, IA",metro,39-9011,Childcare Workers,1380.0,9.79,20370.0,7.89,8.57,9.72,11.0,11.78,16420.0,17820.0,20210.0,22890.0,24500.0,,
2015,0019804,"Detroit-Dearborn-Livonia, MI Metropolitan Division",metro,39-9011,Childcare Workers,3420.0,11.28,23470.0,8.48,8.89,9.71,11.85,17.92,17640.0,18500.0,20200.0,24650.0,37280.0,,
2015,0020020,"Dothan, AL",metro,39-9011,Childcare Workers,220.0,9.25,19250.0,7.69,8.08,8.75,9.46,13.02,15990.0,16820.0,18190.0,19670.0,27080.0,,
2015,0020100,"Dover, DE",metro,39-9011,Childcare Workers,180.0,10.91,22680.0,8.34,9.01,10.76,12.84,14.11,17340.0,18740.0,22390.0,26710.0,29360.0,,
2015,0020220,"Dubuque, IA",metro,39-9011,Childcare Workers,460.0,8.68,18060.0,7.62,7.99,8.61,9.22,10.6,15840.0,16620.0,17900.0,19190.0,22050.0,,
2015,0020260,"Duluth, MN-WI",metro,39-9011,Childcare Workers,500.0,10.51,21860.0,8.31,8.89,10.14,11.9,13.89,17280.0,18500.0,21090.0,24760.0,28890.0,,
2015,0020500,"Durham-Chapel Hill, NC",metro,39-9011,Childcare Workers,1360.0,10.78,22430.0,8.15,9.19,10.47,11.69,14.68,16950.0,19110.0,21770.0,24310.0,30530.0,,
2015,0020524,"Dutchess County-Putnam County, NY Metropolitan Division",metro,39-9011,Childcare Workers,830.0,13.38,27830.0,9.26,10.59,12.96,15.91,18.13,19270.0,22020.0,26960.0,33090.0,37710.0,,
2015,0020700,"East Stroudsburg, PA",metro,39-9011,Childcare Workers,260.0,8.41,17480.0,7.62,7.95,8.5,9.04,9.45,15860.0,16540.0,17670.0,18810.0,19650.0,,
2015,0020740,"Eau Claire, WI",metro,39-9011,Childcare Workers,350.0,10.06,20920.0,7.9,8.65,10.02,11.45,13.03,16420.0,17990.0,20830.0,23820.0,27100.0,,
2015,0020994,"Elgin, IL Metropolitan Division",metro,39-9011,Childcare Workers,490.0,10.87,22620.0,9.08,9.71,10.62,11.53,13.38,18890.0,20200.0,22090.0,23990.0,27820.0,,
2015,0021060,"Elizabethtown-Fort Knox, KY",metro,39-9011,Childcare Workers,400.0,8.84,18390.0,7.68,8.09,8.77,9.53,11.09,15980.0,16830.0,18250.0,19820.0,23070.0,,
2015,0021140,"Elkhart-Goshen, IN",metro,39-9011,Childcare Workers,,9.58,19930.0,7.71,8.18,8.96,11.14,13.48,16030.0,17000.0,18630.0,23160.0,28030.0,,
2015,0021300,"Elmira, NY",metro,39-9011,Childcare Workers,140.0,9.7,20170.0,8.85,9.01,9.26,9.71,11.42,18410.0,18730.0,19260.0,20190.0,23760.0,,
2015,0021340,"El Paso, TX",metro,39-9011,Childcare Workers,1300.0,8.92,18550.0,7.7,8.08,8.73,9.39,11.27,16010.0,16810.0,18160.0,19530.0,23450.0,,
2015,0021500,"Erie, PA",metro,39-9011,Childcare Workers,750.0,9.1,18920.0,7.72,8.14,8.84,9.66,11.48,16060.0,16940.0,18400.0,20090.0,23890.0,,
2015,0021660,"Eugene, OR",metro,39-9011,Childcare Workers,410.0,10.72,22300.0,9.29,9.38,10.0,11.43,13.52,19330.0,19520.0,20790.0,23780.0,28110.0,,
2015,0021780,"Evansville, IN-KY",metro,39-9011,Childcare Workers,820.0,9.1,18920.0,7.77,8.22,8.97,10.02,11.32,16160.0,17100.0,18650.0,20840.0,23540.0,,
2015,0021820,"Fairbanks, AK",metro,39-9011,Childcare Workers,70.0,13.62,28320.0,8.99,9.84,12.45,17.13,19.96,18700.0,20470.0,25900.0,35620.0,41520.0,,
2015,0022020,"Fargo, ND-MN",metro,39-9011,Childcare Workers,1350.0,9.42,19590.0,7.75,8.21,8.92,10.16,12.2,16120.0,17080.0,18550.0,21130.0,25380.0,,
2015,0022140,"Farmington, NM",metro,39-9011,Childcare Workers,160.0,9.48,19710.0,7.95,8.42,9.2,10.55,11.59,16540.0,17510.0,19130.0,21950.0,24100.0,,
2015,0022180,"Fayetteville, NC",metro,39-9011,Childcare Workers,880.0,9.2,19130.0,7.7,8.12,8.83,9.81,11.87,16010.0,16900.0,18370.0,20400.0,24690.0,,
2015,0022220,"Fayetteville-Springdale-Rogers, AR-MO",metro,39-9011,Childcare Workers,1710.0,8.99,18690.0,7.76,8.13,8.76,9.39,11.11,16130.0,16910.0,18210.0,19540.0,23110.0,,
2015,0022380,"Flagstaff, AZ",metro,39-9011,Childcare Workers,80.0,10.08,20970.0,8.29,8.63,9.2,10.89,12.62,17240.0,17950.0,19140.0,22650.0,26240.0,,
2015,0022420,"Flint, MI",metro,39-9011,Childcare Workers,910.0,9.83,20440.0,8.41,8.73,9.27,10.77,11.88,17500.0,18170.0,19290.0,22410.0,24700.0,,
2015,0022500,"Florence, SC",metro,39-9011,Childcare Workers,180.0,8.82,18340.0,7.66,8.05,8.7,9.38,11.08,15940.0,16750.0,18100.0,19510.0,23060.0,,
2015,0022520,"Florence-Muscle Shoals, AL",metro,39-9011,Childcare Workers,190.0,8.44,17550.0,7.63,7.96,8.52,9.07,9.44,15870.0,16560.0,17720.0,18870.0,19630.0,,
2015,0022540,"Fond du Lac, WI",metro,39-9011,Childcare Workers,150.0,10.17,21150.0,8.02,8.81,10.04,11.36,13.15,16680.0,18330.0,20890.0,23630.0,27360.0,,
2015,0022660,"Fort Collins, CO",metro,39-9011,Childcare Workers,500.0,10.05,20900.0,8.45,8.79,9.37,11.01,12.44,17590.0,18290.0,19490.0,22900.0,25880.0,,
2015,0022744,"Fort Lauderdale-Pompano Beach-Deerfield Beach, FL Metropolitan Division",metro,39-9011,Childcare Workers,3770.0,9.89,20570.0,8.32,8.68,9.29,10.92,12.49,17300.0,18050.0,19320.0,22720.0,25980.0,,
2015,0022900,"Fort Smith, AR-OK",metro,39-9011,Childcare Workers,660.0,8.66,18010.0,7.7,8.03,8.58,9.12,9.59,16030.0,16710.0,17840.0,18980.0,19950.0,,
2015,0023060,"Fort Wayne, IN",metro,39-9011,Childcare Workers,430.0,10.25,21320.0,7.81,8.4,9.43,11.24,15.81,16230.0,17470.0,19620.0,23380.0,32880.0,,
2015,0023104,"Fort Worth-Arlington, TX Metropolitan Division",metro,39-9011,Childcare Workers,5300.0,9.36,19470.0,7.75,8.24,9.06,10.44,11.61,16120.0,17140.0,18850.0,21710.0,24160.0,,
2015,0023420,"Fresno, CA",metro,39-9011,Childcare Workers,2310.0,10.82,22500.0,9.18,9.36,10.11,11.44,13.67,19100.0,19470.0,21030.0,23790.0,28420.0,,
2015,0023460,"Gadsden, AL",metro,39-9011,Childcare Workers,220.0,8.46,17610.0,7.63,7.97,8.55,9.12,9.62,15870.0,16590.0,17770.0,18960.0,20010.0,,
2015,0023540,"Gainesville, FL",metro,39-9011,Childcare Workers,290.0,10.22,21260.0,8.39,8.85,9.7,11.33,13.29,17460.0,18410.0,20170.0,23560.0,27640.0,,
2015,0023580,"Gainesville, GA",metro,39-9011,Childcare Workers,260.0,10.08,20960.0,7.9,8.53,9.64,11.53,13.63,16430.0,17740.0,20040.0,23990.0,28340.0,,
2015,0023844,"Gary, IN Metropolitan Division",metro,39-9011,Childcare Workers,1200.0,9.59,19950.0,7.74,8.25,9.1,10.97,13.1,16100.0,17160.0,18930.0,22820.0,27260.0,,
2015,0023900,"Gettysburg, PA",metro,39-9011,Childcare Workers,80.0,10.11,21020.0,7.72,8.39,9.71,11.82,13.73,16060.0,17450.0,20190.0,24580.0,28560.0,,
2015,0024020,"Glens Falls, NY",metro,39-9011,Childcare Workers,,10.66,22180.0,8.95,9.25,10.12,11.35,13.05,18620.0,19240.0,21040.0,23610.0,27150.0,,
2015,0024140,"Goldsboro, NC",metro,39-9011,Childcare Workers,280.0,9.11,18940.0,7.69,8.1,8.79,9.64,11.97,16000.0,16860.0,18290.0,20060.0,24890.0,,
2015,0024220,"Grand Forks, ND-MN",metro,39-9011,Childcare Workers,270.0,9.35,19460.0,7.89,8.38,9.11,10.57,11.54,16400.0,17420.0,18950.0,21990.0,24010.0,,
2015,0024260,"Grand Island, NE",metro,39-9011,Childcare Workers,190.0,8.82,18360.0,8.15,8.38,8.76,9.14,9.41,16960.0,17430.0,18220.0,19010.0,19560.0,,
2015,0024300,"Grand Junction, CO",metro,39-9011,Childcare Workers,180.0,10.13,21080.0,8.47,8.82,9.57,11.24,13.01,17610.0,18350.0,19890.0,23380.0,27060.0,,
2015,0024340,"Grand Rapids-Wyoming, MI",metro,39-9011,Childcare Workers,1640.0,12.83,26680.0,8.54,9.08,10.78,15.56,20.02,17770.0,18880.0,22420.0,32370.0,41640.0,,
2015,0024500,"Great Falls, MT",metro,39-9011,Childcare Workers,330.0,9.94,20670.0,8.42,8.95,9.8,10.99,11.7,17520.0,18620.0,20380.0,22860.0,24340.0,,
2015,0024540,"Greeley, CO",metro,39-9011,Childcare Workers,250.0,10.8,22460.0,8.53,8.98,10.3,12.53,14.06,17740.0,18670.0,21420.0,26050.0,29240.0,,
2015,0024580,"Green Bay, WI",metro,39-9011,Childcare Workers,570.0,10.5,21840.0,8.09,9.09,10.44,11.64,13.57,16820.0,18910.0,21700.0,24210.0,28220.0,,
2015,0024660,"Greensboro-High Point, NC",metro,39-9011,Childcare Workers,2000.0,9.17,19080.0,7.68,8.14,8.9,10.26,11.62,15970.0,16920.0,18510.0,21340.0,24170.0,,
2015,0024780,"Greenville, NC",metro,39-9011,Childcare Workers,400.0,9.67,20110.0,7.86,8.41,9.33,10.93,12.5,16360.0,17500.0,19410.0,22740.0,26010.0,,
2015,0024860,"Greenville-Anderson-Mauldin, SC",metro,39-9011,Childcare Workers,890.0,8.37,17410.0,7.58,7.91,8.46,9.01,9.4,15760.0,16440.0,17590.0,18740.0,19560.0,,
2015,0025060,"Gulfport-Biloxi-Pascagoula, MS",metro,39-9011,Childcare Workers,570.0,8.82,18350.0,7.75,8.15,8.82,9.49,10.91,16120.0,16960.0,18350.0,19740.0,22700.0,,
2015,0025180,"Hagerstown-Martinsburg, MD-WV",metro,39-9011,Childcare Workers,550.0,10.35,21530.0,8.26,8.65,9.31,11.6,14.27,17180.0,17990.0,19360.0,24130.0,29670.0,,
2015,0025220,"Hammond, LA",metro,39-9011,Childcare Workers,370.0,9.01,18730.0,7.79,8.26,9.04,10.05,11.15,16200.0,17170.0,18790.0,20910.0,23190.0,,
2015,0025260,"Hanford-Corcoran, CA",metro,39-9011,Childcare Workers,,10.4,21620.0,9.13,9.23,9.81,11.18,12.49,18990.0,19190.0,20400.0,23250.0,25980.0,,
2015,0025420,"Harrisburg-Carlisle, PA",metro,39-9011,Childcare Workers,1090.0,10.18,21170.0,7.88,8.67,10.08,11.46,13.27,16390.0,18030.0,20960.0,23830.0,27610.0,,
2015,0025500,"Harrisonburg, VA",metro,39-9011,Childcare Workers,210.0,9.38,19510.0,7.64,8.11,8.88,10.51,12.55,15890.0,16860.0,18470.0,21850.0,26110.0,,
2015,0025620,"Hattiesburg, MS",metro,39-9011,Childcare Workers,420.0,8.65,17990.0,7.64,8.01,8.63,9.25,10.72,15880.0,16660.0,17950.0,19240.0,22300.0,,
2015,0025860,"Hickory-Lenoir-Morganton, NC",metro,39-9011,Childcare Workers,700.0,9.67,20110.0,7.76,8.26,9.08,10.6,11.81,16140.0,17170.0,18890.0,22040.0,24570.0,,
2015,0025940,"Hilton Head Island-Bluffton-Beaufort, SC",metro,39-9011,Childcare Workers,210.0,9.72,20210.0,7.86,8.38,9.25,10.71,12.27,16350.0,17440.0,19250.0,22280.0,25530.0,,
2015,0025980,"Hinesville, GA",metro,39-9011,Childcare Workers,150.0,8.55,17770.0,7.69,8.02,8.57,9.12,9.46,16000.0,16680.0,17830.0,18970.0,19680.0,,
2015,0026140,"Homosassa Springs, FL",metro,39-9011,Childcare Workers,190.0,9.21,19160.0,8.26,8.52,8.96,9.45,11.01,17170.0,17720.0,18640.0,19660.0,22890.0,,
2015,0026300,"Hot Springs, AR",metro,39-9011,Childcare Workers,130.0,8.62,17930.0,7.72,8.04,8.58,9.12,9.84,16060.0,16730.0,17850.0,18960.0,20470.0,,
2015,0026380,"Houma-Thibodaux, LA",metro,39-9011,Childcare Workers,230.0,8.93,18570.0,7.64,8.02,8.67,9.32,11.61,15890.0,16690.0,18030.0,19380.0,24140.0,,
2015,0026420,"Houston-The Woodlands-Sugar Land, TX",metro,39-9011,Childcare Workers,13510.0,9.65,20080.0,7.77,8.29,9.15,10.83,12.6,16160.0,17240.0,19040.0,22530.0,26200.0,,
2015,0026580,"Huntington-Ashland, WV-KY-OH",metro,39-9011,Childcare Workers,600.0,9.19,19120.0,8.13,8.4,8.86,9.35,11.01,16900.0,17470.0,18420.0,19450.0,22900.0,,
2015,0026620,"Huntsville, AL",metro,39-9011,Childcare Workers,770.0,8.92,18550.0,7.73,8.15,8.86,9.6,11.14,16080.0,16960.0,18420.0,19970.0,23180.0,,
2015,0026820,"Idaho Falls, ID",metro,39-9011,Childcare Workers,210.0,9.15,19030.0,7.72,8.21,9.01,10.37,11.4,16060.0,17070.0,18740.0,21570.0,23720.0,,
2015,0026900,"Indianapolis-Carmel-Anderson, IN",metro,39-9011,Childcare Workers,4410.0,9.95,20690.0,7.96,8.76,9.96,11.12,11.84,16560.0,18230.0,20720.0,23140.0,24630.0,,
2015,0026980,"Iowa City, IA",metro,39-9011,Childcare Workers,770.0,9.83,20450.0,7.9,8.68,9.86,11.01,11.7,16440.0,18050.0,20510.0,22900.0,24340.0,,
2015,0027060,"Ithaca, NY",metro,39-9011,Childcare Workers,380.0,11.2,23300.0,9.22,9.73,10.81,12.05,14.23,19170.0,20230.0,22490.0,25060.0,29600.0,,
2015,0027100,"Jackson, MI",metro,39-9011,Childcare Workers,120.0,9.64,20050.0,8.38,8.64,9.06,9.88,12.2,17430.0,17960.0,18850.0,20550.0,25380.0,,
2015,0027140,"Jackson, MS",metro,39-9011,Childcare Workers,2230.0,9.02,18760.0,7.69,8.11,8.81,9.76,11.48,15990.0,16870.0,18330.0,20300.0,23890.0,,
2015,0027180,"Jackson, TN",metro,39-9011,Childcare Workers,300.0,9.39,19530.0,7.7,8.15,8.91,10.4,12.59,16010.0,16960.0,18530.0,21630.0,26180.0,,
2015,0027260,"Jacksonville, FL",metro,39-9011,Childcare Workers,2630.0,9.96,20710.0,8.39,8.85,9.62,10.9,11.67,17450.0,18410.0,20020.0,22680.0,24280.0,,
2015,0027340,"Jacksonville, NC",metro,39-9011,Childcare Workers,530.0,9.24,19230.0,7.74,8.19,8.93,10.23,12.0,16090.0,17030.0,18580.0,21280.0,24970.0,,
2015,0027500,"Janesville-Beloit, WI",metro,39-9011,Childcare Workers,60.0,9.71,20200.0,7.79,8.24,8.99,10.29,13.46,16200.0,17140.0,18700.0,21410.0,27990.0,,
2015,0027620,"Jefferson City, MO",metro,39-9011,Childcare Workers,620.0,10.03,20860.0,7.95,8.39,9.12,11.19,14.01,16540.0,17450.0,18980.0,23270.0,29140.0,,
2015,0027740,"Johnson City, TN",metro,39-9011,Childcare Workers,280.0,8.56,17800.0,7.63,7.96,8.52,9.08,9.47,15860.0,16560.0,17720.0,18880.0,19700.0,,
2015,0027780,"Johnstown, PA",metro,39-9011,Childcare Workers,330.0,9.13,18990.0,7.75,8.18,8.88,9.79,11.63,16130.0,17000.0,18460.0,20360.0,24190.0,,
2015,0027860,"Jonesboro, AR",metro,39-9011,Childcare Workers,,9.06,18850.0,7.78,8.17,8.82,9.51,11.43,16180.0,17000.0,18350.0,19780.0,23770.0,,
2015,0027900,"Joplin, MO",metro,39-9011,Childcare Workers,390.0,8.89,18500.0,7.86,8.17,8.69,9.2,10.45,16350.0,17000.0,18070.0,19140.0,21740.0,,
2015,0027980,"Kahului-Wailuku-Lahaina, HI",metro,39-9011,Childcare Workers,,11.58,24090.0,8.19,8.86,10.9,14.03,16.75,17040.0,18420.0,22670.0,29180.0,34830.0,,
2015,0028020,"Kalamazoo-Portage, MI",metro,39-9011,Childcare Workers,850.0,9.32,19380.0,8.35,8.58,8.97,9.39,11.03,17360.0,17850.0,18650.0,19530.0,22940.0,,
2015,0028100,"Kankakee, IL",metro,39-9011,Childcare Workers,210.0,10.98,22840.0,8.65,9.16,10.44,11.77,14.64,18000.0,19050.0,21720.0,24470.0,30450.0,,
2015,0028140,"Kansas City, MO-KS",metro,39-9011,Childcare Workers,4930.0,9.66,20100.0,7.88,8.34,9.1,10.64,12.27,16380.0,17340.0,18930.0,22130.0,25530.0,,
2015,0028420,"Kennewick-Richland, WA",metro,39-9011,Childcare Workers,430.0,10.92,22710.0,9.53,9.82,10.6,11.39,12.58,19830.0,20420.0,22050.0,23690.0,26160.0,,
2015,0028660,"Killeen-Temple, TX",metro,39-9011,Childcare Workers,940.0,8.52,17730.0,7.63,7.97,8.53,9.1,9.54,15870.0,16580.0,17750.0,18920.0,19830.0,,
2015,0028700,"Kingsport-Bristol-Bristol, TN-VA",metro,39-9011,Childcare Workers,320.0,8.53,17730.0,7.63,7.99,8.59,9.18,10.17,15880.0,16620.0,17860.0,19100.0,21150.0,,
2015,0028740,"Kingston, NY",metro,39-9011,Childcare Workers,280.0,10.74,22330.0,8.95,9.26,10.07,11.54,13.86,18620.0,19250.0,20950.0,23990.0,28820.0,,
2015,0028940,"Knoxville, TN",metro,39-9011,Childcare Workers,1140.0,8.69,18070.0,7.64,7.99,8.57,9.14,10.01,15890.0,16610.0,17820.0,19020.0,20810.0,,
2015,0029020,"Kokomo, IN",metro,39-9011,Childcare Workers,100.0,9.72,20230.0,7.96,8.77,10.01,11.0,11.6,16560.0,18240.0,20830.0,22890.0,24130.0,,
2015,0029100,"La Crosse-Onalaska, WI-MN",metro,39-9011,Childcare Workers,510.0,8.89,18500.0,7.71,8.1,8.74,9.37,11.35,16030.0,16850.0,18170.0,19490.0,23620.0,,
2015,0029180,"Lafayette, LA",metro,39-9011,Childcare Workers,1320.0,9.59,19960.0,7.74,8.21,8.99,10.66,13.41,16100.0,17080.0,18700.0,22180.0,27890.0,,
2015,0029200,"Lafayette-West Lafayette, IN",metro,39-9011,Childcare Workers,370.0,9.79,20360.0,7.87,8.38,9.23,11.23,13.64,16370.0,17430.0,19190.0,23360.0,28370.0,,
2015,0029340,"Lake Charles, LA",metro,39-9011,Childcare Workers,280.0,8.45,17570.0,7.63,7.98,8.55,9.12,9.72,15880.0,16590.0,17780.0,18980.0,20210.0,,
2015,0029404,"Lake County-Kenosha County, IL-WI Metropolitan Division",metro,39-9011,Childcare Workers,1470.0,10.94,22760.0,8.54,9.16,10.55,12.25,14.35,17760.0,19050.0,21940.0,25470.0,29850.0,,
2015,0029420,"Lake Havasu City-Kingman, AZ",metro,39-9011,Childcare Workers,100.0,9.59,19950.0,8.3,8.66,9.25,10.47,11.58,17270.0,18010.0,19240.0,21770.0,24080.0,,
2015,0029460,"Lakeland-Winter Haven, FL",metro,39-9011,Childcare Workers,660.0,9.27,19290.0,8.26,8.53,8.98,9.49,11.11,17190.0,17750.0,18680.0,19740.0,23110.0,,
2015,0029540,"Lancaster, PA",metro,39-9011,Childcare Workers,870.0,9.96,20720.0,7.84,8.49,9.59,11.2,13.13,16320.0,17650.0,19950.0,23290.0,27310.0,,
2015,0029620,"Lansing-East Lansing, MI",metro,39-9011,Childcare Workers,660.0,10.46,21760.0,8.39,8.69,9.2,11.03,15.82,17450.0,18080.0,19140.0,22940.0,32910.0,,
2015,0029700,"Laredo, TX",metro,39-9011,Childcare Workers,580.0,9.2,19130.0,7.68,8.14,8.9,10.31,11.74,15980.0,16930.0,18510.0,21440.0,24410.0,,
2015,0029740,"Las Cruces, NM",metro,39-9011,Childcare Workers,510.0,9.21,19150.0,7.92,8.28,8.89,9.63,11.98,16470.0,17230.0,18490.0,20020.0,24910.0,,
2015,0029820,"Las Vegas-Henderson-Paradise, NV",metro,39-9011,Childcare Workers,1410.0,10.15,21110.0,7.83,8.46,9.59,11.46,13.74,16280.0,17600.0,19950.0,23850.0,28570.0,,
2015,0029940,"Lawrence, KS",metro,39-9011,Childcare Workers,410.0,9.23,19200.0,7.73,8.25,9.12,10.46,11.42,16070.0,17160.0,18970.0,21760.0,23750.0,,
2015,0030020,"Lawton, OK",metro,39-9011,Childcare Workers,230.0,9.1,18930.0,7.68,8.17,8.99,10.34,11.34,15980.0,17000.0,18690.0,21510.0,23590.0,,
2015,0030140,"Lebanon, PA",metro,39-9011,Childcare Workers,270.0,10.17,21160.0,7.96,8.76,9.99,11.22,12.61,16560.0,18220.0,20790.0,23330.0,26240.0,,
2015,0030300,"Lewiston, ID-WA",metro,39-9011,Childcare Workers,90.0,10.27,21370.0,8.97,9.53,10.27,11.23,11.81,18650.0,19820.0,21370.0,23360.0,24560.0,,
2015,0030460,"Lexington-Fayette, KY",metro,39-9011,Childcare Workers,1920.0,9.8,20390.0,7.78,8.32,9.23,11.23,13.5,16180.0,17310.0,19190.0,23360.0,28090.0,,
2015,0030620,"Lima, OH",metro,39-9011,Childcare Workers,310.0,10.21,21240.0,8.39,8.8,9.51,11.08,13.12,17440.0,18300.0,19780.0,23050.0,27300.0,,
2015,0030700,"Lincoln, NE",metro,39-9011,Childcare Workers,1000.0,10.06,20930.0,8.34,8.85,9.8,11.07,11.88,17350.0,18420.0,20380.0,23030.0,24700.0,,
2015,0030780,"Little Rock-North Little Rock-Conway, AR",metro,39-9011,Childcare Workers,2680.0,9.3,19350.0,7.83,8.31,9.1,10.32,11.45,16300.0,17290.0,18940.0,21460.0,23820.0,,
2015,0030860,"Logan, UT-ID",metro,39-9011,Childcare Workers,240.0,10.58,22010.0,7.94,8.71,10.17,11.76,14.02,16520.0,18110.0,21150.0,24470.0,29160.0,,
2015,0030980,"Longview, TX",metro,39-9011,Childcare Workers,320.0,8.4,17470.0,7.59,7.91,8.46,9.01,9.43,15780.0,16460.0,17600.0,18740.0,19610.0,,
2015,0031020,"Longview, WA",metro,39-9011,Childcare Workers,110.0,10.78,22420.0,9.53,9.55,10.27,11.63,13.4,19830.0,19870.0,21360.0,24200.0,27880.0,,
2015,0031084,"Los Angeles-Long Beach-Glendale, CA Metropolitan Division",metro,39-9011,Childcare Workers,14230.0,12.06,25080.0,9.23,9.58,11.35,13.8,16.51,19200.0,19920.0,23600.0,28710.0,34340.0,,
2015,0031140,"Louisville/Jefferson County, KY-IN",metro,39-9011,Childcare Workers,4150.0,10.23,21280.0,7.76,8.26,9.1,11.4,15.58,16140.0,17190.0,18930.0,23710.0,32420.0,,
2015,0031180,"Lubbock, TX",metro,39-9011,Childcare Workers,920.0,8.94,18600.0,7.73,8.16,8.87,9.7,11.19,16090.0,16970.0,18440.0,20180.0,23280.0,,
2015,0031340,"Lynchburg, VA",metro,39-9011,Childcare Workers,370.0,9.08,18880.0,7.69,8.17,8.96,10.17,11.28,16000.0,16990.0,18640.0,21150.0,23450.0,,
2015,0031420,"Macon, GA",metro,39-9011,Childcare Workers,320.0,8.58,17840.0,7.71,8.06,8.64,9.21,9.66,16040.0,16760.0,17960.0,19160.0,20090.0,,
2015,0031460,"Madera, CA",metro,39-9011,Childcare Workers,,11.56,24050.0,9.13,9.33,11.21,13.34,14.69,18980.0,19410.0,23320.0,27740.0,30550.0,,
2015,0031540,"Madison, WI",metro,39-9011,Childcare Workers,840.0,11.86,24670.0,8.3,9.61,11.14,13.82,17.21,17270.0,19980.0,23180.0,28740.0,35800.0,,
2015,0031740,"Manhattan, KS",metro,39-9011,Childcare Workers,70.0,9.74,20260.0,7.81,8.26,9.02,10.23,12.36,16240.0,17180.0,18760.0,21270.0,25710.0,,
2015,0031860,"Mankato-North Mankato, MN",metro,39-9011,Childcare Workers,230.0,10.17,21150.0,8.23,8.51,8.99,10.85,14.72,17110.0,17700.0,18690.0,22580.0,30620.0,,
2015,0031900,"Mansfield, OH",metro,39-9011,Childcare Workers,160.0,9.68,20140.0,8.29,8.56,9.02,10.03,11.95,17240.0,17810.0,18750.0,20850.0,24860.0,,
2015,0032420,"Mayaguez, PR",metro,39-9011,Childcare Workers,,8.19,17040.0,7.65,7.96,8.47,8.99,9.31,15910.0,16560.0,17620.0,18690.0,19360.0,,
2015,0032580,"McAllen-Edinburg-Mission, TX",metro,39-9011,Childcare Workers,1280.0,9.13,18980.0,7.74,8.15,8.85,9.62,11.48,16090.0,16960.0,18410.0,20010.0,23880.0,,
2015,0032780,"Medford, OR",metro,39-9011,Childcare Workers,230.0,13.47,28020.0,9.36,9.48,10.77,15.19,25.18,19480.0,19710.0,22410.0,31600.0,52380.0,,
2015,0032820,"Memphis, TN-MS-AR",metro,39-9011,Childcare Workers,2770.0,9.46,19680.0,7.7,8.11,8.8,9.63,12.7,16010.0,16870.0,18310.0,20020.0,26410.0,,
2015,0032900,"Merced, CA",metro,39-9011,Childcare Workers,150.0,11.31,23530.0,9.21,9.42,10.57,12.81,14.74,19160.0,19600.0,21990.0,26640.0,30670.0,,
2015,0033124,"Miami-Miami Beach-Kendall, FL Metropolitan Division",metro,39-9011,Childcare Workers,6250.0,10.29,21410.0,8.32,8.69,9.32,11.36,13.72,17300.0,18070.0,19380.0,23620.0,28530.0,,
2015,0033140,"Michigan City-La Porte, IN",metro,39-9011,Childcare Workers,170.0,9.45,19650.0,7.75,8.17,8.87,9.61,11.49,16120.0,17000.0,18450.0,19990.0,23900.0,,
2015,0033220,"Midland, MI",metro,39-9011,Childcare Workers,310.0,9.79,20370.0,8.4,8.7,9.22,10.72,11.81,17460.0,18100.0,19170.0,22300.0,24570.0,,
2015,0033260,"Midland, TX",metro,39-9011,Childcare Workers,340.0,10.67,22200.0,7.98,8.73,10.02,11.89,15.6,16600.0,18160.0,20840.0,24730.0,32440.0,,
2015,0033340,"Milwaukee-Waukesha-West Allis, WI",metro,39-9011,Childcare Workers,2280.0,10.6,22060.0,8.03,8.94,10.39,11.75,14.07,16710.0,18600.0,21620.0,24440.0,29260.0,,
2015,0033460,"Minneapolis-St. Paul-Bloomington, MN-WI",metro,39-9011,Childcare Workers,6960.0,11.6,24130.0,8.59,9.46,11.3,13.42,14.82,17870.0,19670.0,23510.0,27920.0,30820.0,,
2015,0033540,"Missoula, MT",metro,39-9011,Childcare Workers,480.0,9.39,19540.0,8.22,8.46,8.87,9.31,11.56,17090.0,17600.0,18440.0,19360.0,24040.0,,
2015,0033660,"Mobile, AL",metro,39-9011,Childcare Workers,940.0,8.92,18560.0,7.68,8.09,8.76,9.51,11.22,15980.0,16820.0,18220.0,19780.0,23340.0,,
2015,0033700,"Modesto, CA",metro,39-9011,Childcare Workers,830.0,11.96,24870.0,9.2,9.46,11.57,13.71,14.93,19140.0,19670.0,24070.0,28510.0,31060.0,,
2015,0033740,"Monroe, LA",metro,39-9011,Childcare Workers,340.0,8.8,18300.0,7.74,8.11,8.72,9.33,10.69,16090.0,16860.0,18140.0,19410.0,22240.0,,
2015,0033780,"Monroe, MI",metro,39-9011,Childcare Workers,190.0,10.12,21040.0,8.41,8.75,9.35,10.82,11.94,17500.0,18200.0,19450.0,22520.0,24830.0,,
2015,0033860,"Montgomery, AL",metro,39-9011,Childcare Workers,670.0,8.92,18560.0,7.7,8.11,8.79,9.5,11.28,16020.0,16860.0,18270.0,19770.0,23460.0,,
2015,0033874,"Montgomery County-Bucks County-Chester County, PA Metropolitan Division",metro,39-9011,Childcare Workers,3940.0,10.52,21870.0,7.84,8.55,9.96,11.79,14.22,16310.0,17780.0,20720.0,24520.0,29580.0,,
2015,0034060,"Morgantown, WV",metro,39-9011,Childcare Workers,270.0,9.18,19090.0,8.17,8.44,8.87,9.36,10.99,17000.0,17540.0,18450.0,19460.0,22850.0,,
2015,0034580,"Mount Vernon-Anacortes, WA",metro,39-9011,Childcare Workers,110.0,10.79,22440.0,9.54,9.62,10.48,11.4,12.75,19840.0,20000.0,21800.0,23710.0,26520.0,,
2015,0034620,"Muncie, IN",metro,39-9011,Childcare Workers,430.0,9.31,19370.0,7.69,8.21,9.08,10.5,11.57,16000.0,17090.0,18890.0,21850.0,24070.0,,
2015,0034740,"Muskegon, MI",metro,39-9011,Childcare Workers,270.0,10.4,21630.0,8.67,9.36,10.32,11.31,12.12,18020.0,19470.0,21460.0,23530.0,25200.0,,
2015,0034820,"Myrtle Beach-Conway-North Myrtle Beach, SC-NC",metro,39-9011,Childcare Workers,440.0,9.96,20730.0,8.09,9.01,10.04,11.15,11.82,16830.0,18730.0,20870.0,23180.0,24590.0,,
2015,0034900,"Napa, CA",metro,39-9011,Childcare Workers,160.0,11.83,24600.0,9.16,9.42,11.62,13.71,14.97,19040.0,19600.0,24170.0,28520.0,31130.0,,
2015,0034940,"Naples-Immokalee-Marco Island, FL",metro,39-9011,Childcare Workers,490.0,11.09,23070.0,8.52,9.17,10.7,12.76,14.37,17720.0,19060.0,22260.0,26540.0,29880.0,,
2015,0034980,"Nashville-Davidson--Murfreesboro--Franklin, TN",metro,39-9011,Childcare Workers,3210.0,11.07,23030.0,7.91,8.7,10.26,12.42,16.78,16450.0,18090.0,21330.0,25830.0,34900.0,,
2015,0035004,"Nassau County-Suffolk County, NY Metropolitan Division",metro,39-9011,Childcare Workers,6280.0,13.59,28270.0,9.1,9.96,12.98,15.72,19.31,18920.0,20720.0,27010.0,32700.0,40160.0,,
2015,0035084,"Newark, NJ-PA Metropolitan Division",metro,39-9011,Childcare Workers,5340.0,11.49,23890.0,8.68,9.07,10.23,13.15,16.59,18050.0,18860.0,21280.0,27350.0,34520.0,,
2015,0035100,"New Bern, NC",metro,39-9011,Childcare Workers,270.0,8.82,18350.0,7.77,8.17,8.83,9.5,10.99,16150.0,16990.0,18370.0,19760.0,22850.0,,
2015,0035380,"New Orleans-Metairie, LA",metro,39-9011,Childcare Workers,1680.0,9.72,20220.0,7.79,8.37,9.38,10.95,11.93,16200.0,17410.0,19500.0,22770.0,24810.0,,
2015,0035614,"New York-Jersey City-White Plains, NY-NJ Metropolitan Division",metro,39-9011,Childcare Workers,31020.0,12.97,26970.0,9.04,9.87,12.79,15.08,17.68,18800.0,20530.0,26600.0,31360.0,36770.0,,
2015,0035660,"Niles-Benton Harbor, MI",metro,39-9011,Childcare Workers,160.0,10.59,22030.0,8.48,8.9,9.94,12.36,13.97,17650.0,18510.0,20670.0,25700.0,29060.0,,
2015,0035840,"North Port-Sarasota-Bradenton, FL",metro,39-9011,Childcare Workers,960.0,11.61,24140.0,8.45,9.01,11.18,13.7,15.9,17570.0,18740.0,23260.0,28490.0,33080.0,,
2015,0036084,"Oakland-Hayward-Berkeley, CA Metropolitan Division",metro,39-9011,Childcare Workers,3690.0,12.84,26710.0,9.28,9.8,12.16,15.54,17.73,19290.0,20370.0,25290.0,32330.0,36870.0,,
2015,0036100,"Ocala, FL",metro,39-9011,Childcare Workers,390.0,10.79,22450.0,8.39,8.85,9.81,11.63,15.95,17460.0,18400.0,20410.0,24190.0,33170.0,,
2015,0036140,"Ocean City, NJ",metro,39-9011,Childcare Workers,60.0,12.03,25020.0,9.8,10.43,11.46,13.52,15.33,20390.0,21680.0,23840.0,28120.0,31890.0,,
2015,0036220,"Odessa, TX",metro,39-9011,Childcare Workers,520.0,9.51,19780.0,7.82,8.37,9.29,10.67,11.68,16270.0,17410.0,19320.0,22190.0,24290.0,,
2015,0036260,"Ogden-Clearfield, UT",metro,39-9011,Childcare Workers,1200.0,9.08,18890.0,7.68,8.04,8.65,9.26,12.35,15970.0,16730.0,18000.0,19270.0,25690.0,,
2015,0036420,"Oklahoma City, OK",metro,39-9011,Childcare Workers,3360.0,9.19,19120.0,7.67,8.12,8.86,10.17,11.74,15960.0,16880.0,18430.0,21150.0,24420.0,,
2015,0036500,"Olympia-Tumwater, WA",metro,39-9011,Childcare Workers,120.0,10.89,22650.0,9.6,9.98,10.72,11.45,12.51,19970.0,20760.0,22290.0,23820.0,26020.0,,
2015,0036540,"Omaha-Council Bluffs, NE-IA",metro,39-9011,Childcare Workers,3760.0,10.18,21160.0,8.34,8.88,9.95,11.23,12.37,17340.0,18480.0,20700.0,23350.0,25720.0,,
2015,0036740,"Orlando-Kissimmee-Sanford, FL",metro,39-9011,Childcare Workers,3870.0,9.96,20730.0,8.39,8.84,9.61,10.95,11.76,17450.0,18380.0,19980.0,22770.0,24450.0,,
2015,0036780,"Oshkosh-Neenah, WI",metro,39-9011,Childcare Workers,280.0,9.13,18990.0,7.74,8.18,8.92,10.04,11.43,16100.0,17020.0,18560.0,20870.0,23780.0,,
2015,0036980,"Owensboro, KY",metro,39-9011,Childcare Workers,410.0,9.52,19810.0,7.8,8.33,9.21,10.8,12.3,16220.0,17330.0,19170.0,22470.0,25590.0,,
2015,0037100,"Oxnard-Thousand Oaks-Ventura, CA",metro,39-9011,Childcare Workers,1760.0,12.12,25200.0,9.2,10.01,11.64,13.76,16.05,19140.0,20830.0,24210.0,28620.0,33370.0,,
2015,0037340,"Palm Bay-Melbourne-Titusville, FL",metro,39-9011,Childcare Workers,760.0,10.4,21620.0,8.44,8.99,10.09,11.41,13.3,17560.0,18700.0,20990.0,23730.0,27650.0,,
2015,0037460,"Panama City, FL",metro,39-9011,Childcare Workers,210.0,10.33,21480.0,8.42,8.91,9.87,11.44,13.29,17510.0,18520.0,20540.0,23800.0,27650.0,,
2015,0037620,"Parkersburg-Vienna, WV",metro,39-9011,Childcare Workers,150.0,9.15,19030.0,8.17,8.44,8.87,9.32,10.7,17000.0,17550.0,18450.0,19380.0,22260.0,,
2015,0037860,"Pensacola-Ferry Pass-Brent, FL",metro,39-9011,Childcare Workers,780.0,9.6,19970.0,8.28,8.55,9.02,9.51,11.77,17220.0,17790.0,18750.0,19780.0,24480.0,,
2015,0037900,"Peoria, IL",metro,39-9011,Childcare Workers,610.0,10.54,21910.0,8.69,9.02,9.61,11.41,13.73,18070.0,18750.0,20000.0,23740.0,28550.0,,
2015,0037964,"Philadelphia, PA Metropolitan Division",metro,39-9011,Childcare Workers,5600.0,10.54,21920.0,7.88,8.61,9.96,11.5,14.76,16390.0,17900.0,20720.0,23910.0,30700.0,,
2015,0038060,"Phoenix-Mesa-Scottsdale, AZ",metro,39-9011,Childcare Workers,5320.0,10.28,21390.0,8.38,8.86,9.73,11.33,13.21,17440.0,18430.0,20230.0,23570.0,27490.0,,
2015,0038220,"Pine Bluff, AR",metro,39-9011,Childcare Workers,90.0,8.48,17630.0,7.7,8.0,8.49,8.99,9.28,16010.0,16630.0,17660.0,18690.0,19310.0,,
2015,0038300,"Pittsburgh, PA",metro,39-9011,Childcare Workers,3280.0,10.27,21370.0,7.9,8.58,9.68,11.31,13.64,16430.0,17840.0,20130.0,23520.0,28380.0,,
2015,0038540,"Pocatello, ID",metro,39-9011,Childcare Workers,200.0,8.93,18570.0,7.66,8.03,8.66,9.29,11.95,15930.0,16710.0,18020.0,19320.0,24860.0,,
2015,0038660,"Ponce, PR",metro,39-9011,Childcare Workers,90.0,8.4,17460.0,7.64,7.98,8.55,9.11,9.53,15890.0,16600.0,17770.0,18950.0,19830.0,,
2015,0038900,"Portland-Vancouver-Hillsboro, OR-WA",metro,39-9011,Childcare Workers,3200.0,12.14,25250.0,9.41,9.86,11.08,12.91,14.81,19570.0,20500.0,23050.0,26850.0,30810.0,,
2015,0038940,"Port St. Lucie, FL",metro,39-9011,Childcare Workers,580.0,10.26,21350.0,8.38,8.83,9.8,11.37,13.18,17430.0,18360.0,20380.0,23640.0,27420.0,,
2015,0039140,"Prescott, AZ",metro,39-9011,Childcare Workers,120.0,10.32,21480.0,8.43,8.98,10.07,11.34,12.93,17530.0,18680.0,20950.0,23580.0,26900.0,,
2015,0039340,"Provo-Orem, UT",metro,39-9011,Childcare Workers,710.0,9.57,19910.0,7.74,8.31,9.27,10.82,11.8,16090.0,17290.0,19280.0,22510.0,24540.0,,
2015,0039380,"Pueblo, CO",metro,39-9011,Childcare Workers,180.0,10.52,21880.0,8.43,8.72,9.22,11.04,15.85,17530.0,18150.0,19180.0,22960.0,32970.0,,
2015,0039460,"Punta Gorda, FL",metro,39-9011,Childcare Workers,60.0,10.83,22520.0,8.4,8.86,9.84,12.34,14.95,17470.0,18430.0,20460.0,25660.0,31100.0,,
2015,0039540,"Racine, WI",metro,39-9011,Childcare Workers,210.0,9.59,19940.0,7.76,8.22,8.97,10.46,13.66,16150.0,17090.0,18660.0,21770.0,28420.0,,
2015,0039580,"Raleigh, NC",metro,39-9011,Childcare Workers,3280.0,9.96,20720.0,7.86,8.46,9.49,11.26,13.37,16340.0,17600.0,19730.0,23430.0,27800.0,,
2015,0039660,"Rapid City, SD",metro,39-9011,Childcare Workers,330.0,9.87,20530.0,8.65,8.87,9.25,10.63,12.09,17990.0,18460.0,19230.0,22110.0,25140.0,,
2015,0039740,"Reading, PA",metro,39-9011,Childcare Workers,410.0,9.34,19420.0,7.74,8.18,8.92,10.09,11.87,16100.0,17020.0,18560.0,20980.0,24690.0,,
2015,0039820,"Redding, CA",metro,39-9011,Childcare Workers,400.0,11.99,24940.0,9.23,10.11,11.72,13.69,14.97,19210.0,21030.0,24380.0,28470.0,31130.0,,
2015,0039900,"Reno, NV",metro,39-9011,Childcare Workers,590.0,12.16,25290.0,8.39,9.92,12.35,13.91,14.93,17460.0,20630.0,25690.0,28930.0,31060.0,,
2015,0040060,"Richmond, VA",metro,39-9011,Childcare Workers,2740.0,9.44,19630.0,7.72,8.18,8.93,10.3,11.95,16060.0,17000.0,18580.0,21420.0,24860.0,,
2015,0040140,"Riverside-San Bernardino-Ontario, CA",metro,39-9011,Childcare Workers,6340.0,12.77,26570.0,9.19,9.51,11.2,14.14,18.37,19110.0,19780.0,23300.0,29420.0,38220.0,,
2015,0040220,"Roanoke, VA",metro,39-9011,Childcare Workers,510.0,9.44,19640.0,7.71,8.14,8.86,10.32,13.43,16030.0,16930.0,18430.0,21460.0,27940.0,,
2015,0040340,"Rochester, MN",metro,39-9011,Childcare Workers,490.0,10.57,21990.0,8.4,8.91,10.09,11.45,13.69,17460.0,18540.0,20990.0,23820.0,28480.0,,
2015,0040380,"Rochester, NY",metro,39-9011,Childcare Workers,2130.0,10.7,22250.0,8.9,9.13,9.65,11.26,13.49,18520.0,18990.0,20060.0,23420.0,28060.0,,
2015,0040420,"Rockford, IL",metro,39-9011,Childcare Workers,390.0,9.8,20390.0,8.68,8.9,9.26,9.93,12.06,18060.0,18510.0,19250.0,20650.0,25080.0,,
2015,0040580,"Rocky Mount, NC",metro,39-9011,Childcare Workers,400.0,8.62,17920.0,7.63,7.97,8.54,9.11,9.54,15870.0,16580.0,17760.0,18950.0,19840.0,,
2015,0040660,"Rome, GA",metro,39-9011,Childcare Workers,100.0,,,,,,,,,,,,,*,*
2015,0040900,"Sacramento--Roseville--Arden-Arcade, CA",metro,39-9011,Childcare Workers,3080.0,12.14,25250.0,9.26,9.65,11.43,13.85,16.52,19250.0,20070.0,23770.0,28800.0,34360.0,,
2015,0040980,"Saginaw, MI",metro,39-9011,Childcare Workers,,9.71,20190.0,8.38,8.67,9.15,10.54,12.12,17420.0,18030.0,19040.0,21930.0,25210.0,,
2015,0041060,"St. Cloud, MN",metro,39-9011,Childcare Workers,280.0,10.06,20930.0,8.31,8.68,9.3,10.99,13.47,17280.0,18060.0,19350.0,22860.0,28010.0,,
2015,0041100,"St. George, UT",metro,39-9011,Childcare Workers,200.0,9.87,20530.0,7.78,8.41,9.58,11.36,13.14,16190.0,17500.0,19920.0,23620.0,27330.0,,
2015,0041140,"St. Joseph, MO-KS",metro,39-9011,Childcare Workers,110.0,9.0,18730.0,7.88,8.22,8.78,9.35,10.92,16400.0,17100.0,18270.0,19460.0,22700.0,,
2015,0041180,"St. Louis, MO-IL",metro,39-9011,Childcare Workers,6310.0,10.29,21400.0,8.09,8.67,9.5,11.4,13.88,16820.0,18030.0,19750.0,23710.0,28880.0,,
2015,0041420,"Salem, OR",metro,39-9011,Childcare Workers,380.0,10.38,21580.0,9.29,9.36,9.75,10.97,11.7,19330.0,19480.0,20280.0,22810.0,24330.0,,
2015,0041500,"Salinas, CA",metro,39-9011,Childcare Workers,430.0,12.64,26280.0,9.2,9.54,12.12,14.96,17.59,19130.0,19850.0,25210.0,31110.0,36580.0,,
2015,0041540,"Salisbury, MD-DE",metro,39-9011,Childcare Workers,420.0,9.89,20580.0,8.21,8.57,9.17,10.76,12.89,17070.0,17820.0,19070.0,22380.0,26810.0,,
2015,0041620,"Salt Lake City, UT",metro,39-9011,Childcare Workers,2690.0,11.47,23860.0,8.0,8.84,10.42,12.45,15.74,16640.0,18390.0,21670.0,25890.0,32740.0,,
2015,0041660,"San Angelo, TX",metro,39-9011,Childcare Workers,350.0,8.72,18140.0,7.67,8.03,8.64,9.26,10.88,15950.0,16710.0,17980.0,19250.0,22630.0,,
2015,0041700,"San Antonio-New Braunfels, TX",metro,39-9011,Childcare Workers,4530.0,10.21,21230.0,7.82,8.43,9.43,11.4,14.46,16270.0,17530.0,19610.0,23720.0,30070.0,,
2015,0041740,"San Diego-Carlsbad, CA",metro,39-9011,Childcare Workers,5620.0,12.29,25560.0,9.38,10.34,11.88,13.98,15.94,19520.0,21500.0,24700.0,29080.0,33160.0,,
2015,0041884,"San Francisco-Redwood City-South San Francisco, CA Metropolitan Division",metro,39-9011,Childcare Workers,3420.0,14.13,29390.0,9.47,10.83,13.99,17.17,18.74,19700.0,22520.0,29090.0,35710.0,38990.0,,
2015,0041900,"San German, PR",metro,39-9011,Childcare Workers,40.0,8.38,17430.0,7.51,7.85,8.42,9.0,9.72,15620.0,16330.0,17520.0,18710.0,20220.0,,
2015,0041940,"San Jose-Sunnyvale-Santa Clara, CA",metro,39-9011,Childcare Workers,2990.0,14.1,29320.0,9.32,10.91,14.16,17.06,18.66,19380.0,22690.0,29440.0,35480.0,38820.0,,
2015,0041980,"San Juan-Carolina-Caguas, PR",metro,39-9011,Childcare Workers,1430.0,8.29,17230.0,7.65,7.97,8.49,9.02,9.34,15910.0,16570.0,17660.0,18750.0,19430.0,,
2015,0042020,"San Luis Obispo-Paso Robles-Arroyo Grande, CA",metro,39-9011,Childcare Workers,320.0,11.94,24830.0,9.18,9.38,10.93,14.05,17.07,19100.0,19520.0,22730.0,29220.0,35510.0,,
2015,0042034,"San Rafael, CA Metropolitan Division",metro,39-9011,Childcare Workers,640.0,17.7,36810.0,10.78,15.51,17.45,20.24,24.78,22410.0,32260.0,36290.0,42110.0,51550.0,,
2015,0042100,"Santa Cruz-Watsonville, CA",metro,39-9011,Childcare Workers,460.0,13.4,27860.0,9.99,11.19,12.98,14.65,18.2,20770.0,23270.0,27010.0,30470.0,37860.0,,
2015,0042140,"Santa Fe, NM",metro,39-9011,Childcare Workers,190.0,12.91,26850.0,9.4,10.38,11.89,14.62,18.87,19550.0,21600.0,24730.0,30410.0,39250.0,,
2015,0042200,"Santa Maria-Santa Barbara, CA",metro,39-9011,Childcare Workers,670.0,13.94,29000.0,9.25,9.56,13.07,16.91,20.54,19230.0,19890.0,27190.0,35160.0,42720.0,,
2015,0042220,"Santa Rosa, CA",metro,39-9011,Childcare Workers,710.0,14.05,29230.0,9.68,11.53,13.52,16.06,18.48,20120.0,23990.0,28110.0,33410.0,38440.0,,
2015,0042340,"Savannah, GA",metro,39-9011,Childcare Workers,840.0,8.79,18290.0,7.7,8.07,8.69,9.3,10.95,16020.0,16790.0,18070.0,19350.0,22780.0,,
2015,0042540,"Scranton--Wilkes-Barre--Hazleton, PA",metro,39-9011,Childcare Workers,820.0,9.11,18950.0,7.74,8.16,8.85,9.62,11.53,16110.0,16970.0,18400.0,20010.0,23990.0,,
2015,0042644,"Seattle-Bellevue-Everett, WA Metropolitan Division",metro,39-9011,Childcare Workers,3330.0,12.76,26530.0,9.85,10.65,11.97,14.45,17.11,20480.0,22150.0,24900.0,30050.0,35590.0,,
2015,0042680,"Sebastian-Vero Beach, FL",metro,39-9011,Childcare Workers,100.0,11.36,23620.0,8.6,9.53,11.19,13.16,14.48,17900.0,19820.0,23270.0,27370.0,30120.0,,
2015,0042700,"Sebring, FL",metro,39-9011,Childcare Workers,170.0,10.28,21370.0,8.37,8.83,9.92,11.52,13.24,17410.0,18370.0,20620.0,23950.0,27540.0,,
2015,0043100,"Sheboygan, WI",metro,39-9011,Childcare Workers,150.0,9.3,19340.0,7.73,8.21,9.02,10.49,11.71,16080.0,17080.0,18760.0,21820.0,24360.0,,
2015,0043300,"Sherman-Denison, TX",metro,39-9011,Childcare Workers,140.0,8.75,18210.0,7.65,8.01,8.62,9.22,10.76,15910.0,16670.0,17920.0,19180.0,22390.0,,
2015,0043340,"Shreveport-Bossier City, LA",metro,39-9011,Childcare Workers,940.0,8.48,17630.0,7.64,7.97,8.52,9.06,9.43,15900.0,16580.0,17720.0,18850.0,19620.0,,
2015,0043420,"Sierra Vista-Douglas, AZ",metro,39-9011,Childcare Workers,120.0,9.97,20750.0,8.28,8.62,9.2,11.03,13.04,17220.0,17940.0,19130.0,22950.0,27110.0,,
2015,0043524,"Silver Spring-Frederick-Rockville, MD Metropolitan Division",metro,39-9011,Childcare Workers,2080.0,13.95,29020.0,8.83,10.18,12.85,17.09,21.53,18370.0,21180.0,26730.0,35550.0,44770.0,,
2015,0043580,"Sioux City, IA-NE-SD",metro,39-9011,Childcare Workers,300.0,9.15,19030.0,7.84,8.37,8.97,9.64,11.34,16300.0,17410.0,18660.0,20040.0,23600.0,,
2015,0043620,"Sioux Falls, SD",metro,39-9011,Childcare Workers,1080.0,9.83,20440.0,8.66,8.91,9.32,10.63,11.61,18020.0,18520.0,19390.0,22110.0,24150.0,,
2015,0043780,"South Bend-Mishawaka, IN-MI",metro,39-9011,Childcare Workers,480.0,9.3,19330.0,7.8,8.34,9.24,10.59,11.42,16220.0,17360.0,19230.0,22030.0,23760.0,,
2015,0043900,"Spartanburg, SC",metro,39-9011,Childcare Workers,510.0,9.79,20360.0,7.76,8.29,9.17,11.03,13.1,16150.0,17240.0,19070.0,22940.0,27240.0,,
2015,0044060,"Spokane-Spokane Valley, WA",metro,39-9011,Childcare Workers,650.0,11.21,23330.0,9.55,9.62,10.59,11.66,14.18,19850.0,20000.0,22030.0,24260.0,29490.0,,
2015,0044100,"Springfield, IL",metro,39-9011,Childcare Workers,230.0,10.45,21740.0,8.58,8.93,9.75,11.74,13.8,17850.0,18570.0,20280.0,24420.0,28700.0,,
2015,0044180,"Springfield, MO",metro,39-9011,Childcare Workers,970.0,9.25,19230.0,7.89,8.24,8.81,9.43,11.62,16410.0,17130.0,18330.0,19620.0,24180.0,,
2015,0044220,"Springfield, OH",metro,39-9011,Childcare Workers,160.0,11.51,23940.0,8.54,9.2,10.89,13.44,16.2,17770.0,19130.0,22640.0,27950.0,33690.0,,
2015,0044300,"State College, PA",metro,39-9011,Childcare Workers,240.0,9.41,19580.0,7.86,8.45,9.47,10.7,11.48,16340.0,17580.0,19690.0,22260.0,23880.0,,
2015,0044420,"Staunton-Waynesboro, VA",metro,39-9011,Childcare Workers,210.0,10.19,21200.0,7.64,8.12,8.93,12.78,14.6,15890.0,16900.0,18570.0,26580.0,30370.0,,
2015,0044700,"Stockton-Lodi, CA",metro,39-9011,Childcare Workers,1160.0,13.3,27660.0,9.44,10.94,13.22,15.34,17.73,19640.0,22760.0,27490.0,31900.0,36880.0,,
2015,0044940,"Sumter, SC",metro,39-9011,Childcare Workers,230.0,8.29,17250.0,7.64,7.96,8.49,9.03,9.37,15890.0,16550.0,17660.0,18780.0,19490.0,,
2015,0045060,"Syracuse, NY",metro,39-9011,Childcare Workers,1360.0,11.0,22890.0,8.94,9.24,10.17,11.76,14.34,18600.0,19210.0,21150.0,24450.0,29830.0,,
2015,0045104,"Tacoma-Lakewood, WA Metropolitan Division",metro,39-9011,Childcare Workers,1260.0,12.14,25260.0,9.8,10.41,11.43,13.58,16.1,20380.0,21650.0,23770.0,28250.0,33490.0,,
2015,0045220,"Tallahassee, FL",metro,39-9011,Childcare Workers,500.0,10.09,21000.0,8.36,8.8,9.69,11.14,12.48,17390.0,18310.0,20150.0,23170.0,25950.0,,
2015,0045300,"Tampa-St. Petersburg-Clearwater, FL",metro,39-9011,Childcare Workers,5740.0,10.03,20850.0,8.35,8.76,9.52,11.02,12.19,17370.0,18230.0,19790.0,22910.0,25340.0,,
2015,0045460,"Terre Haute, IN",metro,39-9011,Childcare Workers,,8.23,17120.0,7.56,7.87,8.39,8.91,9.22,15730.0,16370.0,17460.0,18540.0,19190.0,,
2015,0045500,"Texarkana, TX-AR",metro,39-9011,Childcare Workers,390.0,8.7,18100.0,7.7,8.06,8.65,9.25,10.56,16010.0,16750.0,18000.0,19250.0,21970.0,,
2015,0045540,"The Villages, FL",metro,39-9011,Childcare Workers,110.0,10.17,21150.0,8.55,9.27,10.32,11.14,11.62,17780.0,19280.0,21470.0,23160.0,24180.0,,
2015,0045780,"Toledo, OH",metro,39-9011,Childcare Workers,1350.0,10.61,22060.0,8.36,8.74,9.38,11.33,15.16,17400.0,18180.0,19500.0,23570.0,31530.0,,
2015,0045820,"Topeka, KS",metro,39-9011,Childcare Workers,340.0,9.49,19730.0,7.71,8.21,9.06,10.73,12.16,16030.0,17080.0,18840.0,22320.0,25290.0,,
2015,0045940,"Trenton, NJ",metro,39-9011,Childcare Workers,1220.0,12.28,25540.0,8.64,8.96,9.79,13.62,19.78,17960.0,18650.0,20360.0,28320.0,41140.0,,
2015,0046060,"Tucson, AZ",metro,39-9011,Childcare Workers,710.0,10.32,21460.0,8.37,8.82,9.55,11.25,13.34,17400.0,18340.0,19870.0,23400.0,27750.0,,
2015,0046140,"Tulsa, OK",metro,39-9011,Childcare Workers,1760.0,9.29,19320.0,7.73,8.19,8.96,10.28,11.71,16080.0,17040.0,18630.0,21380.0,24350.0,,
2015,0046220,"Tuscaloosa, AL",metro,39-9011,Childcare Workers,320.0,9.14,19000.0,7.77,8.24,9.02,10.25,11.33,16150.0,17130.0,18770.0,21330.0,23580.0,,
2015,0046340,"Tyler, TX",metro,39-9011,Childcare Workers,350.0,8.64,17970.0,7.66,8.01,8.6,9.18,10.2,15940.0,16670.0,17880.0,19090.0,21220.0,,
2015,0046520,"Urban Honolulu, HI",metro,39-9011,Childcare Workers,1850.0,9.6,19980.0,8.0,8.37,8.98,9.94,11.92,16630.0,17400.0,18680.0,20680.0,24790.0,,
2015,0046540,"Utica-Rome, NY",metro,39-9011,Childcare Workers,450.0,11.54,23990.0,8.91,9.14,10.52,13.38,14.76,18520.0,19010.0,21880.0,27830.0,30700.0,,
2015,0046660,"Valdosta, GA",metro,39-9011,Childcare Workers,,8.73,18150.0,7.66,8.03,8.65,9.26,10.76,15940.0,16710.0,17990.0,19270.0,22380.0,,
2015,0046700,"Vallejo-Fairfield, CA",metro,39-9011,Childcare Workers,660.0,11.48,23870.0,9.22,9.59,11.12,13.05,14.43,19170.0,19940.0,23130.0,27150.0,30020.0,,
2015,0047020,"Victoria, TX",metro,39-9011,Childcare Workers,280.0,8.58,17850.0,7.58,7.91,8.47,9.02,9.43,15760.0,16460.0,17610.0,18770.0,19620.0,,
2015,0047220,"Vineland-Bridgeton, NJ",metro,39-9011,Childcare Workers,390.0,11.21,23330.0,8.73,9.18,10.56,12.75,14.54,18150.0,19090.0,21950.0,26520.0,30250.0,,
2015,0047260,"Virginia Beach-Norfolk-Newport News, VA-NC",metro,39-9011,Childcare Workers,1990.0,9.48,19710.0,7.75,8.23,9.02,10.52,12.5,16130.0,17120.0,18760.0,21880.0,25990.0,,
2015,0047300,"Visalia-Porterville, CA",metro,39-9011,Childcare Workers,390.0,12.47,25930.0,9.22,9.57,11.33,15.19,17.65,19170.0,19900.0,23580.0,31590.0,36700.0,,
2015,0047380,"Waco, TX",metro,39-9011,Childcare Workers,540.0,9.09,18910.0,7.71,8.12,8.81,9.6,11.82,16030.0,16890.0,18330.0,19960.0,24590.0,,
2015,0047460,"Walla Walla, WA",metro,39-9011,Childcare Workers,,12.91,26860.0,9.63,10.29,11.38,16.35,18.04,20040.0,21400.0,23680.0,34010.0,37520.0,,
2015,0047580,"Warner Robins, GA",metro,39-9011,Childcare Workers,620.0,8.76,18220.0,7.68,8.03,8.62,9.22,10.4,15960.0,16700.0,17940.0,19170.0,21640.0,,
2015,0047664,"Warren-Troy-Farmington Hills, MI Metropolitan Division",metro,39-9011,Childcare Workers,4220.0,10.59,22030.0,8.45,8.83,9.57,11.5,14.48,17570.0,18360.0,19910.0,23930.0,30110.0,,
2015,0047894,"Washington-Arlington-Alexandria, DC-VA-MD-WV Metropolitan Division",metro,39-9011,Childcare Workers,9870.0,12.1,25170.0,8.14,8.97,11.05,14.27,17.9,16940.0,18660.0,22980.0,29680.0,37230.0,,
2015,0047940,"Waterloo-Cedar Falls, IA",metro,39-9011,Childcare Workers,490.0,8.4,17480.0,7.63,7.96,8.52,9.08,9.5,15860.0,16560.0,17730.0,18890.0,19750.0,,
2015,0048060,"Watertown-Fort Drum, NY",metro,39-9011,Childcare Workers,210.0,10.08,20960.0,8.92,9.18,10.0,10.99,11.58,18560.0,19100.0,20790.0,22850.0,24090.0,,
2015,0048140,"Wausau, WI",metro,39-9011,Childcare Workers,170.0,9.08,18890.0,7.62,8.12,8.96,10.29,11.29,15850.0,16890.0,18630.0,21410.0,23490.0,,
2015,0048260,"Weirton-Steubenville, WV-OH",metro,39-9011,Childcare Workers,90.0,9.2,19130.0,8.2,8.46,8.89,9.33,11.1,17060.0,17600.0,18490.0,19400.0,23090.0,,
2015,0048424,"West Palm Beach-Boca Raton-Delray Beach, FL Metropolitan Division",metro,39-9011,Childcare Workers,1510.0,10.98,22850.0,8.58,9.32,10.6,11.84,14.17,17850.0,19380.0,22050.0,24620.0,29470.0,,
2015,0048540,"Wheeling, WV-OH",metro,39-9011,Childcare Workers,260.0,9.49,19750.0,8.22,8.49,8.95,9.54,11.86,17090.0,17660.0,18620.0,19850.0,24680.0,,
2015,0048620,"Wichita, KS",metro,39-9011,Childcare Workers,,9.83,20440.0,7.79,8.45,9.67,11.11,12.13,16200.0,17570.0,20110.0,23100.0,25240.0,,
2015,0048660,"Wichita Falls, TX",metro,39-9011,Childcare Workers,300.0,8.35,17370.0,7.56,7.88,8.42,8.96,9.31,15720.0,16390.0,17520.0,18650.0,19360.0,,
2015,0048700,"Williamsport, PA",metro,39-9011,Childcare Workers,,9.77,20330.0,7.75,8.23,9.04,10.71,13.32,16110.0,17120.0,18800.0,22270.0,27710.0,,
2015,0048864,"Wilmington, DE-MD-NJ Metropolitan Division",metro,39-9011,Childcare Workers,1280.0,10.42,21680.0,8.27,8.79,9.81,11.48,13.8,17190.0,18280.0,20390.0,23870.0,28710.0,,
2015,0048900,"Wilmington, NC",metro,39-9011,Childcare Workers,690.0,9.92,20630.0,7.88,8.56,9.74,11.23,12.65,16400.0,17800.0,20270.0,23360.0,26320.0,,
2015,0049020,"Winchester, VA-WV",metro,39-9011,Childcare Workers,190.0,10.24,21300.0,8.01,8.68,9.92,11.66,13.71,16660.0,18050.0,20640.0,24240.0,28520.0,,
2015,0049180,"Winston-Salem, NC",metro,39-9011,Childcare Workers,1510.0,10.26,21350.0,7.7,8.17,8.95,11.26,16.91,16010.0,16990.0,18620.0,23420.0,35170.0,,
2015,0049420,"Yakima, WA",metro,39-9011,Childcare Workers,160.0,10.9,22670.0,9.72,10.11,10.77,11.42,11.83,20210.0,21030.0,22390.0,23760.0,24600.0,,
2015,0049620,"York-Hanover, PA",metro,39-9011,Childcare Workers,420.0,8.83,18360.0,7.7,8.1,8.76,9.46,11.04,16020.0,16850.0,18220.0,19680.0,22970.0,,
2015,0049660,"Youngstown-Warren-Boardman, OH-PA",metro,39-9011,Childcare Workers,920.0,10.27,21360.0,8.23,8.57,9.14,11.16,14.44,17120.0,17820.0,19000.0,23210.0,30030.0,,
2015,0049700,"Yuba City, CA",metro,39-9011,Childcare Workers,280.0,11.36,23640.0,9.2,9.4,10.63,12.34,15.47,19130.0,19560.0,22110.0,25660.0,32170.0,,
2015,0049740,"Yuma, AZ",metro,39-9011,Childcare Workers,210.0,9.78,20350.0,8.29,8.62,9.19,10.8,12.11,17230.0,17940.0,19110.0,22470.0,25190.0,,
2015,0070750,"Bangor, ME",metro,39-9011,Childcare Workers,320.0,10.18,21180.0,7.96,8.41,9.17,12.12,14.33,16560.0,17500.0,19070.0,25210.0,29800.0,,
2015,0070900,"Barnstable Town, MA",metro,39-9011,Childcare Workers,310.0,12.08,25130.0,9.1,9.25,10.47,14.23,17.44,18930.0,19250.0,21770.0,29590.0,36280.0,,
2015,0071654,"Boston-Cambridge-Newton, MA NECTA Division",metro,39-9011,Childcare Workers,5810.0,13.1,27240.0,9.26,10.23,12.55,14.99,17.94,19250.0,21270.0,26110.0,31170.0,37310.0,,
2015,0071950,"Bridgeport-Stamford-Norwalk, CT",metro,39-9011,Childcare Workers,2060.0,11.67,24280.0,9.25,9.52,10.74,12.19,15.43,19250.0,19790.0,22330.0,25350.0,32090.0,,
2015,0072104,"Brockton-Bridgewater-Easton, MA NECTA Division",metro,39-9011,Childcare Workers,420.0,11.18,23260.0,9.14,9.37,10.57,12.11,14.36,19010.0,19500.0,21980.0,25180.0,29870.0,,
2015,0072400,"Burlington-South Burlington, VT",metro,39-9011,Childcare Workers,550.0,11.48,23880.0,9.4,9.95,10.99,12.42,14.67,19550.0,20710.0,22860.0,25830.0,30520.0,,
2015,0072850,"Danbury, CT",metro,39-9011,Childcare Workers,470.0,11.37,23640.0,9.25,9.49,10.62,12.07,14.52,19250.0,19730.0,22090.0,25100.0,30210.0,,
2015,0073050,"Dover-Durham, NH-ME",metro,39-9011,Childcare Workers,270.0,10.01,20830.0,8.2,9.31,10.26,11.12,11.63,17060.0,19360.0,21340.0,23120.0,24190.0,,
2015,0073104,"Framingham, MA NECTA Division",metro,39-9011,Childcare Workers,710.0,14.42,29990.0,10.01,11.69,14.17,17.08,18.91,20810.0,24310.0,29470.0,35530.0,39340.0,,
2015,0073450,"Hartford-West Hartford-East Hartford, CT",metro,39-9011,Childcare Workers,2050.0,11.7,24330.0,9.21,9.41,10.88,13.12,15.61,19160.0,19560.0,22630.0,27290.0,32480.0,,
2015,0073604,"Haverhill-Newburyport-Amesbury Town, MA-NH NECTA Division",metro,39-9011,Childcare Workers,230.0,10.23,21290.0,8.08,9.02,9.96,11.5,13.23,16810.0,18760.0,20720.0,23930.0,27530.0,,
2015,0074204,"Lawrence-Methuen Town-Salem, MA-NH NECTA Division",metro,39-9011,Childcare Workers,440.0,11.73,24390.0,9.26,10.03,11.53,13.29,14.47,19270.0,20870.0,23980.0,27630.0,30100.0,,
2015,0074500,"Leominster-Gardner, MA",metro,39-9011,Childcare Workers,290.0,12.45,25890.0,9.22,10.45,12.66,14.06,14.89,19180.0,21750.0,26340.0,29240.0,30980.0,,
2015,0074650,"Lewiston-Auburn, ME",metro,39-9011,Childcare Workers,260.0,9.58,19920.0,8.07,8.57,9.41,10.7,11.59,16790.0,17820.0,19580.0,22260.0,24100.0,,
2015,0074804,"Lowell-Billerica-Chelmsford, MA-NH NECTA Division",metro,39-9011,Childcare Workers,450.0,10.74,22330.0,9.11,9.31,10.3,11.52,13.58,18940.0,19360.0,21420.0,23950.0,28260.0,,
2015,0074854,"Lynn-Saugus-Marblehead, MA NECTA Division",metro,39-9011,Childcare Workers,370.0,12.59,26190.0,9.53,10.9,12.67,14.11,15.37,19820.0,22670.0,26340.0,29360.0,31960.0,,
2015,0074950,"Manchester, NH",metro,39-9011,Childcare Workers,640.0,11.65,24230.0,8.27,9.56,12.05,13.69,14.68,17190.0,19890.0,25060.0,28480.0,30540.0,,
2015,0075404,"Nashua, NH-MA NECTA Division",metro,39-9011,Childcare Workers,460.0,10.7,22250.0,8.48,9.71,10.63,11.56,13.18,17640.0,20200.0,22120.0,24040.0,27410.0,,
2015,0075550,"New Bedford, MA",metro,39-9011,Childcare Workers,150.0,10.24,21300.0,9.08,9.2,9.55,11.08,12.24,18880.0,19130.0,19860.0,23050.0,25450.0,,
2015,0075700,"New Haven, CT",metro,39-9011,Childcare Workers,1410.0,12.33,25640.0,9.24,9.57,11.15,14.06,17.5,19210.0,19900.0,23190.0,29250.0,36400.0,,
2015,0076450,"Norwich-New London-Westerly, CT-RI",metro,39-9011,Childcare Workers,890.0,11.14,23170.0,9.2,9.32,10.15,12.3,14.49,19150.0,19390.0,21110.0,25580.0,30140.0,,
2015,0076524,"Peabody-Salem-Beverly, MA NECTA Division",metro,39-9011,Childcare Workers,480.0,12.65,26320.0,9.24,9.82,11.88,14.82,17.48,19220.0,20420.0,24700.0,30820.0,36350.0,,
2015,0076600,"Pittsfield, MA",metro,39-9011,Childcare Workers,120.0,11.11,23120.0,9.15,9.46,10.76,12.37,14.12,19040.0,19680.0,22380.0,25720.0,29380.0,,
2015,0076750,"Portland-South Portland, ME",metro,39-9011,Childcare Workers,940.0,11.43,23770.0,8.86,9.9,11.16,12.92,14.59,18430.0,20600.0,23210.0,26860.0,30340.0,,
2015,0076900,"Portsmouth, NH-ME",metro,39-9011,Childcare Workers,230.0,11.33,23560.0,8.47,9.62,11.23,13.14,14.45,17620.0,20010.0,23360.0,27330.0,30060.0,,
2015,0077200,"Providence-Warwick, RI-MA",metro,39-9011,Childcare Workers,2700.0,11.09,23070.0,9.09,9.23,9.69,11.6,14.81,18910.0,19200.0,20160.0,24120.0,30800.0,,
2015,0078100,"Springfield, MA-CT",metro,39-9011,Childcare Workers,870.0,12.25,25480.0,9.23,9.62,11.63,13.93,16.53,19190.0,20020.0,24190.0,28970.0,34380.0,,
2015,0078254,"Taunton-Middleborough-Norton, MA NECTA Division",metro,39-9011,Childcare Workers,290.0,13.34,27750.0,9.37,10.95,13.21,14.9,17.53,19480.0,22780.0,27480.0,31000.0,36460.0,,
2015,0078700,"Waterbury, CT",metro,39-9011,Childcare Workers,510.0,11.05,22980.0,9.23,9.37,10.37,11.92,14.19,19190.0,19500.0,21580.0,24790.0,29510.0,,
2015,0079600,"Worcester, MA-CT",metro,39-9011,Childcare Workers,850.0,12.28,25530.0,9.18,9.43,11.16,14.2,17.53,19100.0,19620.0,23210.0,29530.0,36460.0,,
2015,0100001,Northwest Alabama nonmetropolitan area,nonmetro,39-9011,Childcare Workers,180.0,8.34,17340.0,7.6,7.92,8.45,8.98,9.32,15800.0,16470.0,17580.0,18680.0,19390.0,,
2015,0100002,Northeast Alabama nonmetropolitan area,nonmetro,39-9011,Childcare Workers,760.0,9.94,20680.0,7.66,8.09,8.81,10.47,16.43,15940.0,16830.0,18320.0,21780.0,34180.0,,
2015,0100003,Southwest Alabama nonmetropolitan area,nonmetro,39-9011,Childcare Workers,400.0,8.38,17420.0,7.66,8.0,8.56,9.12,9.51,15940.0,16630.0,17800.0,18960.0,19770.0,,
2015,0100004,Southeast Alabama nonmetropolitan area,nonmetro,39-9011,Childcare Workers,320.0,8.57,17820.0,7.64,8.01,8.61,9.22,10.42,15890.0,16650.0,17910.0,19170.0,21660.0,,
2015,0200001,Southeast Alaska nonmetropolitan area,nonmetro,39-9011,Childcare Workers,190.0,12.79,26610.0,9.22,10.49,12.34,14.38,17.5,19180.0,21820.0,25670.0,29920.0,36400.0,,
2015,0200002,Balance of Alaska nonmetropolitan area,nonmetro,39-9011,Childcare Workers,260.0,13.97,29060.0,9.3,10.72,12.95,14.91,20.13,19330.0,22290.0,26940.0,31010.0,41870.0,,
2015,0400001,Arizona nonmetropolitan area,nonmetro,39-9011,Childcare Workers,140.0,10.04,20880.0,8.33,8.72,9.45,11.05,12.62,17320.0,18140.0,19650.0,22980.0,26240.0,,
2015,0500001,North Arkansas nonmetropolitan area,nonmetro,39-9011,Childcare Workers,640.0,8.99,18700.0,7.74,8.1,8.69,9.28,10.72,16110.0,16840.0,18070.0,19300.0,22300.0,,
2015,0500002,East Arkansas nonmetropolitan area,nonmetro,39-9011,Childcare Workers,,8.88,18470.0,7.76,8.13,8.75,9.43,10.93,16140.0,16910.0,18190.0,19610.0,22720.0,,
2015,0500003,West Arkansas nonmetropolitan area,nonmetro,39-9011,Childcare Workers,730.0,8.59,17860.0,7.71,8.02,8.55,9.07,9.47,16040.0,16690.0,17780.0,18860.0,19710.0,,
2015,0500004,South Arkansas nonmetropolitan area,nonmetro,39-9011,Childcare Workers,650.0,8.93,18570.0,7.75,8.12,8.73,9.34,10.93,16130.0,16890.0,18150.0,19430.0,22740.0,,
2015,0600001,Mother Lode Region of California nonmetropolitan area,nonmetro,39-9011,Childcare Workers,,12.7,26420.0,9.24,9.82,11.76,14.21,17.25,19210.0,20440.0,24460.0,29550.0,35870.0,,
2015,0600003,North Coast Region of California nonmetropolitan area,nonmetro,39-9011,Childcare Workers,570.0,11.78,24500.0,9.46,9.99,10.98,12.65,16.39,19670.0,20780.0,22850.0,26310.0,34080.0,,
2015,0600004,North Valley Region of California nonmetropolitan area,nonmetro,39-9011,Childcare Workers,70.0,11.81,24570.0,9.28,9.6,10.99,13.08,15.18,19310.0,19970.0,22850.0,27210.0,31570.0,,
2015,0600005,Northern Mountains Region of California nonmetropolitan area,nonmetro,39-9011,Childcare Workers,420.0,11.4,23720.0,9.22,9.51,10.69,12.0,15.61,19190.0,19780.0,22230.0,24960.0,32460.0,,
2015,0800001,Eastern and Southern Colorado nonmetropolitan area,nonmetro,39-9011,Childcare Workers,190.0,10.68,22220.0,8.46,8.8,9.44,11.41,15.61,17590.0,18310.0,19630.0,23740.0,32460.0,,
2015,0800002,Southwest Colorado nonmetropolitan area,nonmetro,39-9011,Childcare Workers,260.0,10.79,22450.0,8.59,9.13,10.25,11.54,13.86,17870.0,18990.0,21320.0,24000.0,28820.0,,
2015,0800003,Northwest Colorado nonmetropolitan area,nonmetro,39-9011,Childcare Workers,450.0,13.93,28980.0,9.16,10.77,13.24,16.01,18.42,19050.0,22400.0,27540.0,33300.0,38320.0,,
2015,0900001,Connecticut nonmetropolitan area,nonmetro,39-9011,Childcare Workers,,12.77,26560.0,9.29,9.59,11.27,13.89,18.34,19330.0,19940.0,23440.0,28890.0,38150.0,,
2015,1200001,Northwest Florida nonmetropolitan area,nonmetro,39-9011,Childcare Workers,270.0,10.59,22040.0,8.44,9.0,10.24,11.65,13.59,17560.0,18710.0,21290.0,24240.0,28260.0,,
2015,1200002,Northeast Florida nonmetropolitan area,nonmetro,39-9011,Childcare Workers,430.0,10.09,20990.0,8.31,8.66,9.23,11.36,13.64,17280.0,18000.0,19200.0,23640.0,28380.0,,
2015,1200003,South Florida nonmetropolitan area,nonmetro,39-9011,Childcare Workers,310.0,10.25,21320.0,8.26,8.56,9.05,11.02,14.86,17180.0,17800.0,18830.0,22930.0,30910.0,,
2015,1300001,North Georgia nonmetropolitan area,nonmetro,39-9011,Childcare Workers,490.0,10.29,21400.0,7.82,8.44,9.62,11.25,13.52,16270.0,17560.0,20000.0,23400.0,28130.0,,
2015,1300002,Middle Georgia nonmetropolitan area,nonmetro,39-9011,Childcare Workers,440.0,8.41,17500.0,7.67,8.01,8.57,9.13,9.5,15960.0,16660.0,17820.0,18990.0,19750.0,,
2015,1300003,East Georgia nonmetropolitan area,nonmetro,39-9011,Childcare Workers,380.0,8.86,18420.0,7.63,7.98,8.57,9.16,11.33,15870.0,16610.0,17830.0,19050.0,23580.0,,
2015,1300004,South Georgia nonmetropolitan area,nonmetro,39-9011,Childcare Workers,570.0,8.96,18630.0,7.68,8.05,8.68,9.31,11.23,15970.0,16750.0,18050.0,19370.0,23350.0,,
2015,1500001,Hawaii / Kauai nonmetropolitan area,nonmetro,39-9011,Childcare Workers,490.0,9.67,20120.0,8.05,8.49,9.24,10.61,11.7,16740.0,17670.0,19210.0,22080.0,24340.0,,
2015,1600001,Panhandle of Idaho nonmetropolitan area,nonmetro,39-9011,Childcare Workers,230.0,12.89,26810.0,7.76,8.33,9.28,13.06,23.88,16150.0,17330.0,19310.0,27150.0,49680.0,,
2015,1600002,Southwest Idaho nonmetropolitan area,nonmetro,39-9011,Childcare Workers,,8.36,17380.0,7.66,7.98,8.53,9.07,9.44,15930.0,16610.0,17740.0,18870.0,19640.0,,
2015,1600003,South Central Idaho nonmetropolitan area,nonmetro,39-9011,Childcare Workers,210.0,9.72,20210.0,7.79,8.35,9.27,10.68,11.71,16200.0,17360.0,19280.0,22210.0,24360.0,,
2015,1600004,Southeast Idaho nonmetropolitan area,nonmetro,39-9011,Childcare Workers,90.0,8.28,17220.0,7.72,8.04,8.56,9.08,9.41,16060.0,16720.0,17800.0,18890.0,19570.0,,
2015,1700001,Northwest Illinois nonmetropolitan area,nonmetro,39-9011,Childcare Workers,430.0,9.92,20640.0,8.59,8.86,9.33,10.75,11.8,17870.0,18440.0,19410.0,22360.0,24550.0,,
2015,1700002,West Central Illinois nonmetropolitan area,nonmetro,39-9011,Childcare Workers,430.0,10.38,21590.0,8.64,8.91,9.38,11.15,14.4,17970.0,18520.0,19510.0,23190.0,29950.0,,
2015,1700003,East Central Illinois nonmetropolitan area,nonmetro,39-9011,Childcare Workers,210.0,10.74,22350.0,8.78,9.2,10.26,11.58,14.19,18260.0,19140.0,21350.0,24090.0,29520.0,,
2015,1700004,South Illinois nonmetropolitan area,nonmetro,39-9011,Childcare Workers,240.0,10.86,22590.0,8.65,8.9,9.32,12.08,16.74,18000.0,18510.0,19380.0,25130.0,34820.0,,
2015,1800001,Northern Indiana nonmetropolitan area,nonmetro,39-9011,Childcare Workers,330.0,8.74,18190.0,7.67,8.03,8.62,9.22,10.45,15960.0,16700.0,17940.0,19170.0,21740.0,,
2015,1800002,Central Indiana nonmetropolitan area,nonmetro,39-9011,Childcare Workers,250.0,9.46,19680.0,7.66,8.09,8.81,10.63,13.54,15930.0,16830.0,18320.0,22110.0,28170.0,,
2015,1800003,Southern Indiana nonmetropolitan area,nonmetro,39-9011,Childcare Workers,590.0,9.72,20210.0,7.88,8.52,9.63,11.03,11.88,16390.0,17720.0,20030.0,22940.0,24700.0,,
2015,1900001,Northeast Iowa nonmetropolitan area,nonmetro,39-9011,Childcare Workers,780.0,8.34,17350.0,7.62,7.95,8.49,9.03,9.39,15860.0,16530.0,17650.0,18780.0,19530.0,,
2015,1900002,Northwest Iowa nonmetropolitan area,nonmetro,39-9011,Childcare Workers,640.0,8.92,18560.0,7.68,8.11,8.81,9.61,11.22,15980.0,16860.0,18320.0,19980.0,23340.0,,
2015,1900003,Southwest Iowa nonmetropolitan area,nonmetro,39-9011,Childcare Workers,520.0,8.31,17280.0,7.65,7.98,8.52,9.06,9.41,15920.0,16590.0,17720.0,18850.0,19570.0,,
2015,1900004,Southeast Iowa nonmetropolitan area,nonmetro,39-9011,Childcare Workers,770.0,8.59,17860.0,7.68,8.04,8.63,9.23,10.23,15980.0,16720.0,17960.0,19200.0,21270.0,,
2015,2000001,Southwest Kansas nonmetropolitan area,nonmetro,39-9011,Childcare Workers,220.0,11.01,22900.0,7.66,8.1,8.84,11.34,18.38,15930.0,16860.0,18390.0,23590.0,38240.0,,
2015,2000002,Northwest Kansas nonmetropolitan area,nonmetro,39-9011,Childcare Workers,200.0,8.32,17310.0,7.52,7.84,8.38,8.92,9.24,15650.0,16310.0,17430.0,18540.0,19210.0,,
2015,2000003,Northeast Kansas nonmetropolitan area,nonmetro,39-9011,Childcare Workers,370.0,9.08,18880.0,7.65,8.05,8.71,9.4,11.45,15920.0,16750.0,18120.0,19550.0,23810.0,,
2015,2000004,Southeast Kansas nonmetropolitan area,nonmetro,39-9011,Childcare Workers,510.0,8.55,17790.0,7.6,7.94,8.51,9.07,9.55,15820.0,16520.0,17690.0,18870.0,19860.0,,
2015,2100001,West Kentucky nonmetropolitan area,nonmetro,39-9011,Childcare Workers,800.0,9.04,18810.0,7.72,8.17,8.91,10.0,11.38,16060.0,16990.0,18530.0,20800.0,23670.0,,
2015,2100002,South Central Kentucky nonmetropolitan area,nonmetro,39-9011,Childcare Workers,1220.0,9.28,19290.0,7.76,8.28,9.13,10.5,11.52,16150.0,17210.0,18980.0,21840.0,23970.0,,
2015,2100003,Central Kentucky nonmetropolitan area,nonmetro,39-9011,Childcare Workers,1200.0,9.52,19800.0,7.79,8.37,9.33,10.78,11.7,16210.0,17400.0,19410.0,22430.0,24330.0,,
2015,2100004,East Kentucky nonmetropolitan area,nonmetro,39-9011,Childcare Workers,640.0,9.06,18850.0,7.74,8.17,8.88,9.83,11.42,16100.0,16990.0,18480.0,20460.0,23760.0,,
2015,2200002,Central Louisiana nonmetropolitan area,nonmetro,39-9011,Childcare Workers,400.0,8.53,17750.0,7.65,7.99,8.57,9.14,9.64,15900.0,16620.0,17820.0,19010.0,20050.0,,
2015,2200003,Northeast Louisiana nonmetropolitan area,nonmetro,39-9011,Childcare Workers,180.0,8.62,17940.0,7.66,8.02,8.63,9.24,10.54,15930.0,16680.0,17950.0,19210.0,21930.0,,
2015,2200004,Southwest Louisiana nonmetropolitan area,nonmetro,39-9011,Childcare Workers,200.0,8.98,18680.0,7.68,8.08,8.74,9.46,11.52,15970.0,16800.0,18180.0,19690.0,23960.0,,
2015,2300001,Northeast Maine nonmetropolitan area,nonmetro,39-9011,Childcare Workers,250.0,10.82,22500.0,8.34,9.3,10.63,11.99,14.1,17360.0,19350.0,22110.0,24940.0,29330.0,,
2015,2300002,Southwest Maine nonmetropolitan area,nonmetro,39-9011,Childcare Workers,950.0,10.32,21470.0,8.16,8.79,9.92,11.49,13.79,16970.0,18280.0,20640.0,23890.0,28680.0,,
2015,2400001,Upper Eastern Shore of Maryland nonmetropolitan area,nonmetro,39-9011,Childcare Workers,280.0,13.93,28970.0,8.73,10.1,13.15,17.29,21.52,18150.0,21010.0,27360.0,35970.0,44750.0,,
2015,2500002,Southwest Massachusetts nonmetropolitan area,nonmetro,39-9011,Childcare Workers,90.0,13.61,28310.0,10.61,12.1,13.29,14.48,16.42,22080.0,25180.0,27650.0,30120.0,34150.0,,
2015,2500003,Northwest Massachusetts nonmetropolitan area,nonmetro,39-9011,Childcare Workers,140.0,10.99,22870.0,9.17,9.43,10.62,12.32,13.95,19070.0,19610.0,22090.0,25630.0,29020.0,,
2015,2600001,Upper Peninsula of Michigan nonmetropolitan area,nonmetro,39-9011,Childcare Workers,520.0,10.23,21280.0,8.43,8.78,9.38,11.12,13.37,17530.0,18250.0,19510.0,23130.0,27810.0,,
2015,2600002,Northeast Lower Peninsula of Michigan nonmetropolitan area,nonmetro,39-9011,Childcare Workers,370.0,9.08,18890.0,8.3,8.5,8.83,9.16,10.72,17260.0,17670.0,18360.0,19060.0,22290.0,,
2015,2600003,Northwest Lower Peninsula of Michigan nonmetropolitan area,nonmetro,39-9011,Childcare Workers,470.0,9.7,20180.0,8.43,8.77,9.33,10.61,11.5,17540.0,18230.0,19410.0,22080.0,23920.0,,
2015,2600004,Balance of Lower Peninsula of Michigan nonmetropolitan area,nonmetro,39-9011,Childcare Workers,1560.0,10.03,20860.0,8.43,8.76,9.31,10.72,11.83,17530.0,18210.0,19360.0,22310.0,24610.0,,
2015,2700001,Northwest Minnesota nonmetropolitan area,nonmetro,39-9011,Childcare Workers,420.0,11.69,24320.0,8.52,9.21,10.69,13.09,17.3,17720.0,19150.0,22240.0,27230.0,35990.0,,
2015,2700002,Northeast Minnesota nonmetropolitan area,nonmetro,39-9011,Childcare Workers,160.0,10.28,21380.0,8.4,8.91,10.05,11.39,12.84,17470.0,18530.0,20910.0,23680.0,26700.0,,
2015,2700003,Southwest Minnesota nonmetropolitan area,nonmetro,39-9011,Childcare Workers,260.0,10.38,21600.0,8.32,8.71,9.35,11.65,14.27,17300.0,18110.0,19440.0,24220.0,29670.0,,
2015,2700004,Southeast Minnesota nonmetropolitan area,nonmetro,39-9011,Childcare Workers,350.0,9.48,19720.0,8.24,8.52,8.99,9.53,11.59,17140.0,17730.0,18700.0,19810.0,24100.0,,
2015,2800001,Northeast Mississippi nonmetropolitan area,nonmetro,39-9011,Childcare Workers,980.0,8.58,17850.0,7.65,8.01,8.62,9.22,10.26,15910.0,16670.0,17920.0,19170.0,21340.0,,
2015,2800002,Northwest Mississippi nonmetropolitan area,nonmetro,39-9011,Childcare Workers,660.0,8.56,17800.0,7.68,8.03,8.6,9.17,9.56,15980.0,16690.0,17880.0,19070.0,19890.0,,
2015,2800003,Southeast Mississippi nonmetropolitan area,nonmetro,39-9011,Childcare Workers,1000.0,8.95,18610.0,7.66,8.04,8.67,9.31,11.51,15940.0,16720.0,18030.0,19360.0,23950.0,,
2015,2800004,Southwest Mississippi nonmetropolitan area,nonmetro,39-9011,Childcare Workers,470.0,8.89,18490.0,7.64,8.04,8.71,9.41,11.32,15890.0,16720.0,18110.0,19580.0,23540.0,,
2015,2900001,Central Missouri nonmetropolitan area,nonmetro,39-9011,Childcare Workers,990.0,9.52,19800.0,7.91,8.29,8.92,9.93,12.47,16450.0,17240.0,18550.0,20650.0,25940.0,,
2015,2900002,North Missouri nonmetropolitan area,nonmetro,39-9011,Childcare Workers,450.0,9.91,20620.0,7.96,8.42,9.18,10.85,13.58,16560.0,17510.0,19090.0,22570.0,28240.0,,
2015,2900003,Southeast Missouri nonmetropolitan area,nonmetro,39-9011,Childcare Workers,700.0,8.95,18610.0,7.9,8.26,8.86,9.47,10.63,16430.0,17170.0,18420.0,19700.0,22110.0,,
2015,2900004,Southwest Missouri nonmetropolitan area,nonmetro,39-9011,Childcare Workers,,9.06,18850.0,7.89,8.23,8.79,9.38,10.84,16400.0,17110.0,18290.0,19510.0,22540.0,,
2015,3000001,East Montana nonmetropolitan area,nonmetro,39-9011,Childcare Workers,120.0,10.09,20990.0,8.33,8.74,9.52,10.93,11.79,17320.0,18180.0,19800.0,22730.0,24530.0,,
2015,3000002,Central Montana nonmetropolitan area,nonmetro,39-9011,Childcare Workers,140.0,9.69,20160.0,8.24,8.51,8.96,9.9,13.06,17130.0,17690.0,18640.0,20590.0,27170.0,,
2015,3000003,Southwest Montana nonmetropolitan area,nonmetro,39-9011,Childcare Workers,490.0,9.61,19980.0,8.25,8.53,8.99,9.53,11.9,17160.0,17740.0,18710.0,19810.0,24760.0,,
2015,3000004,West Montana nonmetropolitan area,nonmetro,39-9011,Childcare Workers,340.0,10.3,21420.0,8.34,8.75,9.43,11.35,13.94,17350.0,18200.0,19600.0,23610.0,29000.0,,
2015,3100001,Northwest Nebraska nonmetropolitan area,nonmetro,39-9011,Childcare Workers,,9.01,18740.0,8.16,8.4,8.79,9.19,9.53,16970.0,17460.0,18290.0,19110.0,19830.0,,
2015,3100002,Central Nebraska nonmetropolitan area,nonmetro,39-9011,Childcare Workers,720.0,9.03,18780.0,8.17,8.43,8.86,9.29,10.39,17000.0,17530.0,18420.0,19330.0,21600.0,,
2015,3100003,Northeast Nebraska nonmetropolitan area,nonmetro,39-9011,Childcare Workers,390.0,9.3,19350.0,8.2,8.49,8.98,9.69,11.29,17050.0,17660.0,18680.0,20160.0,23490.0,,
2015,3100004,Southeast Nebraska nonmetropolitan area,nonmetro,39-9011,Childcare Workers,230.0,9.23,19190.0,8.19,8.47,8.93,9.42,11.09,17030.0,17610.0,18580.0,19590.0,23080.0,,
2015,3200001,South Nevada nonmetropolitan area,nonmetro,39-9011,Childcare Workers,130.0,10.92,22720.0,7.98,8.74,10.17,11.96,16.66,16600.0,18170.0,21160.0,24890.0,34640.0,,
2015,3200002,North Nevada nonmetropolitan area,nonmetro,39-9011,Childcare Workers,,8.66,18000.0,7.57,7.92,8.51,9.1,10.69,15740.0,16470.0,17700.0,18930.0,22240.0,,
2015,3300001,Northern New Hampshire nonmetropolitan area,nonmetro,39-9011,Childcare Workers,110.0,11.54,24010.0,8.2,9.23,11.16,13.44,14.84,17050.0,19200.0,23220.0,27960.0,30870.0,,
2015,3300002,Central New Hampshire nonmetropolitan area,nonmetro,39-9011,Childcare Workers,460.0,9.85,20480.0,7.81,8.46,9.66,11.13,12.33,16240.0,17600.0,20090.0,23140.0,25650.0,,
2015,3300003,West Central New Hampshire nonmetropolitan area,nonmetro,39-9011,Childcare Workers,200.0,11.26,23420.0,8.02,8.89,10.51,13.61,16.74,16670.0,18500.0,21860.0,28300.0,34810.0,,
2015,3300004,Southwest New Hampshire nonmetropolitan area,nonmetro,39-9011,Childcare Workers,140.0,9.05,18830.0,7.73,8.13,8.79,9.45,11.27,16080.0,16910.0,18280.0,19660.0,23430.0,,
2015,3500001,North and West Central New Mexico nonmetropolitan area,nonmetro,39-9011,Childcare Workers,210.0,10.12,21060.0,7.97,8.41,9.14,10.99,14.37,16590.0,17490.0,19000.0,22850.0,29890.0,,
2015,3500002,Eastern New Mexico nonmetropolitan area,nonmetro,39-9011,Childcare Workers,340.0,8.63,17940.0,7.87,8.17,8.68,9.18,9.71,16380.0,17000.0,18050.0,19090.0,20190.0,,
2015,3500003,Southwestern New Mexico nonmetropolitan area,nonmetro,39-9011,Childcare Workers,100.0,8.44,17550.0,7.86,8.14,8.61,9.08,9.42,16350.0,16930.0,17910.0,18880.0,19590.0,,
2015,3600001,Capital/Northern New York nonmetropolitan area,nonmetro,39-9011,Childcare Workers,380.0,10.43,21690.0,8.86,9.03,9.37,11.12,13.84,18440.0,18790.0,19490.0,23130.0,28800.0,,
2015,3600002,East Central New York nonmetropolitan area,nonmetro,39-9011,Childcare Workers,150.0,,,,,,,,,,,,,*,*
2015,3600003,Central New York nonmetropolitan area,nonmetro,39-9011,Childcare Workers,660.0,10.91,22690.0,8.9,9.12,10.1,12.48,14.21,18510.0,18970.0,21010.0,25960.0,29570.0,,
2015,3600004,Southwest New York nonmetropolitan area,nonmetro,39-9011,Childcare Workers,870.0,11.17,23230.0,8.87,9.05,9.36,11.76,17.28,18450.0,18830.0,19470.0,24460.0,35930.0,,
2015,3700001,Southeast Coastal North Carolina nonmetropolitan area,nonmetro,39-9011,Childcare Workers,,9.2,19140.0,7.67,8.1,8.82,10.03,11.85,15950.0,16850.0,18350.0,20860.0,24650.0,,
2015,3700002,Northeast Coastal North Carolina nonmetropolitan area,nonmetro,39-9011,Childcare Workers,280.0,9.59,19950.0,7.87,8.49,9.54,10.86,11.67,16370.0,17670.0,19830.0,22590.0,24280.0,,
2015,3700003,Piedmont North Carolina nonmetropolitan area,nonmetro,39-9011,Childcare Workers,,9.97,20750.0,7.8,8.33,9.23,11.27,14.05,16210.0,17330.0,19190.0,23440.0,29220.0,,
2015,3700004,Mountain North Carolina nonmetropolitan area,nonmetro,39-9011,Childcare Workers,890.0,10.23,21280.0,7.84,8.44,9.43,11.86,14.04,16300.0,17550.0,19620.0,24670.0,29190.0,,
2015,3800001,Far West North Dakota nonmetropolitan area,nonmetro,39-9011,Childcare Workers,220.0,10.76,22390.0,7.95,8.59,9.7,12.9,14.64,16530.0,17870.0,20170.0,26840.0,30440.0,,
2015,3800002,West Central North Dakota nonmetropolitan area,nonmetro,39-9011,Childcare Workers,270.0,11.04,22960.0,8.0,8.77,10.34,13.22,16.03,16630.0,18230.0,21500.0,27500.0,33340.0,,
2015,3800003,East Central North Dakota nonmetropolitan area,nonmetro,39-9011,Childcare Workers,260.0,9.83,20450.0,7.79,8.34,9.26,11.24,13.65,16200.0,17360.0,19270.0,23380.0,28380.0,,
2015,3800004,Far East North Dakota nonmetropolitan area,nonmetro,39-9011,Childcare Workers,100.0,10.27,21360.0,7.81,8.36,9.29,11.06,14.96,16240.0,17400.0,19320.0,22990.0,31110.0,,
2015,3900001,West Northwestern Ohio nonmetropolitan area,nonmetro,39-9011,Childcare Workers,650.0,9.87,20530.0,8.32,8.64,9.18,10.66,12.62,17310.0,17980.0,19090.0,22170.0,26240.0,,
2015,3900002,North Northeastern Ohio non-metropolitan area (non-contiguous),nonmetro,39-9011,Childcare Workers,1020.0,9.68,20140.0,8.3,8.57,9.03,10.09,12.99,17260.0,17830.0,18780.0,21000.0,27020.0,,
2015,3900003,Eastern Ohio nonmetropolitan area,nonmetro,39-9011,Childcare Workers,230.0,9.47,19690.0,8.29,8.55,8.99,9.62,11.72,17240.0,17790.0,18700.0,20000.0,24370.0,,
2015,3900004,Southern Ohio non-metropolitan area,nonmetro,39-9011,Childcare Workers,170.0,9.58,19920.0,8.31,8.6,9.1,10.25,11.7,17280.0,17890.0,18920.0,21330.0,24330.0,,
2015,4000001,Northeast Oklahoma nonmetropolitan area,nonmetro,39-9011,Childcare Workers,480.0,8.86,18430.0,7.68,8.09,8.77,9.52,11.09,15970.0,16820.0,18230.0,19800.0,23060.0,,
2015,4000002,Northwest Oklahoma nonmetropolitan area,nonmetro,39-9011,Childcare Workers,520.0,8.76,18220.0,7.69,8.05,8.65,9.25,10.61,15990.0,16740.0,17990.0,19240.0,22060.0,,
2015,4000003,Southwest Oklahoma nonmetropolitan area,nonmetro,39-9011,Childcare Workers,280.0,9.3,19350.0,7.76,8.26,9.1,10.46,11.57,16140.0,17190.0,18940.0,21760.0,24060.0,,
2015,4000004,Southeast Oklahoma nonmetropolitan area,nonmetro,39-9011,Childcare Workers,590.0,9.76,20310.0,7.81,8.46,9.64,11.06,11.94,16240.0,17600.0,20040.0,23000.0,24840.0,,
2015,4100001,North Coast Oregon nonmetropolitan area,nonmetro,39-9011,Childcare Workers,,10.93,22730.0,9.66,10.06,10.74,11.41,11.81,20090.0,20930.0,22330.0,23730.0,24570.0,,
2015,4100002,South Coast Oregon nonmetropolitan area,nonmetro,39-9011,Childcare Workers,130.0,10.59,22020.0,9.32,9.54,10.3,11.09,11.56,19380.0,19830.0,21430.0,23060.0,24040.0,,
2015,4100003,Central Oregon nonmetropolitan area,nonmetro,39-9011,Childcare Workers,140.0,11.31,23520.0,9.34,9.51,11.05,12.82,14.15,19420.0,19780.0,22990.0,26660.0,29430.0,,
2015,4100004,Eastern Oregon nonmetropolitan area,nonmetro,39-9011,Childcare Workers,100.0,11.76,24460.0,9.3,9.4,10.56,13.86,16.67,19340.0,19560.0,21970.0,28820.0,34670.0,,
2015,4200001,Western Pennsylvania nonmetropolitan area,nonmetro,39-9011,Childcare Workers,580.0,9.82,20420.0,7.71,8.24,9.11,11.13,13.61,16050.0,17130.0,18940.0,23150.0,28310.0,,
2015,4200002,Northern Pennsylvania nonmetropolitan area,nonmetro,39-9011,Childcare Workers,620.0,8.93,18570.0,7.68,8.08,8.74,9.49,11.26,15980.0,16810.0,18190.0,19740.0,23430.0,,
2015,4200003,Southern Pennsylvania nonmetropolitan area,nonmetro,39-9011,Childcare Workers,530.0,9.1,18930.0,7.65,8.02,8.63,9.24,11.94,15910.0,16680.0,17950.0,19220.0,24840.0,,
2015,4500001,Low Country South Carolina nonmetropolitan area,nonmetro,39-9011,Childcare Workers,80.0,8.6,17880.0,7.69,8.06,8.68,9.31,10.38,16000.0,16770.0,18060.0,19360.0,21600.0,,
2015,4500002,Upper Savannah South Carolina nonmetropolitan area,nonmetro,39-9011,Childcare Workers,350.0,9.37,19480.0,7.66,8.08,8.78,9.91,13.1,15930.0,16810.0,18270.0,20610.0,27240.0,,
2015,4500003,Pee Dee South Carolina nonmetropolitan area,nonmetro,39-9011,Childcare Workers,100.0,10.64,22120.0,7.92,8.74,10.49,12.58,14.08,16470.0,18170.0,21820.0,26170.0,29280.0,,
2015,4500004,Lower Savannah South Carolina nonmetropolitan area,nonmetro,39-9011,Childcare Workers,120.0,9.04,18800.0,7.73,8.15,8.84,9.55,11.31,16080.0,16940.0,18380.0,19860.0,23520.0,,
2015,4600002,East South Dakota nonmetropolitan area,nonmetro,39-9011,Childcare Workers,700.0,9.97,20750.0,8.69,8.97,9.64,10.94,11.71,18070.0,18660.0,20050.0,22750.0,24370.0,,
2015,4600003,West South Dakota nonmetropolitan area,nonmetro,39-9011,Childcare Workers,360.0,9.39,19540.0,8.63,8.81,9.12,9.48,10.95,17940.0,18330.0,18980.0,19720.0,22770.0,,
2015,4700001,West Tennessee nonmetropolitan area,nonmetro,39-9011,Childcare Workers,360.0,8.87,18450.0,7.68,8.05,8.67,9.29,10.86,15980.0,16750.0,18030.0,19320.0,22580.0,,
2015,4700002,South Central Tennessee nonmetropolitan area,nonmetro,39-9011,Childcare Workers,250.0,8.31,17270.0,7.66,7.98,8.5,9.03,9.35,15940.0,16590.0,17690.0,18780.0,19450.0,,
2015,4700003,North Central Tennessee nonmetropolitan area,nonmetro,39-9011,Childcare Workers,280.0,8.88,18470.0,7.68,8.11,8.82,9.77,11.15,15970.0,16860.0,18340.0,20330.0,23190.0,,
2015,4700004,East Tennessee nonmetropolitan area,nonmetro,39-9011,Childcare Workers,430.0,8.9,18510.0,7.65,8.03,8.65,9.27,11.07,15920.0,16700.0,17990.0,19290.0,23020.0,,
2015,4800001,West Texas Region of Texas nonmetropolitan area,nonmetro,39-9011,Childcare Workers,670.0,8.91,18540.0,7.68,8.06,8.7,9.35,11.49,15980.0,16770.0,18100.0,19460.0,23910.0,,
2015,4800002,North Texas Region of Texas nonmetropolitan area,nonmetro,39-9011,Childcare Workers,1110.0,8.78,18270.0,7.66,8.06,8.72,9.41,10.94,15940.0,16760.0,18130.0,19580.0,22760.0,,
2015,4800003,Big Thicket Region of Texas nonmetropolitan area,nonmetro,39-9011,Childcare Workers,540.0,9.96,20720.0,7.87,8.53,9.66,11.33,13.11,16370.0,17750.0,20090.0,23570.0,27270.0,,
2015,4800004,Hill Country Region of Texas nonmetropolitan area,nonmetro,39-9011,Childcare Workers,770.0,9.26,19250.0,7.72,8.16,8.89,10.0,11.87,16050.0,16960.0,18480.0,20790.0,24700.0,,
2015,4800005,Border Region of Texas nonmetropolitan area,nonmetro,39-9011,Childcare Workers,250.0,9.49,19740.0,7.74,8.13,8.79,9.47,14.15,16090.0,16920.0,18290.0,19690.0,29430.0,,
2015,4800006,Coastal Plains Region of Texas nonmetropolitan area,nonmetro,39-9011,Childcare Workers,570.0,9.86,20510.0,7.79,8.31,9.18,11.54,13.76,16210.0,17290.0,19080.0,24000.0,28620.0,,
2015,4900001,Wasatch Back nonmetropolitan area,nonmetro,39-9011,Childcare Workers,140.0,12.58,26160.0,8.13,9.0,11.92,16.45,17.87,16910.0,18720.0,24790.0,34210.0,37170.0,,
2015,4900002,Central Utah nonmetropolitan area,nonmetro,39-9011,Childcare Workers,80.0,9.44,19640.0,7.68,8.09,8.76,9.54,13.71,15970.0,16820.0,18230.0,19840.0,28520.0,,
2015,4900003,Southwest Utah nonmetropolitan area,nonmetro,39-9011,Childcare Workers,50.0,8.43,17540.0,7.63,7.96,8.51,9.05,9.45,15880.0,16560.0,17690.0,18830.0,19650.0,,
2015,4900004,Eastern Utah nonmetropolitan area,nonmetro,39-9011,Childcare Workers,110.0,10.38,21600.0,8.16,9.12,10.24,11.26,11.88,16960.0,18970.0,21300.0,23420.0,24710.0,,
2015,5000001,Southern Vermont nonmetropolitan area,nonmetro,39-9011,Childcare Workers,320.0,12.2,25380.0,9.29,10.0,11.43,13.77,16.48,19310.0,20790.0,23770.0,28640.0,34270.0,,
2015,5000002,Northern Vermont nonmetropolitan area,nonmetro,39-9011,Childcare Workers,140.0,13.22,27500.0,9.42,10.61,13.02,15.97,17.73,19600.0,22060.0,27080.0,33210.0,36870.0,,
2015,5100001,Southwest Virginia nonmetropolitan area,nonmetro,39-9011,Childcare Workers,130.0,10.61,22070.0,7.86,8.47,9.46,11.68,15.12,16350.0,17610.0,19670.0,24300.0,31460.0,,
2015,5100002,Southside Virginia nonmetropolitan area,nonmetro,39-9011,Childcare Workers,190.0,8.81,18320.0,7.66,8.05,8.69,9.33,11.13,15940.0,16740.0,18070.0,19410.0,23150.0,,
2015,5100003,Northeast Virginia nonmetropolitan area,nonmetro,39-9011,Childcare Workers,130.0,8.44,17550.0,7.62,7.96,8.52,9.08,9.5,15850.0,16550.0,17720.0,18890.0,19760.0,,
2015,5100004,Northwest Virginia nonmetropolitan area,nonmetro,39-9011,Childcare Workers,180.0,9.12,18980.0,7.68,8.08,8.73,9.42,11.57,15980.0,16800.0,18160.0,19590.0,24070.0,,
2015,5300001,Northwest Washington nonmetropolitan area,nonmetro,39-9011,Childcare Workers,110.0,12.91,26860.0,9.6,10.32,12.15,15.54,17.47,19960.0,21470.0,25280.0,32330.0,36330.0,,
2015,5300002,Southwest Washington nonmetropolitan area,nonmetro,39-9011,Childcare Workers,350.0,11.34,23580.0,9.55,9.82,10.87,12.2,14.23,19870.0,20430.0,22620.0,25380.0,29610.0,,
2015,5300004,East Washington nonmetropolitan area,nonmetro,39-9011,Childcare Workers,,11.52,23960.0,9.79,10.26,11.04,12.15,14.43,20370.0,21350.0,22970.0,25280.0,30000.0,,
2015,5400001,Southern West Virginia nonmetropolitan area,nonmetro,39-9011,Childcare Workers,250.0,9.54,19830.0,8.2,8.5,8.99,9.55,12.24,17050.0,17670.0,18710.0,19860.0,25460.0,,
2015,5400002,Northern West Virginia nonmetropolitan area,nonmetro,39-9011,Childcare Workers,250.0,9.36,19470.0,8.22,8.55,9.11,9.95,11.16,17100.0,17790.0,18950.0,20700.0,23210.0,,
2015,5500001,Northwestern Wisconsin nonmetropolitan area,nonmetro,39-9011,Childcare Workers,140.0,9.58,19930.0,7.72,8.21,9.04,10.88,12.97,16060.0,17090.0,18800.0,22640.0,26980.0,,
2015,5500002,Northeastern Wisconsin nonmetropolitan area,nonmetro,39-9011,Childcare Workers,550.0,10.43,21700.0,7.84,8.56,10.03,12.03,14.16,16310.0,17810.0,20860.0,25030.0,29460.0,,
2015,5500003,South Central Wisconsin nonmetropolitan area,nonmetro,39-9011,Childcare Workers,440.0,8.94,18600.0,7.68,8.09,8.78,9.57,11.29,15980.0,16840.0,18260.0,19910.0,23490.0,,
2015,5500004,Western Wisconsin nonmetropolitan area,nonmetro,39-9011,Childcare Workers,240.0,10.41,21650.0,8.05,8.82,10.15,11.62,13.7,16750.0,18340.0,21100.0,24180.0,28500.0,,
2015,5600001,Northwest Wyoming nonmetropolitan area,nonmetro,39-9011,Childcare Workers,180.0,10.42,21670.0,7.88,8.7,10.24,11.55,13.98,16390.0,18100.0,21300.0,24010.0,29080.0,,
2015,5600002,Southwest Wyoming nonmetropolitan area,nonmetro,39-9011,Childcare Workers,200.0,12.55,26110.0,8.78,10.18,12.4,14.36,17.16,18250.0,21170.0,25790.0,29880.0,35700.0,,
2015,5600003,Northeast Wyoming nonmetropolitan area,nonmetro,39-9011,Childcare Workers,280.0,10.84,22540.0,7.99,8.94,10.42,12.5,14.59,16610.0,18600.0,21680.0,26010.0,30350.0,,
2015,5600004,Central-Southeast Wyoming nonmetropolitan area,nonmetro,39-9011,Childcare Workers,270.0,9.94,20670.0,7.81,8.31,9.15,11.36,14.27,16250.0,17290.0,19030.0,23630.0,29680.0,,
2016,0010180,"Abilene, TX",metro,39-9011,Childcare Workers,420.0,9.41,19580.0,7.76,8.2,8.92,10.07,12.47,16150.0,17050.0,18550.0,20960.0,25940.0,,
2016,0010380,"Aguadilla-Isabela, PR",metro,39-9011,Childcare Workers,110.0,8.35,17380.0,7.75,8.06,8.58,9.1,9.43,16110.0,16760.0,17840.0,18920.0,19610.0,,
2016,0010420,"Akron, OH",metro,39-9011,Childcare Workers,1100.0,10.64,22130.0,8.51,8.85,9.47,11.3,14.12,17690.0,18400.0,19690.0,23510.0,29360.0,,
2016,0010500,"Albany, GA",metro,39-9011,Childcare Workers,,9.24,19220.0,7.74,8.15,8.84,9.7,12.25,16100.0,16960.0,18390.0,20170.0,25480.0,,
2016,0010540,"Albany, OR",metro,39-9011,Childcare Workers,170.0,10.82,22500.0,9.58,9.78,10.64,11.52,12.54,19930.0,20340.0,22140.0,23950.0,26090.0,,
2016,0010580,"Albany-Schenectady-Troy, NY",metro,39-9011,Childcare Workers,2520.0,11.66,24260.0,9.13,9.37,10.68,12.88,16.19,18990.0,19490.0,22210.0,26800.0,33680.0,,
2016,0010740,"Albuquerque, NM",metro,39-9011,Childcare Workers,1260.0,9.87,20540.0,8.06,8.55,9.44,11.09,12.68,16770.0,17780.0,19640.0,23060.0,26380.0,,
2016,0010780,"Alexandria, LA",metro,39-9011,Childcare Workers,290.0,8.95,18610.0,7.75,8.13,8.77,9.4,11.4,16110.0,16910.0,18240.0,19550.0,23710.0,,
2016,0010900,"Allentown-Bethlehem-Easton, PA-NJ",metro,39-9011,Childcare Workers,1440.0,10.37,21570.0,7.92,8.58,9.41,11.33,13.94,16470.0,17840.0,19570.0,23560.0,29000.0,,
2016,0011020,"Altoona, PA",metro,39-9011,Childcare Workers,170.0,8.82,18340.0,7.78,8.13,8.7,9.27,9.7,16190.0,16900.0,18090.0,19280.0,20170.0,,
2016,0011100,"Amarillo, TX",metro,39-9011,Childcare Workers,500.0,9.56,19890.0,7.85,8.31,9.07,10.58,12.74,16320.0,17280.0,18870.0,22010.0,26510.0,,
2016,0011180,"Ames, IA",metro,39-9011,Childcare Workers,380.0,9.61,20000.0,7.87,8.43,9.37,10.98,11.99,16380.0,17540.0,19480.0,22850.0,24940.0,,
2016,0011244,"Anaheim-Santa Ana-Irvine, CA Metropolitan Division",metro,39-9011,Childcare Workers,4240.0,13.06,27170.0,10.01,10.77,12.05,14.31,17.38,20820.0,22410.0,25070.0,29760.0,36160.0,,
2016,0011260,"Anchorage, AK",metro,39-9011,Childcare Workers,1960.0,12.51,26010.0,9.94,10.76,12.14,14.09,15.23,20670.0,22380.0,25250.0,29310.0,31670.0,,
2016,0011460,"Ann Arbor, MI",metro,39-9011,Childcare Workers,670.0,10.84,22540.0,8.83,9.33,10.31,11.48,12.76,18370.0,19410.0,21440.0,23870.0,26550.0,,
2016,0011500,"Anniston-Oxford-Jacksonville, AL",metro,39-9011,Childcare Workers,140.0,8.78,18270.0,7.73,8.1,8.7,9.31,10.69,16090.0,16840.0,18100.0,19360.0,22230.0,,
2016,0011540,"Appleton, WI",metro,39-9011,Childcare Workers,290.0,10.66,22170.0,7.96,8.61,9.89,12.66,14.72,16550.0,17900.0,20560.0,26330.0,30620.0,,
2016,0011640,"Arecibo, PR",metro,39-9011,Childcare Workers,40.0,8.24,17140.0,7.62,7.93,8.44,8.95,9.25,15850.0,16480.0,17550.0,18610.0,19250.0,,
2016,0011700,"Asheville, NC",metro,39-9011,Childcare Workers,710.0,11.9,24740.0,8.21,9.29,11.41,14.17,16.95,17070.0,19330.0,23720.0,29480.0,35260.0,,
2016,0012020,"Athens-Clarke County, GA",metro,39-9011,Childcare Workers,510.0,9.5,19770.0,7.83,8.29,9.07,10.43,11.75,16280.0,17250.0,18870.0,21690.0,24440.0,,
2016,0012060,"Atlanta-Sandy Springs-Roswell, GA",metro,39-9011,Childcare Workers,13050.0,10.25,21320.0,7.95,8.53,9.5,11.58,14.04,16540.0,17750.0,19770.0,24100.0,29200.0,,
2016,0012100,"Atlantic City-Hammonton, NJ",metro,39-9011,Childcare Workers,260.0,11.17,23230.0,8.83,9.43,10.54,11.72,15.91,18360.0,19620.0,21930.0,24370.0,33100.0,,
2016,0012220,"Auburn-Opelika, AL",metro,39-9011,Childcare Workers,470.0,9.17,19080.0,7.76,8.21,8.95,10.03,11.6,16140.0,17070.0,18620.0,20860.0,24130.0,,
2016,0012260,"Augusta-Richmond County, GA-SC",metro,39-9011,Childcare Workers,650.0,9.03,18790.0,7.81,8.2,8.85,9.52,11.44,16240.0,17050.0,18400.0,19800.0,23790.0,,
2016,0012420,"Austin-Round Rock, TX",metro,39-9011,Childcare Workers,6150.0,11.22,23330.0,8.18,9.19,10.98,13.04,14.73,17020.0,19110.0,22850.0,27130.0,30640.0,,
2016,0012540,"Bakersfield, CA",metro,39-9011,Childcare Workers,1150.0,11.83,24610.0,10.01,10.4,11.34,12.53,14.71,20810.0,21640.0,23580.0,26060.0,30610.0,,
2016,0012580,"Baltimore-Columbia-Towson, MD",metro,39-9011,Childcare Workers,4380.0,11.17,23240.0,8.56,9.02,10.14,12.65,15.24,17800.0,18770.0,21100.0,26300.0,31700.0,,
2016,0012940,"Baton Rouge, LA",metro,39-9011,Childcare Workers,1940.0,8.93,18580.0,7.74,8.14,8.8,9.5,11.22,16100.0,16920.0,18300.0,19770.0,23340.0,,
2016,0012980,"Battle Creek, MI",metro,39-9011,Childcare Workers,290.0,10.26,21350.0,8.68,8.96,9.43,11.02,12.46,18060.0,18640.0,19610.0,22930.0,25920.0,,
2016,0013020,"Bay City, MI",metro,39-9011,Childcare Workers,140.0,9.28,19300.0,8.61,8.77,9.05,9.35,9.73,17910.0,18250.0,18820.0,19440.0,20230.0,,
2016,0013140,"Beaumont-Port Arthur, TX",metro,39-9011,Childcare Workers,630.0,8.83,18360.0,7.81,8.18,8.79,9.4,10.57,16250.0,17010.0,18280.0,19550.0,21980.0,,
2016,0013220,"Beckley, WV",metro,39-9011,Childcare Workers,210.0,9.72,20220.0,8.85,8.99,9.24,10.07,11.63,18400.0,18710.0,19210.0,20950.0,24190.0,,
2016,0013380,"Bellingham, WA",metro,39-9011,Childcare Workers,430.0,11.4,23710.0,10.03,10.48,11.22,11.94,13.52,20870.0,21790.0,23330.0,24840.0,28110.0,,
2016,0013460,"Bend-Redmond, OR",metro,39-9011,Childcare Workers,200.0,11.92,24780.0,9.58,9.72,11.13,13.62,16.3,19920.0,20210.0,23150.0,28320.0,33900.0,,
2016,0013740,"Billings, MT",metro,39-9011,Childcare Workers,590.0,10.16,21130.0,8.53,8.9,9.54,11.15,12.32,17730.0,18500.0,19840.0,23190.0,25620.0,,
2016,0013780,"Binghamton, NY",metro,39-9011,Childcare Workers,610.0,10.74,22340.0,9.13,9.32,9.78,11.81,14.02,18990.0,19390.0,20330.0,24570.0,29150.0,,
2016,0013820,"Birmingham-Hoover, AL",metro,39-9011,Childcare Workers,2300.0,9.06,18840.0,7.75,8.15,8.83,9.58,11.44,16120.0,16960.0,18360.0,19920.0,23780.0,,
2016,0013900,"Bismarck, ND",metro,39-9011,Childcare Workers,670.0,10.78,22410.0,8.25,9.38,10.53,11.68,14.34,17170.0,19510.0,21900.0,24290.0,29820.0,,
2016,0013980,"Blacksburg-Christiansburg-Radford, VA",metro,39-9011,Childcare Workers,230.0,9.33,19400.0,7.92,8.37,9.12,10.06,11.82,16460.0,17400.0,18960.0,20920.0,24590.0,,
2016,0014010,"Bloomington, IL",metro,39-9011,Childcare Workers,460.0,10.16,21130.0,8.73,9.05,9.71,11.19,12.12,18160.0,18820.0,20190.0,23270.0,25200.0,,
2016,0014020,"Bloomington, IN",metro,39-9011,Childcare Workers,230.0,8.67,18030.0,7.74,8.1,8.7,9.32,10.18,16110.0,16860.0,18110.0,19380.0,21180.0,,
2016,0014100,"Bloomsburg-Berwick, PA",metro,39-9011,Childcare Workers,,10.04,20890.0,7.83,8.45,9.57,11.68,13.67,16290.0,17580.0,19910.0,24290.0,28420.0,,
2016,0014260,"Boise City, ID",metro,39-9011,Childcare Workers,680.0,8.89,18480.0,7.78,8.17,8.81,9.48,11.01,16180.0,16990.0,18330.0,19720.0,22910.0,,
2016,0014500,"Boulder, CO",metro,39-9011,Childcare Workers,760.0,13.46,27990.0,9.1,10.88,13.29,14.93,17.77,18930.0,22640.0,27650.0,31050.0,36960.0,,
2016,0014540,"Bowling Green, KY",metro,39-9011,Childcare Workers,430.0,9.12,18960.0,7.77,8.21,8.95,9.93,11.38,16160.0,17090.0,18620.0,20660.0,23670.0,,
2016,0014740,"Bremerton-Silverdale, WA",metro,39-9011,Childcare Workers,120.0,11.75,24440.0,9.96,10.41,11.15,11.96,14.97,20720.0,21650.0,23190.0,24880.0,31140.0,,
2016,0015180,"Brownsville-Harlingen, TX",metro,39-9011,Childcare Workers,1400.0,9.21,19150.0,7.8,8.23,8.95,9.92,11.59,16220.0,17120.0,18620.0,20630.0,24100.0,,
2016,0015260,"Brunswick, GA",metro,39-9011,Childcare Workers,150.0,10.01,20810.0,7.86,8.3,9.02,10.03,14.41,16350.0,17250.0,18760.0,20870.0,29960.0,,
2016,0015380,"Buffalo-Cheektowaga-Niagara Falls, NY",metro,39-9011,Childcare Workers,1830.0,11.25,23400.0,9.12,9.3,9.75,12.06,15.02,18970.0,19330.0,20280.0,25080.0,31240.0,,
2016,0015500,"Burlington, NC",metro,39-9011,Childcare Workers,270.0,9.18,19090.0,7.82,8.27,9.03,10.03,11.4,16270.0,17210.0,18780.0,20860.0,23710.0,,
2016,0015680,"California-Lexington Park, MD",metro,39-9011,Childcare Workers,80.0,11.58,24100.0,8.52,8.93,10.09,13.79,16.53,17730.0,18580.0,20990.0,28690.0,34380.0,,
2016,0015804,"Camden, NJ Metropolitan Division",metro,39-9011,Childcare Workers,3170.0,11.88,24720.0,8.98,9.75,11.55,13.64,15.0,18670.0,20280.0,24020.0,28380.0,31210.0,,
2016,0015940,"Canton-Massillon, OH",metro,39-9011,Childcare Workers,670.0,9.57,19910.0,8.48,8.74,9.17,9.7,11.57,17640.0,18180.0,19070.0,20170.0,24070.0,,
2016,0015980,"Cape Coral-Fort Myers, FL",metro,39-9011,Childcare Workers,1440.0,11.04,22960.0,8.62,9.19,10.48,12.17,14.83,17930.0,19110.0,21800.0,25320.0,30850.0,,
2016,0016020,"Cape Girardeau, MO-IL",metro,39-9011,Childcare Workers,300.0,9.46,19670.0,8.03,8.37,8.92,9.55,11.98,16710.0,17410.0,18550.0,19860.0,24920.0,,
2016,0016060,"Carbondale-Marion, IL",metro,39-9011,Childcare Workers,180.0,10.05,20910.0,8.64,8.93,9.38,10.79,11.96,17980.0,18570.0,19510.0,22450.0,24880.0,,
2016,0016180,"Carson City, NV",metro,39-9011,Childcare Workers,100.0,10.66,22170.0,7.92,8.44,9.3,11.41,16.72,16480.0,17550.0,19330.0,23730.0,34780.0,,
2016,0016220,"Casper, WY",metro,39-9011,Childcare Workers,300.0,11.02,22910.0,8.54,9.88,10.93,12.01,14.03,17760.0,20550.0,22730.0,24980.0,29180.0,,
2016,0016300,"Cedar Rapids, IA",metro,39-9011,Childcare Workers,770.0,11.02,22930.0,7.99,8.9,10.46,12.52,15.5,16620.0,18520.0,21750.0,26040.0,32250.0,,
2016,0016540,"Chambersburg-Waynesboro, PA",metro,39-9011,Childcare Workers,70.0,8.79,18280.0,7.86,8.23,8.84,9.45,10.55,16340.0,17110.0,18380.0,19660.0,21940.0,,
2016,0016580,"Champaign-Urbana, IL",metro,39-9011,Childcare Workers,470.0,10.87,22620.0,8.81,9.26,10.42,11.69,13.49,18310.0,19270.0,21680.0,24320.0,28050.0,,
2016,0016620,"Charleston, WV",metro,39-9011,Childcare Workers,290.0,10.81,22480.0,8.96,9.27,10.27,11.94,13.91,18630.0,19280.0,21350.0,24840.0,28940.0,,
2016,0016700,"Charleston-North Charleston, SC",metro,39-9011,Childcare Workers,1210.0,9.55,19870.0,7.8,8.26,9.03,10.56,13.22,16230.0,17190.0,18790.0,21970.0,27490.0,,
2016,0016740,"Charlotte-Concord-Gastonia, NC-SC",metro,39-9011,Childcare Workers,5990.0,10.93,22730.0,8.07,8.88,10.4,12.28,14.78,16780.0,18470.0,21640.0,25540.0,30740.0,,
2016,0016820,"Charlottesville, VA",metro,39-9011,Childcare Workers,550.0,11.28,23470.0,8.0,8.81,10.65,13.16,15.74,16640.0,18320.0,22150.0,27370.0,32730.0,,
2016,0016860,"Chattanooga, TN-GA",metro,39-9011,Childcare Workers,900.0,9.79,20370.0,7.88,8.41,9.29,10.8,12.58,16380.0,17480.0,19320.0,22460.0,26160.0,,
2016,0016940,"Cheyenne, WY",metro,39-9011,Childcare Workers,270.0,9.03,18780.0,7.8,8.17,8.78,9.4,11.92,16220.0,16990.0,18270.0,19540.0,24780.0,,
2016,0016974,"Chicago-Naperville-Arlington Heights, IL Metropolitan Division",metro,39-9011,Childcare Workers,9680.0,11.72,24380.0,9.01,9.71,11.01,13.02,15.94,18740.0,20190.0,22890.0,27080.0,33150.0,,
2016,0017020,"Chico, CA",metro,39-9011,Childcare Workers,840.0,11.89,24730.0,10.0,10.01,10.32,13.06,16.95,20810.0,20810.0,21470.0,27160.0,35260.0,,
2016,0017140,"Cincinnati, OH-KY-IN",metro,39-9011,Childcare Workers,4620.0,11.11,23100.0,8.44,9.08,10.52,12.46,14.93,17560.0,18880.0,21890.0,25920.0,31060.0,,
2016,0017300,"Clarksville, TN-KY",metro,39-9011,Childcare Workers,560.0,8.74,18170.0,7.74,8.1,8.7,9.3,10.57,16090.0,16840.0,18090.0,19350.0,21990.0,,
2016,0017420,"Cleveland, TN",metro,39-9011,Childcare Workers,,8.62,17930.0,7.67,8.04,8.64,9.25,10.38,15950.0,16710.0,17980.0,19250.0,21600.0,,
2016,0017460,"Cleveland-Elyria, OH",metro,39-9011,Childcare Workers,4380.0,10.6,22040.0,8.53,8.9,9.58,11.55,14.6,17740.0,18500.0,19930.0,24020.0,30360.0,,
2016,0017660,"Coeur d'Alene, ID",metro,39-9011,Childcare Workers,,9.7,20180.0,7.9,8.44,9.34,10.84,11.97,16420.0,17550.0,19440.0,22550.0,24910.0,,
2016,0017780,"College Station-Bryan, TX",metro,39-9011,Childcare Workers,570.0,9.4,19560.0,7.85,8.29,9.04,10.18,11.85,16320.0,17250.0,18800.0,21160.0,24650.0,,
2016,0017820,"Colorado Springs, CO",metro,39-9011,Childcare Workers,500.0,11.1,23100.0,8.64,9.0,10.5,13.14,14.72,17960.0,18730.0,21840.0,27340.0,30620.0,,
2016,0017860,"Columbia, MO",metro,39-9011,Childcare Workers,430.0,11.58,24080.0,8.2,8.72,9.68,15.54,17.64,17060.0,18140.0,20140.0,32330.0,36700.0,,
2016,0017900,"Columbia, SC",metro,39-9011,Childcare Workers,1110.0,9.05,18830.0,7.68,8.07,8.73,9.46,11.63,15970.0,16790.0,18150.0,19670.0,24180.0,,
2016,0017980,"Columbus, GA-AL",metro,39-9011,Childcare Workers,700.0,9.21,19150.0,7.8,8.19,8.84,9.49,11.75,16230.0,17030.0,18380.0,19740.0,24440.0,,
2016,0018020,"Columbus, IN",metro,39-9011,Childcare Workers,140.0,,,,,,,,,,,,,*,*
2016,0018140,"Columbus, OH",metro,39-9011,Childcare Workers,4730.0,10.24,21290.0,8.53,8.94,9.85,11.27,12.16,17750.0,18590.0,20490.0,23440.0,25300.0,,
2016,0018580,"Corpus Christi, TX",metro,39-9011,Childcare Workers,1070.0,9.47,19690.0,7.87,8.36,9.17,10.53,11.87,16370.0,17380.0,19060.0,21910.0,24700.0,,
2016,0018700,"Corvallis, OR",metro,39-9011,Childcare Workers,110.0,10.24,21300.0,9.57,9.63,9.84,10.94,11.59,19910.0,20030.0,20480.0,22750.0,24110.0,,
2016,0018880,"Crestview-Fort Walton Beach-Destin, FL",metro,39-9011,Childcare Workers,530.0,10.39,21600.0,8.4,8.75,9.36,11.25,14.13,17480.0,18200.0,19470.0,23410.0,29390.0,,
2016,0019060,"Cumberland, MD-WV",metro,39-9011,Childcare Workers,160.0,10.41,21650.0,8.52,8.87,9.36,11.01,12.27,17730.0,18450.0,19460.0,22910.0,25520.0,,
2016,0019124,"Dallas-Plano-Irving, TX Metropolitan Division",metro,39-9011,Childcare Workers,9960.0,10.74,22330.0,7.9,8.48,9.45,11.77,14.87,16430.0,17630.0,19650.0,24480.0,30930.0,,
2016,0019140,"Dalton, GA",metro,39-9011,Childcare Workers,160.0,10.62,22100.0,8.05,8.79,10.17,11.46,12.26,16730.0,18290.0,21150.0,23840.0,25500.0,,
2016,0019180,"Danville, IL",metro,39-9011,Childcare Workers,80.0,12.46,25910.0,8.91,9.21,9.71,16.69,18.15,18520.0,19160.0,20200.0,34720.0,37750.0,,
2016,0019300,"Daphne-Fairhope-Foley, AL",metro,39-9011,Childcare Workers,250.0,9.33,19410.0,7.79,8.2,8.88,9.66,13.15,16200.0,17050.0,18480.0,20100.0,27350.0,,
2016,0019340,"Davenport-Moline-Rock Island, IA-IL",metro,39-9011,Childcare Workers,560.0,10.17,21160.0,8.0,8.71,9.45,11.07,12.35,16630.0,18120.0,19660.0,23030.0,25700.0,,
2016,0019380,"Dayton, OH",metro,39-9011,Childcare Workers,1340.0,11.02,22920.0,8.61,9.04,9.87,11.63,14.15,17900.0,18800.0,20530.0,24180.0,29440.0,,
2016,0019460,"Decatur, AL",metro,39-9011,Childcare Workers,200.0,8.38,17430.0,7.68,8.01,8.54,9.08,9.47,15980.0,16650.0,17770.0,18890.0,19690.0,,
2016,0019500,"Decatur, IL",metro,39-9011,Childcare Workers,150.0,10.94,22760.0,8.8,9.23,10.46,11.88,14.47,18300.0,19200.0,21760.0,24710.0,30090.0,,
2016,0019660,"Deltona-Daytona Beach-Ormond Beach, FL",metro,39-9011,Childcare Workers,880.0,10.56,21960.0,8.59,9.04,10.01,11.89,13.8,17880.0,18790.0,20820.0,24730.0,28700.0,,
2016,0019740,"Denver-Aurora-Lakewood, CO",metro,39-9011,Childcare Workers,5350.0,13.18,27410.0,9.12,10.32,12.76,14.98,18.38,18970.0,21470.0,26550.0,31150.0,38220.0,,
2016,0019780,"Des Moines-West Des Moines, IA",metro,39-9011,Childcare Workers,1810.0,11.2,23290.0,8.23,9.42,11.28,12.93,14.23,17110.0,19590.0,23470.0,26900.0,29610.0,,
2016,0019804,"Detroit-Dearborn-Livonia, MI Metropolitan Division",metro,39-9011,Childcare Workers,2800.0,11.24,23380.0,8.7,8.99,9.64,11.93,17.0,18090.0,18700.0,20060.0,24810.0,35350.0,,
2016,0020020,"Dothan, AL",metro,39-9011,Childcare Workers,,9.13,18990.0,7.81,8.19,8.82,9.45,11.41,16250.0,17030.0,18340.0,19650.0,23740.0,,
2016,0020100,"Dover, DE",metro,39-9011,Childcare Workers,300.0,12.11,25190.0,8.8,9.82,12.68,13.99,14.78,18310.0,20420.0,26370.0,29110.0,30750.0,,
2016,0020220,"Dubuque, IA",metro,39-9011,Childcare Workers,360.0,8.89,18490.0,7.72,8.09,8.73,9.37,11.0,16050.0,16840.0,18150.0,19490.0,22890.0,,
2016,0020260,"Duluth, MN-WI",metro,39-9011,Childcare Workers,530.0,10.91,22700.0,9.3,9.6,10.67,11.78,13.79,19340.0,19980.0,22190.0,24490.0,28690.0,,
2016,0020500,"Durham-Chapel Hill, NC",metro,39-9011,Childcare Workers,1180.0,10.94,22750.0,8.21,9.29,10.64,11.89,14.4,17080.0,19320.0,22140.0,24720.0,29960.0,,
2016,0020524,"Dutchess County-Putnam County, NY Metropolitan Division",metro,39-9011,Childcare Workers,780.0,13.01,27050.0,9.21,9.91,12.56,14.71,18.16,19150.0,20610.0,26110.0,30600.0,37770.0,,
2016,0020700,"East Stroudsburg, PA",metro,39-9011,Childcare Workers,130.0,8.82,18360.0,7.69,8.05,8.64,9.23,11.09,16000.0,16740.0,17960.0,19190.0,23060.0,,
2016,0020740,"Eau Claire, WI",metro,39-9011,Childcare Workers,370.0,10.22,21260.0,8.03,8.75,10.13,11.67,13.23,16700.0,18200.0,21080.0,24280.0,27520.0,,
2016,0020940,"El Centro, CA",metro,39-9011,Childcare Workers,360.0,11.52,23960.0,10.0,10.01,10.08,11.95,15.12,20800.0,20810.0,20960.0,24860.0,31440.0,,
2016,0020994,"Elgin, IL Metropolitan Division",metro,39-9011,Childcare Workers,1060.0,11.89,24740.0,9.24,10.29,11.99,13.55,14.57,19230.0,21390.0,24930.0,28190.0,30310.0,,
2016,0021060,"Elizabethtown-Fort Knox, KY",metro,39-9011,Childcare Workers,400.0,9.09,18900.0,7.81,8.24,8.94,9.89,11.5,16240.0,17130.0,18600.0,20570.0,23920.0,,
2016,0021140,"Elkhart-Goshen, IN",metro,39-9011,Childcare Workers,130.0,9.62,20010.0,8.0,8.67,9.57,10.77,11.57,16640.0,18030.0,19900.0,22410.0,24060.0,,
2016,0021340,"El Paso, TX",metro,39-9011,Childcare Workers,1220.0,9.15,19020.0,7.77,8.17,8.83,9.56,11.72,16170.0,16990.0,18370.0,19890.0,24380.0,,
2016,0021500,"Erie, PA",metro,39-9011,Childcare Workers,660.0,9.21,19170.0,7.75,8.18,8.9,9.92,11.72,16120.0,17010.0,18500.0,20630.0,24390.0,,
2016,0021660,"Eugene, OR",metro,39-9011,Childcare Workers,500.0,11.03,22940.0,9.44,9.58,10.53,11.94,13.85,19630.0,19930.0,21910.0,24840.0,28810.0,,
2016,0021780,"Evansville, IN-KY",metro,39-9011,Childcare Workers,640.0,9.16,19040.0,7.78,8.25,9.03,10.14,11.3,16190.0,17160.0,18780.0,21080.0,23510.0,,
2016,0021820,"Fairbanks, AK",metro,39-9011,Childcare Workers,130.0,15.52,32280.0,10.02,12.08,15.79,18.39,21.48,20840.0,25130.0,32840.0,38240.0,44680.0,,
2016,0022020,"Fargo, ND-MN",metro,39-9011,Childcare Workers,1180.0,10.17,21160.0,8.01,8.66,9.56,11.25,13.54,16660.0,18010.0,19890.0,23400.0,28150.0,,
2016,0022140,"Farmington, NM",metro,39-9011,Childcare Workers,170.0,9.64,20050.0,7.97,8.44,9.21,10.8,11.99,16580.0,17550.0,19160.0,22470.0,24940.0,,
2016,0022180,"Fayetteville, NC",metro,39-9011,Childcare Workers,800.0,9.47,19690.0,7.87,8.31,9.06,10.25,12.16,16360.0,17290.0,18840.0,21320.0,25290.0,,
2016,0022220,"Fayetteville-Springdale-Rogers, AR-MO",metro,39-9011,Childcare Workers,1430.0,9.47,19700.0,8.21,8.52,9.03,9.7,11.87,17070.0,17710.0,18780.0,20180.0,24680.0,,
2016,0022380,"Flagstaff, AZ",metro,39-9011,Childcare Workers,90.0,10.71,22280.0,8.53,8.91,9.6,11.93,14.12,17750.0,18530.0,19970.0,24820.0,29360.0,,
2016,0022420,"Flint, MI",metro,39-9011,Childcare Workers,1020.0,10.17,21150.0,8.71,9.02,9.59,11.12,12.15,18110.0,18750.0,19940.0,23120.0,25270.0,,
2016,0022500,"Florence, SC",metro,39-9011,Childcare Workers,220.0,9.07,18870.0,7.73,8.12,8.78,9.46,11.88,16080.0,16900.0,18260.0,19670.0,24700.0,,
2016,0022520,"Florence-Muscle Shoals, AL",metro,39-9011,Childcare Workers,230.0,8.55,17770.0,7.71,8.05,8.62,9.18,9.66,16030.0,16740.0,17920.0,19100.0,20090.0,,
2016,0022540,"Fond du Lac, WI",metro,39-9011,Childcare Workers,,10.22,21250.0,8.07,8.99,10.29,11.42,12.13,16780.0,18700.0,21400.0,23740.0,25230.0,,
2016,0022660,"Fort Collins, CO",metro,39-9011,Childcare Workers,400.0,10.49,21830.0,8.68,9.02,9.61,11.46,13.47,18050.0,18750.0,19980.0,23840.0,28020.0,,
2016,0022744,"Fort Lauderdale-Pompano Beach-Deerfield Beach, FL Metropolitan Division",metro,39-9011,Childcare Workers,4080.0,10.16,21140.0,8.54,8.92,9.57,11.2,12.72,17770.0,18560.0,19910.0,23300.0,26450.0,,
2016,0022900,"Fort Smith, AR-OK",metro,39-9011,Childcare Workers,610.0,9.11,18950.0,8.13,8.43,8.93,9.44,10.68,16900.0,17530.0,18580.0,19630.0,22210.0,,
2016,0023060,"Fort Wayne, IN",metro,39-9011,Childcare Workers,370.0,10.91,22700.0,7.94,8.63,9.86,11.84,17.16,16520.0,17940.0,20510.0,24630.0,35690.0,,
2016,0023104,"Fort Worth-Arlington, TX Metropolitan Division",metro,39-9011,Childcare Workers,6170.0,9.28,19300.0,7.79,8.22,8.94,10.01,11.69,16190.0,17100.0,18600.0,20820.0,24310.0,,
2016,0023420,"Fresno, CA",metro,39-9011,Childcare Workers,1530.0,12.49,25990.0,10.01,10.3,11.65,13.95,16.42,20810.0,21430.0,24220.0,29010.0,34160.0,,
2016,0023460,"Gadsden, AL",metro,39-9011,Childcare Workers,220.0,8.47,17620.0,7.71,8.04,8.6,9.15,9.56,16040.0,16730.0,17890.0,19040.0,19890.0,,
2016,0023540,"Gainesville, FL",metro,39-9011,Childcare Workers,240.0,10.23,21280.0,8.48,8.87,9.59,11.27,13.3,17640.0,18440.0,19950.0,23430.0,27670.0,,
2016,0023580,"Gainesville, GA",metro,39-9011,Childcare Workers,200.0,9.16,19040.0,7.7,8.1,8.78,9.69,11.95,16010.0,16850.0,18260.0,20150.0,24860.0,,
2016,0023844,"Gary, IN Metropolitan Division",metro,39-9011,Childcare Workers,1170.0,9.72,20230.0,7.83,8.3,9.1,11.09,13.68,16280.0,17270.0,18930.0,23070.0,28450.0,,
2016,0023900,"Gettysburg, PA",metro,39-9011,Childcare Workers,40.0,10.22,21260.0,7.81,8.41,9.49,12.0,14.15,16240.0,17500.0,19730.0,24950.0,29430.0,,
2016,0024020,"Glens Falls, NY",metro,39-9011,Childcare Workers,,10.84,22540.0,9.16,9.39,9.81,11.62,13.84,19050.0,19520.0,20400.0,24170.0,28780.0,,
2016,0024140,"Goldsboro, NC",metro,39-9011,Childcare Workers,,8.87,18460.0,7.8,8.17,8.8,9.43,10.87,16230.0,17000.0,18300.0,19600.0,22600.0,,
2016,0024220,"Grand Forks, ND-MN",metro,39-9011,Childcare Workers,240.0,9.83,20440.0,7.8,8.35,9.2,9.47,12.29,16220.0,17360.0,19140.0,19700.0,25550.0,,
2016,0024260,"Grand Island, NE",metro,39-9011,Childcare Workers,210.0,9.76,20300.0,9.06,9.16,9.34,9.66,11.3,18850.0,19050.0,19430.0,20100.0,23500.0,,
2016,0024300,"Grand Junction, CO",metro,39-9011,Childcare Workers,160.0,10.14,21100.0,8.63,8.92,9.44,11.21,12.94,17960.0,18560.0,19620.0,23320.0,26910.0,,
2016,0024340,"Grand Rapids-Wyoming, MI",metro,39-9011,Childcare Workers,1940.0,11.62,24180.0,8.79,9.23,10.49,12.16,16.68,18290.0,19200.0,21810.0,25300.0,34690.0,,
2016,0024420,"Grants Pass, OR",metro,39-9011,Childcare Workers,,10.73,22330.0,9.54,9.96,10.66,11.36,12.06,19840.0,20720.0,22180.0,23630.0,25080.0,,
2016,0024500,"Great Falls, MT",metro,39-9011,Childcare Workers,270.0,10.56,21960.0,8.84,9.67,10.62,11.58,12.15,18390.0,20110.0,22100.0,24080.0,25280.0,,
2016,0024540,"Greeley, CO",metro,39-9011,Childcare Workers,190.0,10.92,22720.0,8.74,9.22,10.35,12.72,14.33,18190.0,19170.0,21520.0,26450.0,29800.0,,
2016,0024580,"Green Bay, WI",metro,39-9011,Childcare Workers,370.0,10.87,22600.0,7.86,8.54,10.19,13.2,14.77,16360.0,17750.0,21190.0,27460.0,30720.0,,
2016,0024660,"Greensboro-High Point, NC",metro,39-9011,Childcare Workers,1900.0,9.33,19400.0,7.81,8.27,9.04,10.31,11.79,16250.0,17210.0,18800.0,21440.0,24520.0,,
2016,0024780,"Greenville, NC",metro,39-9011,Childcare Workers,300.0,10.48,21800.0,8.01,8.86,10.45,11.8,13.63,16670.0,18430.0,21730.0,24540.0,28350.0,,
2016,0024860,"Greenville-Anderson-Mauldin, SC",metro,39-9011,Childcare Workers,1160.0,8.78,18270.0,7.74,8.1,8.71,9.31,10.28,16100.0,16860.0,18110.0,19370.0,21370.0,,
2016,0025060,"Gulfport-Biloxi-Pascagoula, MS",metro,39-9011,Childcare Workers,390.0,9.96,20720.0,7.93,8.47,9.4,11.11,13.36,16490.0,17630.0,19540.0,23100.0,27780.0,,
2016,0025180,"Hagerstown-Martinsburg, MD-WV",metro,39-9011,Childcare Workers,570.0,10.63,22110.0,8.61,8.97,9.46,11.94,14.64,17910.0,18650.0,19680.0,24830.0,30460.0,,
2016,0025220,"Hammond, LA",metro,39-9011,Childcare Workers,420.0,9.15,19030.0,7.81,8.28,9.07,10.24,11.41,16250.0,17230.0,18860.0,21290.0,23720.0,,
2016,0025260,"Hanford-Corcoran, CA",metro,39-9011,Childcare Workers,150.0,11.56,24050.0,10.0,10.01,11.09,12.74,14.28,20810.0,20820.0,23070.0,26500.0,29700.0,,
2016,0025420,"Harrisburg-Carlisle, PA",metro,39-9011,Childcare Workers,1320.0,9.89,20560.0,7.88,8.5,9.57,11.24,12.43,16390.0,17670.0,19910.0,23370.0,25850.0,,
2016,0025500,"Harrisonburg, VA",metro,39-9011,Childcare Workers,220.0,9.18,19090.0,7.75,8.19,8.91,9.95,11.68,16130.0,17030.0,18540.0,20690.0,24300.0,,
2016,0025620,"Hattiesburg, MS",metro,39-9011,Childcare Workers,310.0,8.82,18350.0,7.79,8.17,8.81,9.46,10.92,16210.0,17000.0,18320.0,19670.0,22720.0,,
2016,0025860,"Hickory-Lenoir-Morganton, NC",metro,39-9011,Childcare Workers,580.0,9.56,19870.0,7.88,8.37,9.19,10.4,11.68,16390.0,17410.0,19120.0,21640.0,24300.0,,
2016,0025940,"Hilton Head Island-Bluffton-Beaufort, SC",metro,39-9011,Childcare Workers,300.0,9.35,19440.0,7.63,8.06,8.75,10.03,12.55,15870.0,16760.0,18210.0,20860.0,26100.0,,
2016,0025980,"Hinesville, GA",metro,39-9011,Childcare Workers,110.0,8.93,18570.0,7.73,8.09,8.69,9.3,12.04,16080.0,16830.0,18080.0,19340.0,25040.0,,
2016,0026140,"Homosassa Springs, FL",metro,39-9011,Childcare Workers,,9.35,19460.0,8.46,8.71,9.13,9.62,11.11,17590.0,18120.0,19000.0,20020.0,23100.0,,
2016,0026300,"Hot Springs, AR",metro,39-9011,Childcare Workers,,9.04,18800.0,8.18,8.44,8.89,9.33,10.06,17010.0,17560.0,18480.0,19410.0,20930.0,,
2016,0026380,"Houma-Thibodaux, LA",metro,39-9011,Childcare Workers,290.0,9.23,19210.0,7.7,8.09,8.74,9.43,12.31,16010.0,16830.0,18180.0,19620.0,25610.0,,
2016,0026420,"Houston-The Woodlands-Sugar Land, TX",metro,39-9011,Childcare Workers,12890.0,9.75,20280.0,7.88,8.4,9.26,10.91,12.81,16390.0,17470.0,19270.0,22700.0,26650.0,,
2016,0026580,"Huntington-Ashland, WV-KY-OH",metro,39-9011,Childcare Workers,490.0,9.84,20460.0,8.57,8.9,9.24,9.9,11.89,17830.0,18520.0,19230.0,20590.0,24720.0,,
2016,0026620,"Huntsville, AL",metro,39-9011,Childcare Workers,860.0,8.83,18360.0,7.69,8.07,8.72,9.4,11.08,15990.0,16790.0,18130.0,19560.0,23050.0,,
2016,0026820,"Idaho Falls, ID",metro,39-9011,Childcare Workers,250.0,8.48,17650.0,7.64,7.97,8.54,9.1,9.59,15880.0,16580.0,17750.0,18920.0,19940.0,,
2016,0026900,"Indianapolis-Carmel-Anderson, IN",metro,39-9011,Childcare Workers,3760.0,10.08,20980.0,8.02,8.86,10.22,11.36,12.06,16680.0,18430.0,21260.0,23620.0,25090.0,,
2016,0026980,"Iowa City, IA",metro,39-9011,Childcare Workers,780.0,10.3,21420.0,8.08,9.05,10.39,11.48,12.17,16810.0,18820.0,21610.0,23870.0,25320.0,,
2016,0027060,"Ithaca, NY",metro,39-9011,Childcare Workers,440.0,11.27,23450.0,9.24,9.73,10.86,12.07,14.46,19220.0,20240.0,22580.0,25100.0,30070.0,,
2016,0027100,"Jackson, MI",metro,39-9011,Childcare Workers,150.0,10.43,21700.0,8.69,8.99,9.49,11.24,13.61,18080.0,18690.0,19750.0,23370.0,28300.0,,
2016,0027140,"Jackson, MS",metro,39-9011,Childcare Workers,2050.0,9.21,19150.0,7.82,8.26,8.99,10.03,11.6,16260.0,17170.0,18700.0,20870.0,24130.0,,
2016,0027180,"Jackson, TN",metro,39-9011,Childcare Workers,270.0,9.4,19550.0,7.81,8.24,8.95,10.04,12.18,16240.0,17130.0,18620.0,20880.0,25340.0,,
2016,0027260,"Jacksonville, FL",metro,39-9011,Childcare Workers,2820.0,10.41,21650.0,8.62,9.15,10.17,11.38,12.24,17920.0,19030.0,21160.0,23670.0,25460.0,,
2016,0027340,"Jacksonville, NC",metro,39-9011,Childcare Workers,330.0,9.27,19290.0,7.77,8.21,8.94,10.2,12.03,16170.0,17080.0,18590.0,21220.0,25030.0,,
2016,0027500,"Janesville-Beloit, WI",metro,39-9011,Childcare Workers,,9.88,20540.0,7.8,8.42,9.51,11.27,12.88,16220.0,17510.0,19790.0,23440.0,26780.0,,
2016,0027620,"Jefferson City, MO",metro,39-9011,Childcare Workers,590.0,10.52,21890.0,8.14,8.58,9.31,11.9,15.53,16940.0,17840.0,19360.0,24760.0,32300.0,,
2016,0027740,"Johnson City, TN",metro,39-9011,Childcare Workers,300.0,9.46,19670.0,7.85,8.28,8.98,9.7,11.85,16340.0,17220.0,18690.0,20180.0,24650.0,,
2016,0027780,"Johnstown, PA",metro,39-9011,Childcare Workers,330.0,8.55,17790.0,7.63,7.97,8.52,9.08,9.5,15880.0,16580.0,17730.0,18880.0,19760.0,,
2016,0027860,"Jonesboro, AR",metro,39-9011,Childcare Workers,240.0,9.74,20260.0,8.24,8.59,9.18,10.62,12.33,17130.0,17870.0,19100.0,22100.0,25660.0,,
2016,0027900,"Joplin, MO",metro,39-9011,Childcare Workers,400.0,9.77,20320.0,8.08,8.45,9.07,10.5,13.55,16800.0,17570.0,18860.0,21840.0,28190.0,,
2016,0027980,"Kahului-Wailuku-Lahaina, HI",metro,39-9011,Childcare Workers,220.0,10.5,21830.0,8.65,8.87,9.23,11.04,14.34,17990.0,18440.0,19210.0,22960.0,29830.0,,
2016,0028020,"Kalamazoo-Portage, MI",metro,39-9011,Childcare Workers,700.0,9.85,20480.0,8.65,8.88,9.26,9.71,12.33,18000.0,18470.0,19260.0,20190.0,25640.0,,
2016,0028100,"Kankakee, IL",metro,39-9011,Childcare Workers,210.0,11.19,23270.0,8.91,9.43,10.67,11.97,14.8,18530.0,19610.0,22180.0,24900.0,30790.0,,
2016,0028140,"Kansas City, MO-KS",metro,39-9011,Childcare Workers,5440.0,10.03,20850.0,7.98,8.48,9.32,11.12,13.39,16600.0,17650.0,19390.0,23140.0,27850.0,,
2016,0028420,"Kennewick-Richland, WA",metro,39-9011,Childcare Workers,,10.97,22820.0,9.82,10.2,10.9,11.59,12.06,20420.0,21220.0,22660.0,24100.0,25080.0,,
2016,0028660,"Killeen-Temple, TX",metro,39-9011,Childcare Workers,790.0,8.71,18120.0,7.76,8.11,8.68,9.26,9.73,16140.0,16860.0,18060.0,19260.0,20250.0,,
2016,0028700,"Kingsport-Bristol-Bristol, TN-VA",metro,39-9011,Childcare Workers,320.0,8.84,18380.0,7.77,8.15,8.77,9.4,10.9,16170.0,16940.0,18240.0,19540.0,22670.0,,
2016,0028740,"Kingston, NY",metro,39-9011,Childcare Workers,180.0,11.43,23770.0,9.21,9.99,11.16,12.35,14.37,19150.0,20780.0,23200.0,25690.0,29890.0,,
2016,0028940,"Knoxville, TN",metro,39-9011,Childcare Workers,1270.0,8.93,18560.0,7.74,8.12,8.75,9.4,11.22,16110.0,16890.0,18200.0,19550.0,23340.0,,
2016,0029020,"Kokomo, IN",metro,39-9011,Childcare Workers,110.0,9.9,20600.0,8.11,8.84,10.07,11.24,11.96,16860.0,18390.0,20960.0,23380.0,24870.0,,
2016,0029180,"Lafayette, LA",metro,39-9011,Childcare Workers,1230.0,10.08,20960.0,7.85,8.39,9.29,11.46,14.25,16330.0,17450.0,19310.0,23830.0,29640.0,,
2016,0029340,"Lake Charles, LA",metro,39-9011,Childcare Workers,290.0,8.97,18670.0,7.78,8.19,8.87,9.6,11.27,16180.0,17030.0,18450.0,19970.0,23430.0,,
2016,0029404,"Lake County-Kenosha County, IL-WI Metropolitan Division",metro,39-9011,Childcare Workers,1470.0,11.14,23180.0,8.79,9.63,10.84,12.08,14.41,18280.0,20030.0,22550.0,25130.0,29970.0,,
2016,0029420,"Lake Havasu City-Kingman, AZ",metro,39-9011,Childcare Workers,130.0,9.37,19490.0,8.28,8.55,8.99,10.02,11.58,17230.0,17780.0,18700.0,20840.0,24080.0,,
2016,0029460,"Lakeland-Winter Haven, FL",metro,39-9011,Childcare Workers,850.0,9.37,19480.0,8.35,8.61,9.05,9.77,11.29,17370.0,17920.0,18830.0,20320.0,23490.0,,
2016,0029540,"Lancaster, PA",metro,39-9011,Childcare Workers,820.0,10.2,21210.0,7.95,8.68,9.92,11.4,13.26,16530.0,18050.0,20640.0,23720.0,27570.0,,
2016,0029620,"Lansing-East Lansing, MI",metro,39-9011,Childcare Workers,990.0,10.9,22670.0,8.68,8.94,9.43,11.81,16.02,18050.0,18600.0,19620.0,24570.0,33330.0,,
2016,0029700,"Laredo, TX",metro,39-9011,Childcare Workers,550.0,8.85,18410.0,7.72,8.08,8.69,9.31,11.01,16050.0,16810.0,18080.0,19370.0,22890.0,,
2016,0029740,"Las Cruces, NM",metro,39-9011,Childcare Workers,480.0,9.64,20060.0,8.06,8.46,9.13,10.71,12.93,16770.0,17600.0,19000.0,22280.0,26890.0,,
2016,0029820,"Las Vegas-Henderson-Paradise, NV",metro,39-9011,Childcare Workers,2090.0,10.18,21170.0,7.89,8.55,9.72,11.35,13.18,16410.0,17780.0,20220.0,23610.0,27410.0,,
2016,0029940,"Lawrence, KS",metro,39-9011,Childcare Workers,410.0,9.36,19460.0,7.85,8.34,9.17,10.52,11.69,16320.0,17350.0,19070.0,21890.0,24310.0,,
2016,0030020,"Lawton, OK",metro,39-9011,Childcare Workers,260.0,8.95,18610.0,7.72,8.12,8.79,9.5,11.29,16050.0,16890.0,18290.0,19760.0,23490.0,,
2016,0030140,"Lebanon, PA",metro,39-9011,Childcare Workers,230.0,10.03,20870.0,7.93,8.53,9.56,11.14,12.21,16500.0,17740.0,19890.0,23180.0,25390.0,,
2016,0030300,"Lewiston, ID-WA",metro,39-9011,Childcare Workers,80.0,10.64,22120.0,9.45,9.82,10.61,11.6,12.21,19650.0,20420.0,22060.0,24130.0,25390.0,,
2016,0030460,"Lexington-Fayette, KY",metro,39-9011,Childcare Workers,2030.0,9.9,20580.0,7.85,8.39,9.28,11.24,13.67,16330.0,17450.0,19310.0,23380.0,28420.0,,
2016,0030620,"Lima, OH",metro,39-9011,Childcare Workers,230.0,10.31,21440.0,8.6,9.01,9.75,11.21,12.12,17890.0,18740.0,20270.0,23320.0,25200.0,,
2016,0030700,"Lincoln, NE",metro,39-9011,Childcare Workers,1550.0,10.51,21870.0,9.1,9.24,9.84,11.43,12.88,18920.0,19230.0,20470.0,23770.0,26790.0,,
2016,0030780,"Little Rock-North Little Rock-Conway, AR",metro,39-9011,Childcare Workers,2130.0,9.78,20330.0,8.27,8.67,9.35,10.82,11.88,17190.0,18030.0,19460.0,22510.0,24720.0,,
2016,0030860,"Logan, UT-ID",metro,39-9011,Childcare Workers,280.0,9.84,20470.0,7.81,8.39,9.39,11.15,12.85,16240.0,17450.0,19540.0,23180.0,26730.0,,
2016,0030980,"Longview, TX",metro,39-9011,Childcare Workers,370.0,8.79,18290.0,7.64,8.01,8.63,9.24,10.86,15900.0,16670.0,17940.0,19220.0,22590.0,,
2016,0031020,"Longview, WA",metro,39-9011,Childcare Workers,40.0,12.62,26240.0,10.28,11.2,12.82,14.11,14.88,21380.0,23300.0,26660.0,29340.0,30940.0,,
2016,0031084,"Los Angeles-Long Beach-Glendale, CA Metropolitan Division",metro,39-9011,Childcare Workers,16110.0,12.65,26310.0,10.01,10.56,11.95,14.13,16.64,20810.0,21970.0,24860.0,29400.0,34620.0,,
2016,0031140,"Louisville/Jefferson County, KY-IN",metro,39-9011,Childcare Workers,3790.0,9.91,20610.0,7.85,8.31,9.08,10.69,13.99,16320.0,17280.0,18880.0,22230.0,29100.0,,
2016,0031180,"Lubbock, TX",metro,39-9011,Childcare Workers,840.0,9.27,19290.0,7.89,8.35,9.11,10.24,11.6,16420.0,17370.0,18950.0,21300.0,24130.0,,
2016,0031340,"Lynchburg, VA",metro,39-9011,Childcare Workers,480.0,8.98,18680.0,7.74,8.15,8.84,9.7,11.27,16090.0,16950.0,18380.0,20180.0,23440.0,,
2016,0031420,"Macon, GA",metro,39-9011,Childcare Workers,220.0,9.36,19460.0,7.91,8.31,8.98,9.66,12.05,16440.0,17280.0,18680.0,20100.0,25060.0,,
2016,0031460,"Madera, CA",metro,39-9011,Childcare Workers,160.0,12.39,25760.0,10.01,10.48,11.63,14.01,16.22,20810.0,21790.0,24180.0,29140.0,33740.0,,
2016,0031540,"Madison, WI",metro,39-9011,Childcare Workers,860.0,10.97,22820.0,8.13,9.11,10.49,11.9,14.89,16900.0,18940.0,21830.0,24750.0,30970.0,,
2016,0031740,"Manhattan, KS",metro,39-9011,Childcare Workers,140.0,9.13,18980.0,7.5,7.87,8.48,9.09,11.36,15590.0,16360.0,17640.0,18920.0,23630.0,,
2016,0031860,"Mankato-North Mankato, MN",metro,39-9011,Childcare Workers,170.0,9.78,20340.0,9.19,9.27,9.41,9.62,10.84,19120.0,19270.0,19580.0,20010.0,22540.0,,
2016,0031900,"Mansfield, OH",metro,39-9011,Childcare Workers,140.0,10.02,20840.0,8.5,8.76,9.19,9.98,13.75,17680.0,18220.0,19120.0,20770.0,28590.0,,
2016,0032420,"Mayagüez, PR",metro,39-9011,Childcare Workers,60.0,8.26,17170.0,7.66,7.97,8.49,9.0,9.33,15940.0,16580.0,17650.0,18720.0,19410.0,,
2016,0032580,"McAllen-Edinburg-Mission, TX",metro,39-9011,Childcare Workers,1110.0,9.48,19710.0,7.81,8.26,9.01,10.32,12.0,16250.0,17180.0,18730.0,21460.0,24950.0,,
2016,0032780,"Medford, OR",metro,39-9011,Childcare Workers,190.0,14.25,29650.0,9.61,9.73,11.3,15.04,27.48,19990.0,20240.0,23510.0,31290.0,57160.0,,
2016,0032820,"Memphis, TN-MS-AR",metro,39-9011,Childcare Workers,2580.0,9.74,20260.0,7.86,8.3,9.0,10.05,13.03,16350.0,17250.0,18720.0,20910.0,27100.0,,
2016,0032900,"Merced, CA",metro,39-9011,Childcare Workers,190.0,12.93,26900.0,10.71,11.86,13.02,14.15,14.84,22270.0,24670.0,27070.0,29430.0,30860.0,,
2016,0033124,"Miami-Miami Beach-Kendall, FL Metropolitan Division",metro,39-9011,Childcare Workers,6250.0,10.67,22200.0,8.51,8.87,9.49,11.6,15.11,17700.0,18450.0,19750.0,24140.0,31440.0,,
2016,0033140,"Michigan City-La Porte, IN",metro,39-9011,Childcare Workers,120.0,9.14,19010.0,7.75,8.17,8.88,9.77,11.27,16110.0,17000.0,18480.0,20320.0,23440.0,,
2016,0033220,"Midland, MI",metro,39-9011,Childcare Workers,310.0,10.04,20870.0,8.68,8.94,9.4,10.89,12.11,18050.0,18600.0,19550.0,22650.0,25190.0,,
2016,0033260,"Midland, TX",metro,39-9011,Childcare Workers,400.0,11.51,23940.0,8.54,9.69,11.01,12.97,16.37,17760.0,20150.0,22890.0,26990.0,34050.0,,
2016,0033340,"Milwaukee-Waukesha-West Allis, WI",metro,39-9011,Childcare Workers,2460.0,10.73,22310.0,8.12,9.0,10.34,11.83,14.38,16880.0,18710.0,21510.0,24610.0,29910.0,,
2016,0033460,"Minneapolis-St. Paul-Bloomington, MN-WI",metro,39-9011,Childcare Workers,7490.0,11.82,24590.0,9.32,9.64,11.3,13.41,15.19,19380.0,20050.0,23500.0,27900.0,31590.0,,
2016,0033540,"Missoula, MT",metro,39-9011,Childcare Workers,430.0,9.35,19450.0,8.43,8.65,9.03,9.39,10.55,17540.0,18000.0,18770.0,19540.0,21940.0,,
2016,0033660,"Mobile, AL",metro,39-9011,Childcare Workers,860.0,9.02,18770.0,7.77,8.17,8.84,9.54,11.33,16160.0,16990.0,18380.0,19840.0,23570.0,,
2016,0033700,"Modesto, CA",metro,39-9011,Childcare Workers,760.0,12.47,25940.0,10.0,10.01,11.84,14.06,15.45,20810.0,20820.0,24620.0,29250.0,32130.0,,
2016,0033740,"Monroe, LA",metro,39-9011,Childcare Workers,220.0,9.57,19910.0,7.9,8.38,9.18,10.57,12.73,16430.0,17430.0,19090.0,21980.0,26480.0,,
2016,0033780,"Monroe, MI",metro,39-9011,Childcare Workers,160.0,10.24,21310.0,8.68,8.96,9.44,10.87,12.11,18060.0,18640.0,19640.0,22610.0,25200.0,,
2016,0033860,"Montgomery, AL",metro,39-9011,Childcare Workers,1060.0,8.8,18310.0,7.7,8.07,8.69,9.32,10.92,16020.0,16800.0,18080.0,19390.0,22720.0,,
2016,0033874,"Montgomery County-Bucks County-Chester County, PA Metropolitan Division",metro,39-9011,Childcare Workers,3660.0,10.58,22010.0,7.93,8.58,9.83,12.07,14.48,16490.0,17850.0,20440.0,25100.0,30130.0,,
2016,0034060,"Morgantown, WV",metro,39-9011,Childcare Workers,260.0,9.6,19970.0,8.84,8.98,9.22,9.46,11.07,18390.0,18690.0,19170.0,19680.0,23030.0,,
2016,0034580,"Mount Vernon-Anacortes, WA",metro,39-9011,Childcare Workers,120.0,11.38,23680.0,9.94,10.4,11.16,11.92,13.59,20680.0,21630.0,23210.0,24800.0,28270.0,,
2016,0034620,"Muncie, IN",metro,39-9011,Childcare Workers,580.0,9.42,19590.0,7.81,8.32,9.16,10.6,11.76,16250.0,17290.0,19040.0,22040.0,24470.0,,
2016,0034740,"Muskegon, MI",metro,39-9011,Childcare Workers,230.0,10.51,21860.0,8.88,9.47,10.48,11.47,12.08,18470.0,19700.0,21790.0,23850.0,25120.0,,
2016,0034820,"Myrtle Beach-Conway-North Myrtle Beach, SC-NC",metro,39-9011,Childcare Workers,380.0,10.54,21920.0,8.38,9.72,10.68,11.64,12.58,17430.0,20210.0,22210.0,24220.0,26170.0,,
2016,0034900,"Napa, CA",metro,39-9011,Childcare Workers,,12.79,26600.0,10.0,10.16,11.82,15.13,17.57,20810.0,21120.0,24590.0,31460.0,36550.0,,
2016,0034940,"Naples-Immokalee-Marco Island, FL",metro,39-9011,Childcare Workers,500.0,11.45,23810.0,8.84,9.69,11.17,13.06,14.7,18390.0,20160.0,23240.0,27160.0,30580.0,,
2016,0034980,"Nashville-Davidson--Murfreesboro--Franklin, TN",metro,39-9011,Childcare Workers,3320.0,10.74,22340.0,8.08,8.9,10.3,11.82,14.63,16810.0,18510.0,21420.0,24590.0,30430.0,,
2016,0035004,"Nassau County-Suffolk County, NY Metropolitan Division",metro,39-9011,Childcare Workers,4550.0,13.81,28710.0,9.22,10.07,12.97,16.36,19.38,19170.0,20950.0,26980.0,34030.0,40310.0,,
2016,0035084,"Newark, NJ-PA Metropolitan Division",metro,39-9011,Childcare Workers,4650.0,11.77,24480.0,8.77,9.14,10.56,13.33,17.58,18250.0,19020.0,21960.0,27720.0,36560.0,,
2016,0035100,"New Bern, NC",metro,39-9011,Childcare Workers,260.0,9.58,19920.0,7.92,8.57,9.61,10.87,11.62,16470.0,17820.0,19990.0,22600.0,24160.0,,
2016,0035380,"New Orleans-Metairie, LA",metro,39-9011,Childcare Workers,2090.0,9.4,19560.0,7.75,8.2,8.96,10.42,11.98,16110.0,17060.0,18640.0,21680.0,24920.0,,
2016,0035614,"New York-Jersey City-White Plains, NY-NJ Metropolitan Division",metro,39-9011,Childcare Workers,27210.0,13.67,28430.0,9.24,10.63,13.6,16.42,18.28,19220.0,22120.0,28280.0,34150.0,38030.0,,
2016,0035660,"Niles-Benton Harbor, MI",metro,39-9011,Childcare Workers,220.0,11.8,24550.0,8.78,9.21,10.87,13.59,16.12,18270.0,19150.0,22600.0,28270.0,33530.0,,
2016,0035840,"North Port-Sarasota-Bradenton, FL",metro,39-9011,Childcare Workers,1020.0,11.29,23490.0,8.62,9.12,10.61,13.09,14.86,17930.0,18960.0,22070.0,27230.0,30910.0,,
2016,0036084,"Oakland-Hayward-Berkeley, CA Metropolitan Division",metro,39-9011,Childcare Workers,3450.0,13.97,29050.0,10.13,11.22,13.62,16.58,18.45,21070.0,23340.0,28330.0,34490.0,38370.0,,
2016,0036100,"Ocala, FL",metro,39-9011,Childcare Workers,330.0,10.82,22510.0,8.64,9.1,10.03,11.72,14.55,17970.0,18920.0,20850.0,24380.0,30270.0,,
2016,0036140,"Ocean City, NJ",metro,39-9011,Childcare Workers,100.0,12.67,26360.0,9.55,10.74,12.35,14.08,15.26,19870.0,22340.0,25690.0,29280.0,31740.0,,
2016,0036220,"Odessa, TX",metro,39-9011,Childcare Workers,290.0,10.43,21700.0,8.06,8.9,10.3,11.53,12.6,16760.0,18510.0,21410.0,23990.0,26200.0,,
2016,0036260,"Ogden-Clearfield, UT",metro,39-9011,Childcare Workers,1270.0,9.06,18850.0,7.75,8.1,8.69,9.28,11.23,16120.0,16850.0,18070.0,19300.0,23360.0,,
2016,0036420,"Oklahoma City, OK",metro,39-9011,Childcare Workers,3750.0,9.3,19350.0,7.78,8.21,8.94,10.14,11.99,16170.0,17080.0,18600.0,21100.0,24950.0,,
2016,0036500,"Olympia-Tumwater, WA",metro,39-9011,Childcare Workers,280.0,10.95,22770.0,9.89,10.27,10.89,11.52,11.94,20570.0,21350.0,22660.0,23960.0,24830.0,,
2016,0036540,"Omaha-Council Bluffs, NE-IA",metro,39-9011,Childcare Workers,4720.0,10.94,22750.0,9.14,9.4,10.36,11.73,14.31,19010.0,19560.0,21550.0,24400.0,29770.0,,
2016,0036740,"Orlando-Kissimmee-Sanford, FL",metro,39-9011,Childcare Workers,3980.0,10.15,21110.0,8.59,9.06,9.91,11.16,11.93,17870.0,18850.0,20610.0,23210.0,24820.0,,
2016,0036780,"Oshkosh-Neenah, WI",metro,39-9011,Childcare Workers,200.0,8.72,18150.0,7.63,7.99,8.59,9.19,10.88,15870.0,16630.0,17870.0,19110.0,22640.0,,
2016,0036980,"Owensboro, KY",metro,39-9011,Childcare Workers,390.0,9.81,20410.0,7.9,8.52,9.63,11.21,12.28,16420.0,17720.0,20030.0,23310.0,25540.0,,
2016,0037100,"Oxnard-Thousand Oaks-Ventura, CA",metro,39-9011,Childcare Workers,1730.0,12.52,26030.0,10.01,10.52,11.7,13.9,16.37,20820.0,21880.0,24330.0,28910.0,34050.0,,
2016,0037340,"Palm Bay-Melbourne-Titusville, FL",metro,39-9011,Childcare Workers,990.0,10.37,21580.0,8.58,9.1,10.16,11.4,12.5,17850.0,18940.0,21140.0,23710.0,25990.0,,
2016,0037460,"Panama City, FL",metro,39-9011,Childcare Workers,220.0,10.38,21590.0,8.49,8.89,9.85,11.72,13.72,17660.0,18480.0,20490.0,24380.0,28530.0,,
2016,0037620,"Parkersburg-Vienna, WV",metro,39-9011,Childcare Workers,190.0,9.59,19940.0,8.86,9.02,9.29,9.62,10.89,18420.0,18760.0,19320.0,20020.0,22660.0,,
2016,0037860,"Pensacola-Ferry Pass-Brent, FL",metro,39-9011,Childcare Workers,740.0,9.51,19790.0,8.42,8.68,9.12,9.7,11.64,17520.0,18060.0,18960.0,20180.0,24210.0,,
2016,0037900,"Peoria, IL",metro,39-9011,Childcare Workers,730.0,10.82,22500.0,8.74,9.1,10.08,11.87,14.27,18170.0,18940.0,20980.0,24690.0,29680.0,,
2016,0037964,"Philadelphia, PA Metropolitan Division",metro,39-9011,Childcare Workers,5750.0,10.76,22380.0,7.89,8.48,9.52,11.63,16.59,16400.0,17640.0,19800.0,24190.0,34500.0,,
2016,0038060,"Phoenix-Mesa-Scottsdale, AZ",metro,39-9011,Childcare Workers,6320.0,10.7,22250.0,8.75,9.45,10.49,11.65,13.41,18210.0,19660.0,21830.0,24230.0,27890.0,,
2016,0038220,"Pine Bluff, AR",metro,39-9011,Childcare Workers,120.0,9.21,19150.0,8.18,8.46,8.91,9.4,11.02,17020.0,17590.0,18540.0,19550.0,22930.0,,
2016,0038300,"Pittsburgh, PA",metro,39-9011,Childcare Workers,3490.0,10.27,21350.0,7.93,8.6,9.75,11.39,13.29,16500.0,17880.0,20280.0,23680.0,27650.0,,
2016,0038540,"Pocatello, ID",metro,39-9011,Childcare Workers,200.0,8.4,17470.0,7.69,8.01,8.54,9.08,9.48,15990.0,16660.0,17770.0,18880.0,19710.0,,
2016,0038660,"Ponce, PR",metro,39-9011,Childcare Workers,80.0,8.33,17330.0,7.64,7.96,8.49,9.02,9.36,15890.0,16550.0,17650.0,18750.0,19470.0,,
2016,0038900,"Portland-Vancouver-Hillsboro, OR-WA",metro,39-9011,Childcare Workers,4090.0,11.98,24920.0,9.62,10.17,11.32,13.37,16.01,20010.0,21160.0,23540.0,27810.0,33300.0,,
2016,0038940,"Port St. Lucie, FL",metro,39-9011,Childcare Workers,610.0,10.48,21790.0,8.59,9.03,9.97,11.58,13.5,17860.0,18780.0,20740.0,24080.0,28080.0,,
2016,0039140,"Prescott, AZ",metro,39-9011,Childcare Workers,80.0,10.1,21010.0,8.51,8.86,9.48,11.16,12.79,17690.0,18440.0,19710.0,23220.0,26600.0,,
2016,0039340,"Provo-Orem, UT",metro,39-9011,Childcare Workers,640.0,9.96,20720.0,7.96,8.6,9.62,11.13,12.1,16550.0,17880.0,20000.0,23150.0,25170.0,,
2016,0039380,"Pueblo, CO",metro,39-9011,Childcare Workers,150.0,10.92,22720.0,8.69,9.03,9.58,11.4,16.47,18070.0,18780.0,19920.0,23710.0,34250.0,,
2016,0039460,"Punta Gorda, FL",metro,39-9011,Childcare Workers,110.0,10.78,22430.0,8.84,9.55,10.5,11.48,13.71,18380.0,19860.0,21840.0,23890.0,28520.0,,
2016,0039540,"Racine, WI",metro,39-9011,Childcare Workers,140.0,10.0,20810.0,7.93,8.48,9.42,11.31,13.83,16500.0,17630.0,19580.0,23520.0,28770.0,,
2016,0039580,"Raleigh, NC",metro,39-9011,Childcare Workers,2760.0,10.14,21080.0,7.8,8.38,9.41,11.64,14.0,16230.0,17420.0,19560.0,24220.0,29130.0,,
2016,0039660,"Rapid City, SD",metro,39-9011,Childcare Workers,340.0,9.9,20580.0,8.85,9.03,9.35,10.34,12.1,18400.0,18790.0,19450.0,21520.0,25170.0,,
2016,0039740,"Reading, PA",metro,39-9011,Childcare Workers,340.0,9.67,20110.0,7.72,8.19,8.97,10.42,12.0,16050.0,17030.0,18650.0,21680.0,24970.0,,
2016,0039820,"Redding, CA",metro,39-9011,Childcare Workers,350.0,12.36,25700.0,10.01,10.68,11.97,13.88,15.08,20820.0,22220.0,24890.0,28870.0,31380.0,,
2016,0039900,"Reno, NV",metro,39-9011,Childcare Workers,720.0,11.75,24440.0,8.15,9.34,11.67,13.89,15.09,16960.0,19420.0,24280.0,28890.0,31390.0,,
2016,0040060,"Richmond, VA",metro,39-9011,Childcare Workers,2550.0,9.62,20010.0,7.84,8.29,9.05,10.37,12.19,16300.0,17240.0,18820.0,21560.0,25350.0,,
2016,0040140,"Riverside-San Bernardino-Ontario, CA",metro,39-9011,Childcare Workers,5220.0,12.62,26250.0,10.01,10.48,11.79,14.21,16.94,20810.0,21800.0,24520.0,29550.0,35220.0,,
2016,0040220,"Roanoke, VA",metro,39-9011,Childcare Workers,500.0,9.25,19240.0,7.73,8.12,8.77,9.47,13.26,16090.0,16890.0,18240.0,19700.0,27570.0,,
2016,0040340,"Rochester, MN",metro,39-9011,Childcare Workers,590.0,11.13,23160.0,9.15,9.3,9.91,11.87,15.31,19030.0,19330.0,20610.0,24690.0,31850.0,,
2016,0040380,"Rochester, NY",metro,39-9011,Childcare Workers,2110.0,11.48,23870.0,9.11,9.28,10.09,12.04,16.32,18950.0,19290.0,20980.0,25040.0,33940.0,,
2016,0040420,"Rockford, IL",metro,39-9011,Childcare Workers,200.0,10.76,22380.0,8.65,8.95,9.51,11.79,14.58,17990.0,18610.0,19780.0,24530.0,30330.0,,
2016,0040580,"Rocky Mount, NC",metro,39-9011,Childcare Workers,370.0,9.1,18930.0,7.82,8.19,8.82,9.47,12.14,16260.0,17040.0,18350.0,19700.0,25250.0,,
2016,0040660,"Rome, GA",metro,39-9011,Childcare Workers,70.0,11.57,24070.0,7.77,8.18,8.86,9.66,27.29,16160.0,17010.0,18420.0,20090.0,56770.0,,
2016,0040900,"Sacramento--Roseville--Arden-Arcade, CA",metro,39-9011,Childcare Workers,3270.0,12.79,26610.0,10.01,10.63,11.69,14.53,17.47,20820.0,22110.0,24310.0,30220.0,36330.0,,
2016,0040980,"Saginaw, MI",metro,39-9011,Childcare Workers,,10.17,21150.0,8.69,8.98,9.49,11.13,12.8,18080.0,18670.0,19740.0,23150.0,26620.0,,
2016,0041060,"St. Cloud, MN",metro,39-9011,Childcare Workers,140.0,11.3,23500.0,9.1,9.25,10.79,12.27,14.9,18940.0,19230.0,22440.0,25530.0,31000.0,,
2016,0041100,"St. George, UT",metro,39-9011,Childcare Workers,250.0,9.9,20600.0,7.85,8.4,9.32,11.38,13.33,16330.0,17470.0,19390.0,23670.0,27730.0,,
2016,0041140,"St. Joseph, MO-KS",metro,39-9011,Childcare Workers,170.0,9.12,18980.0,8.03,8.35,8.88,9.44,11.13,16700.0,17360.0,18470.0,19640.0,23160.0,,
2016,0041180,"St. Louis, MO-IL",metro,39-9011,Childcare Workers,5940.0,11.05,22990.0,8.32,8.97,10.29,12.32,15.69,17310.0,18660.0,21410.0,25620.0,32640.0,,
2016,0041420,"Salem, OR",metro,39-9011,Childcare Workers,560.0,10.68,22210.0,9.56,9.66,10.41,11.33,11.97,19880.0,20100.0,21650.0,23570.0,24890.0,,
2016,0041500,"Salinas, CA",metro,39-9011,Childcare Workers,430.0,12.55,26110.0,10.01,10.46,11.87,14.07,16.53,20810.0,21760.0,24700.0,29260.0,34380.0,,
2016,0041540,"Salisbury, MD-DE",metro,39-9011,Childcare Workers,480.0,10.24,21300.0,8.46,8.78,9.32,11.12,13.82,17600.0,18270.0,19380.0,23120.0,28740.0,,
2016,0041620,"Salt Lake City, UT",metro,39-9011,Childcare Workers,3130.0,11.28,23450.0,8.0,8.78,10.33,12.09,15.09,16630.0,18260.0,21490.0,25150.0,31390.0,,
2016,0041660,"San Angelo, TX",metro,39-9011,Childcare Workers,310.0,8.96,18640.0,7.84,8.22,8.85,9.49,11.25,16320.0,17100.0,18400.0,19740.0,23390.0,,
2016,0041700,"San Antonio-New Braunfels, TX",metro,39-9011,Childcare Workers,4900.0,10.43,21700.0,7.92,8.58,9.75,11.61,14.61,16480.0,17850.0,20290.0,24150.0,30390.0,,
2016,0041740,"San Diego-Carlsbad, CA",metro,39-9011,Childcare Workers,5530.0,13.06,27160.0,10.01,10.77,12.23,14.67,17.52,20820.0,22400.0,25450.0,30510.0,36430.0,,
2016,0041884,"San Francisco-Redwood City-South San Francisco, CA Metropolitan Division",metro,39-9011,Childcare Workers,3290.0,14.77,30720.0,10.22,11.5,14.65,17.67,19.32,21260.0,23920.0,30470.0,36750.0,40180.0,,
2016,0041900,"San German, PR",metro,39-9011,Childcare Workers,70.0,8.48,17630.0,7.68,8.01,8.57,9.12,9.47,15980.0,16670.0,17820.0,18980.0,19700.0,,
2016,0041940,"San Jose-Sunnyvale-Santa Clara, CA",metro,39-9011,Childcare Workers,2790.0,14.31,29770.0,10.01,11.03,13.76,17.28,19.34,20820.0,22940.0,28630.0,35930.0,40230.0,,
2016,0041980,"San Juan-Carolina-Caguas, PR",metro,39-9011,Childcare Workers,940.0,8.48,17630.0,7.75,8.07,8.61,9.15,9.52,16120.0,16790.0,17910.0,19030.0,19800.0,,
2016,0042020,"San Luis Obispo-Paso Robles-Arroyo Grande, CA",metro,39-9011,Childcare Workers,350.0,12.4,25790.0,10.01,10.28,11.46,13.91,16.99,20810.0,21380.0,23830.0,28940.0,35330.0,,
2016,0042034,"San Rafael, CA Metropolitan Division",metro,39-9011,Childcare Workers,720.0,18.35,38180.0,11.35,15.95,17.99,21.16,25.69,23610.0,33180.0,37420.0,44010.0,53430.0,,
2016,0042100,"Santa Cruz-Watsonville, CA",metro,39-9011,Childcare Workers,320.0,12.44,25870.0,10.32,10.84,11.71,13.92,15.27,21460.0,22550.0,24360.0,28950.0,31760.0,,
2016,0042140,"Santa Fe, NM",metro,39-9011,Childcare Workers,,13.25,27560.0,9.02,10.81,12.86,15.27,18.43,18750.0,22490.0,26750.0,31770.0,38340.0,,
2016,0042200,"Santa Maria-Santa Barbara, CA",metro,39-9011,Childcare Workers,820.0,13.23,27510.0,10.0,10.01,11.43,14.9,19.58,20810.0,20820.0,23760.0,31000.0,40720.0,,
2016,0042220,"Santa Rosa, CA",metro,39-9011,Childcare Workers,790.0,14.38,29920.0,10.69,12.1,13.79,15.98,18.66,22240.0,25160.0,28680.0,33240.0,38810.0,,
2016,0042340,"Savannah, GA",metro,39-9011,Childcare Workers,680.0,8.9,18520.0,7.82,8.23,8.9,9.58,10.89,16270.0,17120.0,18520.0,19930.0,22650.0,,
2016,0042540,"Scranton--Wilkes-Barre--Hazleton, PA",metro,39-9011,Childcare Workers,800.0,9.66,20090.0,7.87,8.35,9.15,10.51,11.96,16360.0,17360.0,19030.0,21870.0,24880.0,,
2016,0042644,"Seattle-Bellevue-Everett, WA Metropolitan Division",metro,39-9011,Childcare Workers,3770.0,12.9,26820.0,10.15,10.9,12.19,14.17,16.67,21120.0,22680.0,25350.0,29480.0,34670.0,,
2016,0042680,"Sebastian-Vero Beach, FL",metro,39-9011,Childcare Workers,100.0,11.46,23830.0,8.66,9.28,11.2,13.47,14.89,18020.0,19290.0,23300.0,28020.0,30970.0,,
2016,0042700,"Sebring, FL",metro,39-9011,Childcare Workers,210.0,10.61,22070.0,8.58,9.08,10.28,11.97,13.71,17850.0,18880.0,21380.0,24890.0,28520.0,,
2016,0043100,"Sheboygan, WI",metro,39-9011,Childcare Workers,,8.96,18630.0,7.81,8.18,8.81,9.44,11.17,16240.0,17020.0,18330.0,19630.0,23240.0,,
2016,0043300,"Sherman-Denison, TX",metro,39-9011,Childcare Workers,160.0,8.77,18230.0,7.78,8.13,8.71,9.3,9.85,16180.0,16910.0,18120.0,19340.0,20480.0,,
2016,0043340,"Shreveport-Bossier City, LA",metro,39-9011,Childcare Workers,500.0,9.09,18910.0,7.76,8.15,8.8,9.46,11.25,16140.0,16950.0,18300.0,19680.0,23400.0,,
2016,0043420,"Sierra Vista-Douglas, AZ",metro,39-9011,Childcare Workers,140.0,9.49,19730.0,8.39,8.65,9.09,10.02,11.61,17450.0,17990.0,18900.0,20850.0,24150.0,,
2016,0043524,"Silver Spring-Frederick-Rockville, MD Metropolitan Division",metro,39-9011,Childcare Workers,2640.0,14.21,29560.0,9.36,11.09,13.47,16.94,20.72,19470.0,23060.0,28030.0,35240.0,43090.0,,
2016,0043580,"Sioux City, IA-NE-SD",metro,39-9011,Childcare Workers,260.0,9.69,20160.0,8.02,8.76,9.34,10.63,12.4,16680.0,18230.0,19420.0,22110.0,25800.0,,
2016,0043620,"Sioux Falls, SD",metro,39-9011,Childcare Workers,1210.0,10.03,20870.0,8.86,9.09,9.54,10.9,11.83,18430.0,18910.0,19850.0,22670.0,24610.0,,
2016,0043780,"South Bend-Mishawaka, IN-MI",metro,39-9011,Childcare Workers,230.0,9.21,19160.0,7.88,8.37,9.18,10.28,11.4,16400.0,17410.0,19090.0,21390.0,23710.0,,
2016,0043900,"Spartanburg, SC",metro,39-9011,Childcare Workers,,9.44,19640.0,7.84,8.28,9.01,10.25,13.05,16310.0,17230.0,18750.0,21330.0,27150.0,,
2016,0044060,"Spokane-Spokane Valley, WA",metro,39-9011,Childcare Workers,630.0,11.73,24410.0,9.92,10.39,11.19,11.98,14.26,20620.0,21610.0,23260.0,24920.0,29650.0,,
2016,0044100,"Springfield, IL",metro,39-9011,Childcare Workers,340.0,10.86,22580.0,8.75,9.14,10.13,11.72,14.22,18200.0,19010.0,21070.0,24380.0,29580.0,,
2016,0044180,"Springfield, MO",metro,39-9011,Childcare Workers,1020.0,9.38,19510.0,8.02,8.37,8.94,9.7,11.85,16690.0,17400.0,18590.0,20170.0,24660.0,,
2016,0044220,"Springfield, OH",metro,39-9011,Childcare Workers,130.0,11.82,24580.0,8.75,9.42,11.18,13.81,16.7,18210.0,19600.0,23250.0,28720.0,34740.0,,
2016,0044300,"State College, PA",metro,39-9011,Childcare Workers,210.0,9.52,19800.0,7.82,8.41,9.37,10.91,11.75,16280.0,17480.0,19490.0,22700.0,24450.0,,
2016,0044420,"Staunton-Waynesboro, VA",metro,39-9011,Childcare Workers,240.0,9.58,19920.0,7.78,8.24,9.02,10.44,12.85,16170.0,17150.0,18770.0,21710.0,26720.0,,
2016,0044700,"Stockton-Lodi, CA",metro,39-9011,Childcare Workers,1410.0,13.45,27980.0,10.22,11.06,13.09,15.27,17.98,21270.0,23010.0,27220.0,31760.0,37410.0,,
2016,0044940,"Sumter, SC",metro,39-9011,Childcare Workers,200.0,8.66,18020.0,7.78,8.12,8.69,9.26,9.71,16180.0,16890.0,18080.0,19270.0,20200.0,,
2016,0045060,"Syracuse, NY",metro,39-9011,Childcare Workers,1190.0,11.55,24020.0,9.19,9.6,10.92,12.59,14.68,19120.0,19970.0,22710.0,26180.0,30530.0,,
2016,0045104,"Tacoma-Lakewood, WA Metropolitan Division",metro,39-9011,Childcare Workers,1180.0,12.41,25820.0,10.15,10.72,11.67,13.73,16.49,21110.0,22290.0,24270.0,28550.0,34300.0,,
2016,0045220,"Tallahassee, FL",metro,39-9011,Childcare Workers,560.0,10.52,21890.0,8.54,8.96,9.89,11.47,13.34,17760.0,18640.0,20570.0,23860.0,27750.0,,
2016,0045300,"Tampa-St. Petersburg-Clearwater, FL",metro,39-9011,Childcare Workers,6010.0,10.16,21130.0,8.51,8.87,9.54,11.14,12.26,17690.0,18460.0,19840.0,23160.0,25510.0,,
2016,0045460,"Terre Haute, IN",metro,39-9011,Childcare Workers,250.0,8.71,18110.0,7.74,8.11,8.72,9.34,10.46,16110.0,16870.0,18150.0,19420.0,21750.0,,
2016,0045500,"Texarkana, TX-AR",metro,39-9011,Childcare Workers,260.0,9.3,19340.0,7.89,8.31,8.98,9.74,11.91,16410.0,17280.0,18670.0,20270.0,24780.0,,
2016,0045540,"The Villages, FL",metro,39-9011,Childcare Workers,,9.09,18900.0,8.42,8.64,9.01,9.37,9.84,17510.0,17970.0,18730.0,19500.0,20460.0,,
2016,0045780,"Toledo, OH",metro,39-9011,Childcare Workers,1130.0,10.99,22850.0,8.63,9.1,10.17,11.86,14.7,17950.0,18930.0,21160.0,24680.0,30580.0,,
2016,0045820,"Topeka, KS",metro,39-9011,Childcare Workers,320.0,9.31,19370.0,7.73,8.15,8.84,9.7,12.51,16090.0,16950.0,18380.0,20170.0,26030.0,,
2016,0045940,"Trenton, NJ",metro,39-9011,Childcare Workers,960.0,13.36,27790.0,8.87,9.24,10.81,14.55,25.9,18440.0,19230.0,22480.0,30260.0,53870.0,,
2016,0046060,"Tucson, AZ",metro,39-9011,Childcare Workers,870.0,9.99,20790.0,8.4,8.73,9.27,11.05,13.09,17480.0,18150.0,19280.0,22980.0,27220.0,,
2016,0046140,"Tulsa, OK",metro,39-9011,Childcare Workers,1550.0,9.96,20710.0,7.75,8.27,9.14,11.14,14.2,16120.0,17200.0,19010.0,23170.0,29540.0,,
2016,0046220,"Tuscaloosa, AL",metro,39-9011,Childcare Workers,490.0,9.5,19760.0,7.86,8.39,9.27,10.67,11.82,16350.0,17450.0,19280.0,22200.0,24590.0,,
2016,0046340,"Tyler, TX",metro,39-9011,Childcare Workers,510.0,9.1,18920.0,7.72,8.13,8.82,9.7,11.73,16060.0,16920.0,18350.0,20170.0,24400.0,,
2016,0046520,"Urban Honolulu, HI",metro,39-9011,Childcare Workers,1990.0,10.21,21240.0,8.68,8.95,9.41,10.78,13.27,18060.0,18620.0,19570.0,22430.0,27600.0,,
2016,0046540,"Utica-Rome, NY",metro,39-9011,Childcare Workers,580.0,11.58,24080.0,9.13,9.34,10.74,13.3,14.72,19000.0,19430.0,22330.0,27670.0,30620.0,,
2016,0046660,"Valdosta, GA",metro,39-9011,Childcare Workers,280.0,9.01,18730.0,7.7,8.08,8.71,9.36,11.58,16010.0,16800.0,18120.0,19460.0,24100.0,,
2016,0046700,"Vallejo-Fairfield, CA",metro,39-9011,Childcare Workers,450.0,12.79,26600.0,10.01,10.88,12.72,14.39,15.56,20820.0,22630.0,26460.0,29920.0,32370.0,,
2016,0047020,"Victoria, TX",metro,39-9011,Childcare Workers,240.0,8.63,17950.0,7.73,8.07,8.64,9.2,9.59,16080.0,16780.0,17960.0,19140.0,19950.0,,
2016,0047220,"Vineland-Bridgeton, NJ",metro,39-9011,Childcare Workers,,10.64,22130.0,8.84,9.3,10.29,11.62,13.75,18390.0,19350.0,21410.0,24170.0,28590.0,,
2016,0047260,"Virginia Beach-Norfolk-Newport News, VA-NC",metro,39-9011,Childcare Workers,2010.0,9.61,19990.0,7.82,8.32,9.17,10.63,12.17,16260.0,17310.0,19070.0,22120.0,25300.0,,
2016,0047300,"Visalia-Porterville, CA",metro,39-9011,Childcare Workers,500.0,12.51,26020.0,10.01,10.55,11.52,13.92,17.02,20820.0,21930.0,23960.0,28950.0,35400.0,,
2016,0047380,"Waco, TX",metro,39-9011,Childcare Workers,550.0,8.95,18620.0,7.76,8.14,8.78,9.46,11.35,16140.0,16930.0,18260.0,19680.0,23600.0,,
2016,0047460,"Walla Walla, WA",metro,39-9011,Childcare Workers,160.0,14.2,29530.0,9.9,10.91,14.55,17.6,18.88,20590.0,22700.0,30260.0,36610.0,39270.0,,
2016,0047580,"Warner Robins, GA",metro,39-9011,Childcare Workers,370.0,9.24,19230.0,7.82,8.2,8.84,9.48,11.68,16260.0,17060.0,18380.0,19720.0,24300.0,,
2016,0047664,"Warren-Troy-Farmington Hills, MI Metropolitan Division",metro,39-9011,Childcare Workers,4250.0,10.96,22800.0,8.77,9.16,10.07,11.78,14.59,18230.0,19060.0,20940.0,24500.0,30360.0,,
2016,0047894,"Washington-Arlington-Alexandria, DC-VA-MD-WV Metropolitan Division",metro,39-9011,Childcare Workers,9320.0,12.93,26900.0,8.36,9.3,12.01,15.19,19.01,17390.0,19340.0,24980.0,31580.0,39540.0,,
2016,0047940,"Waterloo-Cedar Falls, IA",metro,39-9011,Childcare Workers,540.0,9.2,19130.0,7.78,8.24,9.02,10.01,11.21,16180.0,17150.0,18760.0,20830.0,23310.0,,
2016,0048060,"Watertown-Fort Drum, NY",metro,39-9011,Childcare Workers,180.0,11.2,23300.0,9.2,9.5,10.7,11.9,15.07,19150.0,19760.0,22270.0,24750.0,31350.0,,
2016,0048140,"Wausau, WI",metro,39-9011,Childcare Workers,240.0,9.48,19710.0,7.78,8.32,9.21,10.8,11.86,16190.0,17300.0,19160.0,22460.0,24670.0,,
2016,0048260,"Weirton-Steubenville, WV-OH",metro,39-9011,Childcare Workers,90.0,9.86,20500.0,8.79,8.99,9.32,9.78,11.93,18280.0,18700.0,19390.0,20340.0,24810.0,,
2016,0048424,"West Palm Beach-Boca Raton-Delray Beach, FL Metropolitan Division",metro,39-9011,Childcare Workers,2040.0,10.52,21870.0,8.43,8.81,9.57,11.49,14.79,17520.0,18320.0,19910.0,23900.0,30750.0,,
2016,0048540,"Wheeling, WV-OH",metro,39-9011,Childcare Workers,200.0,9.79,20360.0,8.76,8.93,9.21,9.58,11.73,18220.0,18580.0,19170.0,19920.0,24400.0,,
2016,0048620,"Wichita, KS",metro,39-9011,Childcare Workers,,10.06,20920.0,7.94,8.55,9.62,11.36,12.97,16510.0,17790.0,20020.0,23640.0,26970.0,,
2016,0048660,"Wichita Falls, TX",metro,39-9011,Childcare Workers,310.0,8.5,17680.0,7.7,8.03,8.57,9.11,9.47,16020.0,16690.0,17830.0,18960.0,19700.0,,
2016,0048700,"Williamsport, PA",metro,39-9011,Childcare Workers,270.0,9.92,20630.0,7.89,8.38,9.19,10.89,13.32,16420.0,17430.0,19120.0,22640.0,27700.0,,
2016,0048864,"Wilmington, DE-MD-NJ Metropolitan Division",metro,39-9011,Childcare Workers,1260.0,10.31,21440.0,8.49,8.84,9.54,11.34,13.37,17660.0,18400.0,19840.0,23580.0,27810.0,,
2016,0048900,"Wilmington, NC",metro,39-9011,Childcare Workers,640.0,10.15,21120.0,7.98,8.7,10.05,11.45,12.36,16600.0,18090.0,20900.0,23820.0,25710.0,,
2016,0049020,"Winchester, VA-WV",metro,39-9011,Childcare Workers,220.0,10.38,21590.0,7.98,8.63,9.59,11.85,14.76,16590.0,17940.0,19960.0,24640.0,30690.0,,
2016,0049180,"Winston-Salem, NC",metro,39-9011,Childcare Workers,1760.0,10.78,22420.0,7.88,8.38,9.22,13.07,17.53,16400.0,17440.0,19170.0,27180.0,36450.0,,
2016,0049420,"Yakima, WA",metro,39-9011,Childcare Workers,230.0,11.22,23330.0,9.99,10.39,11.05,11.71,12.17,20790.0,21610.0,22980.0,24350.0,25310.0,,
2016,0049620,"York-Hanover, PA",metro,39-9011,Childcare Workers,500.0,9.28,19310.0,7.78,8.26,9.07,10.4,11.61,16180.0,17180.0,18860.0,21640.0,24160.0,,
2016,0049660,"Youngstown-Warren-Boardman, OH-PA",metro,39-9011,Childcare Workers,740.0,10.55,21950.0,8.45,8.85,9.5,11.74,14.67,17580.0,18400.0,19760.0,24410.0,30510.0,,
2016,0049700,"Yuba City, CA",metro,39-9011,Childcare Workers,270.0,11.94,24840.0,10.0,10.01,11.16,13.14,15.2,20810.0,20820.0,23210.0,27330.0,31620.0,,
2016,0049740,"Yuma, AZ",metro,39-9011,Childcare Workers,240.0,9.76,20300.0,8.42,8.72,9.21,10.5,12.25,17520.0,18130.0,19160.0,21840.0,25480.0,,
2016,0070750,"Bangor, ME",metro,39-9011,Childcare Workers,290.0,11.52,23960.0,8.19,8.75,9.72,14.03,17.98,17030.0,18200.0,20210.0,29180.0,37400.0,,
2016,0070900,"Barnstable Town, MA",metro,39-9011,Childcare Workers,230.0,12.68,26370.0,10.0,10.01,11.22,14.28,17.54,20810.0,20810.0,23340.0,29700.0,36490.0,,
2016,0071654,"Boston-Cambridge-Newton, MA NECTA Division",metro,39-9011,Childcare Workers,6110.0,13.86,28840.0,10.01,10.83,13.19,15.89,18.69,20810.0,22530.0,27440.0,33040.0,38870.0,,
2016,0071950,"Bridgeport-Stamford-Norwalk, CT",metro,39-9011,Childcare Workers,2830.0,12.28,25540.0,9.67,10.14,11.32,13.42,16.26,20120.0,21100.0,23550.0,27910.0,33830.0,,
2016,0072104,"Brockton-Bridgewater-Easton, MA NECTA Division",metro,39-9011,Childcare Workers,320.0,11.52,23960.0,10.01,10.19,11.04,11.89,14.29,20810.0,21190.0,22960.0,24730.0,29720.0,,
2016,0072400,"Burlington-South Burlington, VT",metro,39-9011,Childcare Workers,510.0,12.29,25560.0,9.71,10.44,11.9,13.84,15.4,20200.0,21720.0,24750.0,28780.0,32030.0,,
2016,0072850,"Danbury, CT",metro,39-9011,Childcare Workers,340.0,12.4,25800.0,9.61,10.05,11.55,13.82,15.51,19980.0,20910.0,24010.0,28750.0,32250.0,,
2016,0073050,"Dover-Durham, NH-ME",metro,39-9011,Childcare Workers,310.0,10.33,21500.0,8.57,9.65,10.51,11.34,11.86,17830.0,20060.0,21850.0,23580.0,24670.0,,
2016,0073104,"Framingham, MA NECTA Division",metro,39-9011,Childcare Workers,690.0,14.41,29970.0,10.38,11.63,13.72,16.77,19.63,21590.0,24190.0,28530.0,34890.0,40830.0,,
2016,0073450,"Hartford-West Hartford-East Hartford, CT",metro,39-9011,Childcare Workers,2120.0,11.84,24630.0,9.61,9.72,10.97,12.82,15.74,19980.0,20230.0,22810.0,26660.0,32740.0,,
2016,0073604,"Haverhill-Newburyport-Amesbury Town, MA-NH NECTA Division",metro,39-9011,Childcare Workers,430.0,11.02,22920.0,9.26,10.01,10.74,11.79,13.63,19250.0,20810.0,22330.0,24510.0,28360.0,,
2016,0074204,"Lawrence-Methuen Town-Salem, MA-NH NECTA Division",metro,39-9011,Childcare Workers,450.0,12.15,25260.0,10.01,10.62,11.82,13.66,14.85,20820.0,22090.0,24590.0,28420.0,30890.0,,
2016,0074500,"Leominster-Gardner, MA",metro,39-9011,Childcare Workers,320.0,12.93,26890.0,10.01,11.0,12.99,14.43,15.31,20820.0,22870.0,27020.0,30010.0,31840.0,,
2016,0074650,"Lewiston-Auburn, ME",metro,39-9011,Childcare Workers,190.0,10.28,21380.0,8.4,9.34,10.38,11.33,11.95,17470.0,19430.0,21590.0,23570.0,24860.0,,
2016,0074804,"Lowell-Billerica-Chelmsford, MA-NH NECTA Division",metro,39-9011,Childcare Workers,500.0,12.21,25400.0,10.0,10.14,11.28,13.26,16.31,20810.0,21090.0,23470.0,27580.0,33930.0,,
2016,0074854,"Lynn-Saugus-Marblehead, MA NECTA Division",metro,39-9011,Childcare Workers,270.0,13.11,27270.0,10.26,11.46,13.04,14.52,15.81,21350.0,23830.0,27130.0,30210.0,32890.0,,
2016,0074950,"Manchester, NH",metro,39-9011,Childcare Workers,,10.42,21670.0,7.92,8.58,9.96,12.24,14.13,16470.0,17850.0,20710.0,25460.0,29400.0,,
2016,0075404,"Nashua, NH-MA NECTA Division",metro,39-9011,Childcare Workers,630.0,11.19,23280.0,8.41,9.68,10.95,12.31,14.81,17480.0,20140.0,22790.0,25600.0,30800.0,,
2016,0075550,"New Bedford, MA",metro,39-9011,Childcare Workers,140.0,10.87,22610.0,10.0,10.01,10.08,11.48,12.47,20800.0,20810.0,20960.0,23890.0,25930.0,,
2016,0075700,"New Haven, CT",metro,39-9011,Childcare Workers,1490.0,12.77,26560.0,9.64,10.24,11.51,14.32,18.03,20060.0,21290.0,23950.0,29780.0,37500.0,,
2016,0076450,"Norwich-New London-Westerly, CT-RI",metro,39-9011,Childcare Workers,750.0,11.49,23910.0,9.61,9.69,10.8,12.44,14.78,19980.0,20160.0,22460.0,25870.0,30750.0,,
2016,0076524,"Peabody-Salem-Beverly, MA NECTA Division",metro,39-9011,Childcare Workers,400.0,13.05,27150.0,10.01,10.61,11.91,15.23,17.93,20820.0,22060.0,24760.0,31670.0,37290.0,,
2016,0076600,"Pittsfield, MA",metro,39-9011,Childcare Workers,,11.62,24170.0,10.0,10.03,11.18,12.61,14.44,20810.0,20860.0,23260.0,26220.0,30040.0,,
2016,0076750,"Portland-South Portland, ME",metro,39-9011,Childcare Workers,1180.0,11.05,22980.0,8.66,9.83,10.95,12.18,14.1,18010.0,20450.0,22780.0,25340.0,29340.0,,
2016,0076900,"Portsmouth, NH-ME",metro,39-9011,Childcare Workers,250.0,11.11,23110.0,8.32,9.6,10.98,12.59,14.43,17310.0,19970.0,22840.0,26190.0,30020.0,,
2016,0077200,"Providence-Warwick, RI-MA",metro,39-9011,Childcare Workers,2320.0,12.03,25020.0,9.61,9.72,10.82,12.62,16.62,19980.0,20230.0,22510.0,26250.0,34560.0,,
2016,0078100,"Springfield, MA-CT",metro,39-9011,Childcare Workers,1040.0,12.41,25810.0,10.0,10.28,11.46,13.75,16.33,20810.0,21380.0,23840.0,28610.0,33960.0,,
2016,0078254,"Taunton-Middleborough-Norton, MA NECTA Division",metro,39-9011,Childcare Workers,290.0,13.54,28160.0,10.1,10.99,13.08,15.02,17.76,21000.0,22850.0,27210.0,31240.0,36940.0,,
2016,0078700,"Waterbury, CT",metro,39-9011,Childcare Workers,530.0,11.99,24940.0,9.61,9.94,11.41,13.38,14.95,19990.0,20670.0,23720.0,27830.0,31110.0,,
2016,0079600,"Worcester, MA-CT",metro,39-9011,Childcare Workers,980.0,12.84,26710.0,10.0,10.12,11.81,14.33,17.72,20810.0,21040.0,24550.0,29800.0,36860.0,,
2016,0100001,Northwest Alabama nonmetropolitan area,nonmetro,39-9011,Childcare Workers,240.0,9.0,18710.0,7.69,8.08,8.72,9.42,11.86,15990.0,16800.0,18140.0,19590.0,24660.0,,
2016,0100002,Northeast Alabama nonmetropolitan area,nonmetro,39-9011,Childcare Workers,810.0,10.01,20810.0,7.77,8.19,8.88,9.71,16.71,16170.0,17030.0,18460.0,20200.0,34760.0,,
2016,0100003,Southwest Alabama nonmetropolitan area,nonmetro,39-9011,Childcare Workers,320.0,8.47,17620.0,7.68,8.02,8.58,9.15,9.65,15970.0,16670.0,17850.0,19020.0,20070.0,,
2016,0100004,Southeast Alabama nonmetropolitan area,nonmetro,39-9011,Childcare Workers,300.0,8.72,18140.0,7.75,8.12,8.72,9.34,10.61,16120.0,16880.0,18150.0,19430.0,22070.0,,
2016,0200001,Southeast Alaska nonmetropolitan area,nonmetro,39-9011,Childcare Workers,170.0,13.55,28190.0,9.76,11.15,13.27,15.01,18.24,20300.0,23200.0,27610.0,31220.0,37940.0,,
2016,0200002,Balance of Alaska nonmetropolitan area,nonmetro,39-9011,Childcare Workers,230.0,13.7,28490.0,9.77,10.83,13.06,15.48,18.06,20320.0,22530.0,27170.0,32200.0,37570.0,,
2016,0400001,Arizona nonmetropolitan area,nonmetro,39-9011,Childcare Workers,100.0,10.31,21440.0,8.52,8.9,9.5,11.38,13.63,17720.0,18510.0,19770.0,23670.0,28350.0,,
2016,0500001,North Arkansas nonmetropolitan area,nonmetro,39-9011,Childcare Workers,590.0,8.9,18520.0,8.17,8.42,8.84,9.26,9.67,16990.0,17510.0,18380.0,19260.0,20110.0,,
2016,0500002,East Arkansas nonmetropolitan area,nonmetro,39-9011,Childcare Workers,470.0,9.57,19910.0,8.25,8.63,9.26,10.45,11.58,17160.0,17950.0,19250.0,21730.0,24080.0,,
2016,0500003,West Arkansas nonmetropolitan area,nonmetro,39-9011,Childcare Workers,590.0,8.92,18560.0,8.17,8.44,8.87,9.31,9.59,17000.0,17550.0,18450.0,19360.0,19960.0,,
2016,0500004,South Arkansas nonmetropolitan area,nonmetro,39-9011,Childcare Workers,560.0,9.56,19890.0,8.23,8.58,9.16,10.13,11.76,17120.0,17850.0,19050.0,21080.0,24460.0,,
2016,0600001,Mother Lode Region of California nonmetropolitan area,nonmetro,39-9011,Childcare Workers,220.0,13.84,28790.0,10.05,11.05,12.92,15.15,18.39,20900.0,22980.0,26870.0,31520.0,38240.0,,
2016,0600003,North Coast Region of California nonmetropolitan area,nonmetro,39-9011,Childcare Workers,420.0,12.49,25970.0,10.26,10.76,11.59,13.68,16.94,21350.0,22380.0,24110.0,28450.0,35240.0,,
2016,0600004,North Valley Region of California nonmetropolitan area,nonmetro,39-9011,Childcare Workers,,12.39,25770.0,10.47,11.32,12.52,13.66,14.34,21770.0,23550.0,26030.0,28400.0,29820.0,,
2016,0600005,Northern Mountains Region of California nonmetropolitan area,nonmetro,39-9011,Childcare Workers,460.0,11.94,24840.0,10.01,10.26,11.23,12.35,15.66,20810.0,21340.0,23360.0,25680.0,32580.0,,
2016,0800001,Eastern and Southern Colorado nonmetropolitan area,nonmetro,39-9011,Childcare Workers,110.0,11.17,23230.0,8.69,9.03,9.64,11.98,17.08,18070.0,18780.0,20050.0,24920.0,35530.0,,
2016,0800002,Southwest Colorado nonmetropolitan area,nonmetro,39-9011,Childcare Workers,330.0,11.7,24340.0,9.01,9.73,10.99,12.43,15.86,18740.0,20230.0,22850.0,25850.0,32990.0,,
2016,0800003,Northwest Colorado nonmetropolitan area,nonmetro,39-9011,Childcare Workers,350.0,15.71,32670.0,9.66,13.04,15.66,17.94,19.71,20080.0,27120.0,32580.0,37320.0,41000.0,,
2016,0900001,Connecticut nonmetropolitan area,nonmetro,39-9011,Childcare Workers,210.0,12.56,26130.0,9.67,10.21,11.49,14.15,17.44,20110.0,21230.0,23900.0,29430.0,36280.0,,
2016,1200001,Northwest Florida nonmetropolitan area,nonmetro,39-9011,Childcare Workers,260.0,10.55,21940.0,8.62,9.14,10.32,11.66,13.24,17940.0,19000.0,21460.0,24240.0,27540.0,,
2016,1200002,Northeast Florida nonmetropolitan area,nonmetro,39-9011,Childcare Workers,420.0,10.52,21890.0,8.52,8.93,9.72,12.03,14.15,17730.0,18570.0,20220.0,25010.0,29430.0,,
2016,1200003,South Florida nonmetropolitan area,nonmetro,39-9011,Childcare Workers,380.0,10.16,21130.0,8.45,8.74,9.22,10.69,13.97,17580.0,18180.0,19180.0,22240.0,29050.0,,
2016,1300001,North Georgia nonmetropolitan area,nonmetro,39-9011,Childcare Workers,470.0,9.64,20040.0,7.71,8.09,8.74,9.46,13.55,16030.0,16830.0,18170.0,19680.0,28190.0,,
2016,1300002,Middle Georgia nonmetropolitan area,nonmetro,39-9011,Childcare Workers,360.0,8.74,18180.0,7.81,8.17,8.78,9.39,10.38,16240.0,17000.0,18270.0,19540.0,21580.0,,
2016,1300003,East Georgia nonmetropolitan area,nonmetro,39-9011,Childcare Workers,470.0,9.21,19150.0,7.73,8.11,8.75,9.43,12.7,16080.0,16870.0,18200.0,19620.0,26420.0,,
2016,1300004,South Georgia nonmetropolitan area,nonmetro,39-9011,Childcare Workers,460.0,9.26,19250.0,7.75,8.14,8.8,9.51,12.23,16110.0,16930.0,18300.0,19770.0,25440.0,,
2016,1500001,Hawaii / Kauai nonmetropolitan area,nonmetro,39-9011,Childcare Workers,410.0,9.96,20720.0,8.68,8.95,9.41,10.85,12.01,18060.0,18620.0,19560.0,22570.0,24980.0,,
2016,1600001,Panhandle of Idaho nonmetropolitan area,nonmetro,39-9011,Childcare Workers,240.0,12.27,25520.0,7.86,8.37,9.22,12.38,21.59,16340.0,17400.0,19170.0,25760.0,44920.0,,
2016,1600002,Southwest Idaho nonmetropolitan area,nonmetro,39-9011,Childcare Workers,80.0,8.75,18200.0,7.73,8.1,8.71,9.33,10.67,16070.0,16840.0,18110.0,19420.0,22200.0,,
2016,1600003,South Central Idaho nonmetropolitan area,nonmetro,39-9011,Childcare Workers,170.0,9.61,20000.0,7.85,8.47,9.58,10.91,11.73,16320.0,17620.0,19930.0,22690.0,24390.0,,
2016,1600004,Southeast Idaho nonmetropolitan area,nonmetro,39-9011,Childcare Workers,40.0,8.28,17220.0,7.57,7.88,8.41,8.94,9.26,15740.0,16400.0,17500.0,18600.0,19270.0,,
2016,1700001,Northwest Illinois nonmetropolitan area,nonmetro,39-9011,Childcare Workers,420.0,10.48,21800.0,8.79,9.13,9.85,11.58,13.52,18290.0,18990.0,20480.0,24080.0,28130.0,,
2016,1700002,West Central Illinois nonmetropolitan area,nonmetro,39-9011,Childcare Workers,350.0,10.91,22700.0,8.76,9.06,9.67,11.85,15.94,18210.0,18850.0,20120.0,24640.0,33160.0,,
2016,1700003,East Central Illinois nonmetropolitan area,nonmetro,39-9011,Childcare Workers,220.0,11.04,22970.0,8.72,9.09,10.1,11.94,16.09,18140.0,18900.0,21000.0,24840.0,33460.0,,
2016,1700004,South Illinois nonmetropolitan area,nonmetro,39-9011,Childcare Workers,230.0,11.74,24420.0,8.8,9.19,10.4,15.23,17.66,18300.0,19110.0,21640.0,31680.0,36740.0,,
2016,1800001,Northern Indiana nonmetropolitan area,nonmetro,39-9011,Childcare Workers,310.0,9.36,19460.0,7.86,8.26,8.93,9.6,11.71,16360.0,17190.0,18570.0,19970.0,24350.0,,
2016,1800002,Central Indiana nonmetropolitan area,nonmetro,39-9011,Childcare Workers,300.0,9.47,19690.0,7.82,8.24,8.95,9.93,13.38,16260.0,17150.0,18630.0,20660.0,27840.0,,
2016,1800003,Southern Indiana nonmetropolitan area,nonmetro,39-9011,Childcare Workers,610.0,10.01,20810.0,7.94,8.63,9.94,11.35,12.34,16510.0,17950.0,20670.0,23610.0,25670.0,,
2016,1900001,Northeast Iowa nonmetropolitan area,nonmetro,39-9011,Childcare Workers,580.0,8.61,17910.0,7.71,8.06,8.64,9.22,9.75,16040.0,16760.0,17960.0,19170.0,20270.0,,
2016,1900002,Northwest Iowa nonmetropolitan area,nonmetro,39-9011,Childcare Workers,670.0,8.89,18490.0,7.7,8.07,8.69,9.34,11.13,16010.0,16790.0,18080.0,19430.0,23150.0,,
2016,1900003,Southwest Iowa nonmetropolitan area,nonmetro,39-9011,Childcare Workers,480.0,8.57,17820.0,7.75,8.1,8.68,9.26,9.73,16120.0,16840.0,18050.0,19260.0,20240.0,,
2016,1900004,Southeast Iowa nonmetropolitan area,nonmetro,39-9011,Childcare Workers,880.0,8.54,17760.0,7.69,8.03,8.58,9.14,9.6,16000.0,16690.0,17850.0,19010.0,19970.0,,
2016,2000001,Southwest Kansas nonmetropolitan area,nonmetro,39-9011,Childcare Workers,220.0,,,,,,,,,,,,,*,*
2016,2000002,Northwest Kansas nonmetropolitan area,nonmetro,39-9011,Childcare Workers,260.0,8.49,17670.0,7.62,7.96,8.52,9.09,9.55,15850.0,16550.0,17730.0,18900.0,19860.0,,
2016,2000003,Northeast Kansas nonmetropolitan area,nonmetro,39-9011,Childcare Workers,,8.83,18360.0,7.68,8.04,8.65,9.26,10.74,15970.0,16730.0,17990.0,19260.0,22340.0,,
2016,2000004,Southeast Kansas nonmetropolitan area,nonmetro,39-9011,Childcare Workers,380.0,8.75,18210.0,7.75,8.09,8.67,9.24,9.69,16120.0,16840.0,18030.0,19220.0,20160.0,,
2016,2100001,West Kentucky nonmetropolitan area,nonmetro,39-9011,Childcare Workers,820.0,9.08,18880.0,7.84,8.26,8.97,9.8,11.39,16300.0,17190.0,18660.0,20370.0,23690.0,,
2016,2100002,South Central Kentucky nonmetropolitan area,nonmetro,39-9011,Childcare Workers,1170.0,9.36,19470.0,7.8,8.29,9.1,10.58,11.79,16220.0,17240.0,18930.0,22000.0,24520.0,,
2016,2100003,Central Kentucky nonmetropolitan area,nonmetro,39-9011,Childcare Workers,1300.0,9.4,19550.0,7.74,8.23,9.05,10.67,11.89,16100.0,17120.0,18830.0,22200.0,24730.0,,
2016,2100004,East Kentucky nonmetropolitan area,nonmetro,39-9011,Childcare Workers,590.0,9.22,19190.0,7.75,8.2,8.95,10.21,11.67,16110.0,17050.0,18610.0,21230.0,24280.0,,
2016,2200001,"Washington Parish, Louisiana nonmetropolitan area",nonmetro,39-9011,Childcare Workers,60.0,8.62,17940.0,7.62,7.98,8.57,9.17,10.19,15860.0,16600.0,17830.0,19070.0,21200.0,,
2016,2200002,Central Louisiana nonmetropolitan area,nonmetro,39-9011,Childcare Workers,360.0,8.94,18600.0,7.74,8.12,8.74,9.38,10.86,16110.0,16880.0,18180.0,19510.0,22580.0,,
2016,2200003,Northeast Louisiana nonmetropolitan area,nonmetro,39-9011,Childcare Workers,220.0,8.54,17760.0,7.66,8.0,8.55,9.1,9.54,15940.0,16630.0,17780.0,18930.0,19850.0,,
2016,2200004,Southwest Louisiana nonmetropolitan area,nonmetro,39-9011,Childcare Workers,290.0,9.06,18850.0,7.71,8.11,8.79,9.53,11.55,16030.0,16880.0,18290.0,19820.0,24010.0,,
2016,2300001,Northeast Maine nonmetropolitan area,nonmetro,39-9011,Childcare Workers,180.0,10.94,22760.0,8.21,9.09,10.72,12.63,14.38,17070.0,18910.0,22300.0,26280.0,29920.0,,
2016,2300002,Southwest Maine nonmetropolitan area,nonmetro,39-9011,Childcare Workers,1050.0,11.1,23080.0,9.08,9.77,10.77,11.79,14.16,18890.0,20320.0,22400.0,24530.0,29450.0,,
2016,2400001,Upper Eastern Shore of Maryland nonmetropolitan area,nonmetro,39-9011,Childcare Workers,190.0,13.15,27350.0,8.87,9.95,12.5,14.78,20.26,18450.0,20700.0,26000.0,30740.0,42130.0,,
2016,2500002,Southwest Massachusetts nonmetropolitan area,nonmetro,39-9011,Childcare Workers,40.0,14.49,30130.0,10.52,11.28,13.06,17.52,20.69,21880.0,23470.0,27160.0,36440.0,43040.0,,
2016,2500003,Northwest Massachusetts nonmetropolitan area,nonmetro,39-9011,Childcare Workers,150.0,11.52,23960.0,10.01,10.34,11.18,12.28,14.13,20810.0,21510.0,23260.0,25540.0,29390.0,,
2016,2600001,Upper Peninsula of Michigan nonmetropolitan area,nonmetro,39-9011,Childcare Workers,410.0,10.48,21810.0,8.75,9.12,9.92,11.3,12.64,18200.0,18970.0,20640.0,23500.0,26290.0,,
2016,2600002,Northeast Lower Peninsula of Michigan nonmetropolitan area,nonmetro,39-9011,Childcare Workers,370.0,9.58,19940.0,8.62,8.81,9.12,9.44,11.2,17940.0,18330.0,18970.0,19630.0,23290.0,,
2016,2600003,Northwest Lower Peninsula of Michigan nonmetropolitan area,nonmetro,39-9011,Childcare Workers,360.0,10.36,21540.0,8.73,9.07,9.76,11.18,12.04,18160.0,18870.0,20310.0,23250.0,25040.0,,
2016,2600004,Balance of Lower Peninsula of Michigan nonmetropolitan area,nonmetro,39-9011,Childcare Workers,1590.0,10.55,21940.0,8.71,9.02,9.58,11.24,13.21,18120.0,18770.0,19920.0,23380.0,27480.0,,
2016,2700001,Northwest Minnesota nonmetropolitan area,nonmetro,39-9011,Childcare Workers,350.0,13.21,27480.0,9.3,9.55,12.32,16.6,18.55,19330.0,19860.0,25620.0,34530.0,38580.0,,
2016,2700002,Northeast Minnesota nonmetropolitan area,nonmetro,39-9011,Childcare Workers,110.0,10.6,22060.0,9.28,9.42,9.9,11.55,13.11,19290.0,19590.0,20590.0,24030.0,27270.0,,
2016,2700003,Southwest Minnesota nonmetropolitan area,nonmetro,39-9011,Childcare Workers,450.0,13.83,28770.0,9.38,10.21,14.08,16.86,18.44,19510.0,21240.0,29280.0,35070.0,38360.0,,
2016,2700004,Southeast Minnesota nonmetropolitan area,nonmetro,39-9011,Childcare Workers,430.0,10.48,21810.0,9.21,9.32,9.55,10.92,13.59,19150.0,19390.0,19860.0,22710.0,28270.0,,
2016,2800001,Northeast Mississippi nonmetropolitan area,nonmetro,39-9011,Childcare Workers,770.0,9.0,18720.0,7.79,8.19,8.85,9.54,11.22,16200.0,17030.0,18410.0,19850.0,23340.0,,
2016,2800002,Northwest Mississippi nonmetropolitan area,nonmetro,39-9011,Childcare Workers,670.0,8.92,18560.0,7.69,8.05,8.65,9.26,10.86,16000.0,16750.0,18000.0,19260.0,22580.0,,
2016,2800003,Southeast Mississippi nonmetropolitan area,nonmetro,39-9011,Childcare Workers,1010.0,9.13,18990.0,7.78,8.18,8.86,9.58,11.43,16180.0,17020.0,18420.0,19930.0,23770.0,,
2016,2800004,Southwest Mississippi nonmetropolitan area,nonmetro,39-9011,Childcare Workers,790.0,8.52,17730.0,7.64,7.99,8.57,9.15,9.98,15900.0,16620.0,17830.0,19040.0,20750.0,,
2016,2900001,Central Missouri nonmetropolitan area,nonmetro,39-9011,Childcare Workers,920.0,9.64,20050.0,8.07,8.43,9.02,9.9,12.32,16790.0,17530.0,18770.0,20600.0,25620.0,,
2016,2900002,North Missouri nonmetropolitan area,nonmetro,39-9011,Childcare Workers,470.0,9.88,20550.0,8.01,8.37,8.98,10.64,14.14,16660.0,17420.0,18670.0,22140.0,29400.0,,
2016,2900003,Southeast Missouri nonmetropolitan area,nonmetro,39-9011,Childcare Workers,810.0,11.17,23240.0,8.15,8.58,9.31,10.75,24.39,16950.0,17850.0,19350.0,22360.0,50720.0,,
2016,2900004,Southwest Missouri nonmetropolitan area,nonmetro,39-9011,Childcare Workers,160.0,9.72,20230.0,8.13,8.56,9.28,10.77,11.97,16900.0,17810.0,19310.0,22410.0,24910.0,,
2016,3000001,East Montana nonmetropolitan area,nonmetro,39-9011,Childcare Workers,110.0,10.27,21370.0,8.53,8.9,9.53,11.09,12.12,17750.0,18520.0,19820.0,23070.0,25200.0,,
2016,3000002,Central Montana nonmetropolitan area,nonmetro,39-9011,Childcare Workers,90.0,9.82,20430.0,8.46,8.74,9.21,10.31,12.62,17590.0,18180.0,19160.0,21440.0,26240.0,,
2016,3000003,Southwest Montana nonmetropolitan area,nonmetro,39-9011,Childcare Workers,660.0,9.53,19820.0,8.36,8.59,8.99,9.44,11.66,17380.0,17870.0,18690.0,19640.0,24240.0,,
2016,3000004,West Montana nonmetropolitan area,nonmetro,39-9011,Childcare Workers,270.0,11.01,22890.0,8.67,9.22,10.44,12.14,14.78,18030.0,19190.0,21720.0,25250.0,30730.0,,
2016,3100001,Northwest Nebraska nonmetropolitan area,nonmetro,39-9011,Childcare Workers,130.0,10.54,21910.0,9.09,9.23,9.47,11.07,13.62,18910.0,19200.0,19690.0,23030.0,28320.0,,
2016,3100002,Central Nebraska nonmetropolitan area,nonmetro,39-9011,Childcare Workers,750.0,9.8,20380.0,9.06,9.16,9.35,9.75,11.33,18850.0,19050.0,19450.0,20270.0,23570.0,,
2016,3100003,Northeast Nebraska nonmetropolitan area,nonmetro,39-9011,Childcare Workers,470.0,9.78,20340.0,9.07,9.16,9.35,9.83,11.4,18850.0,19060.0,19450.0,20450.0,23700.0,,
2016,3100004,Southeast Nebraska nonmetropolitan area,nonmetro,39-9011,Childcare Workers,190.0,9.98,20760.0,9.09,9.22,9.44,10.36,11.86,18900.0,19180.0,19640.0,21540.0,24660.0,,
2016,3200001,South Nevada nonmetropolitan area,nonmetro,39-9011,Childcare Workers,140.0,10.97,22810.0,7.87,8.47,9.54,13.14,17.42,16380.0,17610.0,19850.0,27330.0,36230.0,,
2016,3200002,North Nevada nonmetropolitan area,nonmetro,39-9011,Childcare Workers,100.0,8.45,17570.0,7.72,8.05,8.59,9.13,9.47,16060.0,16740.0,17870.0,19000.0,19710.0,,
2016,3300001,Northern New Hampshire nonmetropolitan area,nonmetro,39-9011,Childcare Workers,130.0,11.79,24530.0,8.22,9.38,11.38,13.8,15.21,17100.0,19510.0,23660.0,28700.0,31640.0,,
2016,3300002,Central New Hampshire nonmetropolitan area,nonmetro,39-9011,Childcare Workers,410.0,10.17,21160.0,8.09,8.9,10.17,11.47,12.4,16820.0,18510.0,21160.0,23860.0,25800.0,,
2016,3300003,West Central New Hampshire nonmetropolitan area,nonmetro,39-9011,Childcare Workers,240.0,10.78,22430.0,8.09,8.88,10.16,11.78,15.96,16830.0,18480.0,21130.0,24490.0,33190.0,,
2016,3300004,Southwest New Hampshire nonmetropolitan area,nonmetro,39-9011,Childcare Workers,160.0,10.48,21790.0,8.18,8.96,10.03,11.65,14.0,17010.0,18640.0,20860.0,24220.0,29120.0,,
2016,3500001,North and West Central New Mexico nonmetropolitan area,nonmetro,39-9011,Childcare Workers,200.0,11.08,23040.0,8.14,8.69,9.63,12.56,16.81,16940.0,18080.0,20040.0,26120.0,34970.0,,
2016,3500002,Eastern New Mexico nonmetropolitan area,nonmetro,39-9011,Childcare Workers,260.0,8.75,18190.0,7.95,8.25,8.75,9.24,9.69,16540.0,17160.0,18190.0,19220.0,20160.0,,
2016,3600001,Capital/Northern New York nonmetropolitan area,nonmetro,39-9011,Childcare Workers,500.0,11.13,23160.0,9.11,9.28,9.81,11.87,14.62,18950.0,19300.0,20400.0,24680.0,30420.0,,
2016,3600002,East Central New York nonmetropolitan area,nonmetro,39-9011,Childcare Workers,120.0,16.59,34520.0,11.24,14.39,16.77,18.99,22.15,23380.0,29920.0,34890.0,39510.0,46070.0,,
2016,3600003,Central New York nonmetropolitan area,nonmetro,39-9011,Childcare Workers,780.0,10.75,22360.0,9.12,9.29,9.72,11.74,13.89,18970.0,19320.0,20210.0,24420.0,28900.0,,
2016,3600004,Southwest New York nonmetropolitan area,nonmetro,39-9011,Childcare Workers,770.0,11.69,24310.0,9.11,9.27,9.58,13.83,18.04,18950.0,19280.0,19930.0,28780.0,37520.0,,
2016,3700001,Southeast Coastal North Carolina nonmetropolitan area,nonmetro,39-9011,Childcare Workers,1340.0,9.21,19160.0,7.83,8.24,8.93,9.69,12.01,16300.0,17150.0,18570.0,20150.0,24980.0,,
2016,3700002,Northeast Coastal North Carolina nonmetropolitan area,nonmetro,39-9011,Childcare Workers,,10.26,21340.0,8.12,8.93,10.32,11.57,12.28,16880.0,18580.0,21470.0,24060.0,25540.0,,
2016,3700003,Piedmont North Carolina nonmetropolitan area,nonmetro,39-9011,Childcare Workers,1760.0,10.53,21910.0,7.92,8.55,9.71,12.13,14.66,16480.0,17790.0,20190.0,25220.0,30490.0,,
2016,3700004,Mountain North Carolina nonmetropolitan area,nonmetro,39-9011,Childcare Workers,770.0,10.8,22460.0,8.11,8.89,10.31,12.4,14.53,16870.0,18490.0,21450.0,25790.0,30220.0,,
2016,3800001,Far West North Dakota nonmetropolitan area,nonmetro,39-9011,Childcare Workers,200.0,14.41,29980.0,8.77,11.01,13.92,16.98,21.48,18240.0,22910.0,28960.0,35330.0,44680.0,,
2016,3800002,West Central North Dakota nonmetropolitan area,nonmetro,39-9011,Childcare Workers,240.0,10.79,22430.0,8.25,9.53,10.66,11.75,14.06,17160.0,19820.0,22170.0,24440.0,29240.0,,
2016,3800003,East Central North Dakota nonmetropolitan area,nonmetro,39-9011,Childcare Workers,310.0,10.57,21990.0,8.02,8.79,10.26,12.4,14.17,16670.0,18290.0,21330.0,25790.0,29470.0,,
2016,3800004,Far East North Dakota nonmetropolitan area,nonmetro,39-9011,Childcare Workers,120.0,9.66,20080.0,7.78,8.25,9.04,10.38,11.76,16180.0,17160.0,18800.0,21590.0,24460.0,,
2016,3900001,West Northwestern Ohio nonmetropolitan area,nonmetro,39-9011,Childcare Workers,900.0,10.28,21390.0,8.46,8.77,9.29,11.35,13.98,17600.0,18240.0,19330.0,23620.0,29090.0,,
2016,3900002,North Northeastern Ohio non-metropolitan area (non-contiguous),nonmetro,39-9011,Childcare Workers,1090.0,9.61,19980.0,8.49,8.76,9.22,9.95,11.75,17660.0,18220.0,19170.0,20690.0,24430.0,,
2016,3900003,Eastern Ohio nonmetropolitan area,nonmetro,39-9011,Childcare Workers,300.0,9.42,19590.0,8.47,8.71,9.12,9.59,11.23,17620.0,18120.0,18970.0,19950.0,23350.0,,
2016,3900004,Southern Ohio non-metropolitan area,nonmetro,39-9011,Childcare Workers,280.0,10.15,21110.0,8.46,8.77,9.3,10.94,13.82,17590.0,18240.0,19350.0,22750.0,28740.0,,
2016,4000001,Northeast Oklahoma nonmetropolitan area,nonmetro,39-9011,Childcare Workers,720.0,9.78,20350.0,7.83,8.37,9.29,10.95,12.34,16280.0,17410.0,19310.0,22770.0,25680.0,,
2016,4000002,Northwest Oklahoma nonmetropolitan area,nonmetro,39-9011,Childcare Workers,520.0,8.83,18360.0,7.72,8.09,8.71,9.36,10.9,16050.0,16830.0,18130.0,19470.0,22680.0,,
2016,4000003,Southwest Oklahoma nonmetropolitan area,nonmetro,39-9011,Childcare Workers,330.0,9.68,20120.0,7.89,8.44,9.34,10.99,12.16,16420.0,17550.0,19420.0,22860.0,25300.0,,
2016,4000004,Southeast Oklahoma nonmetropolitan area,nonmetro,39-9011,Childcare Workers,720.0,9.58,19930.0,7.85,8.37,9.26,10.8,11.92,16320.0,17420.0,19250.0,22470.0,24800.0,,
2016,4100001,North Coast Oregon nonmetropolitan area,nonmetro,39-9011,Childcare Workers,80.0,11.01,22890.0,9.95,10.36,11.04,11.71,12.12,20700.0,21540.0,22950.0,24370.0,25210.0,,
2016,4100002,South Coast Oregon nonmetropolitan area,nonmetro,39-9011,Childcare Workers,130.0,10.96,22800.0,9.55,9.98,10.85,11.73,12.92,19870.0,20760.0,22580.0,24390.0,26880.0,,
2016,4100003,Central Oregon nonmetropolitan area,nonmetro,39-9011,Childcare Workers,190.0,11.32,23540.0,9.59,9.81,10.94,12.45,14.26,19960.0,20410.0,22760.0,25890.0,29650.0,,
2016,4100004,Eastern Oregon nonmetropolitan area,nonmetro,39-9011,Childcare Workers,90.0,11.31,23530.0,9.52,9.6,9.78,12.28,15.97,19800.0,19960.0,20350.0,25540.0,33210.0,,
2016,4200001,Western Pennsylvania nonmetropolitan area,nonmetro,39-9011,Childcare Workers,530.0,9.97,20740.0,7.87,8.38,9.22,11.17,13.82,16380.0,17430.0,19180.0,23230.0,28750.0,,
2016,4200002,Northern Pennsylvania nonmetropolitan area,nonmetro,39-9011,Childcare Workers,650.0,9.94,20670.0,7.79,8.28,9.09,10.85,15.22,16200.0,17220.0,18920.0,22570.0,31650.0,,
2016,4200003,Southern Pennsylvania nonmetropolitan area,nonmetro,39-9011,Childcare Workers,500.0,9.4,19540.0,7.78,8.17,8.82,9.5,12.78,16180.0,16990.0,18340.0,19770.0,26580.0,,
2016,4500001,Low Country South Carolina nonmetropolitan area,nonmetro,39-9011,Childcare Workers,160.0,8.42,17520.0,7.63,7.97,8.53,9.08,9.52,15870.0,16580.0,17730.0,18880.0,19790.0,,
2016,4500002,Upper Savannah South Carolina nonmetropolitan area,nonmetro,39-9011,Childcare Workers,490.0,9.51,19770.0,7.77,8.2,8.91,9.9,12.78,16160.0,17050.0,18520.0,20580.0,26580.0,,
2016,4500003,Pee Dee South Carolina nonmetropolitan area,nonmetro,39-9011,Childcare Workers,,10.13,21060.0,7.82,8.34,9.2,12.41,14.25,16270.0,17340.0,19130.0,25810.0,29650.0,,
2016,4500004,Lower Savannah South Carolina nonmetropolitan area,nonmetro,39-9011,Childcare Workers,,9.57,19900.0,7.86,8.36,9.19,10.65,12.02,16350.0,17390.0,19120.0,22160.0,25010.0,,
2016,4600002,East South Dakota nonmetropolitan area,nonmetro,39-9011,Childcare Workers,700.0,10.04,20890.0,8.86,9.09,9.53,10.94,11.91,18420.0,18900.0,19830.0,22750.0,24780.0,,
2016,4600003,West South Dakota nonmetropolitan area,nonmetro,39-9011,Childcare Workers,400.0,9.68,20140.0,8.81,8.98,9.26,9.67,11.33,18330.0,18680.0,19270.0,20110.0,23570.0,,
2016,4700001,West Tennessee nonmetropolitan area,nonmetro,39-9011,Childcare Workers,350.0,8.83,18360.0,7.69,8.06,8.69,9.35,11.05,15990.0,16770.0,18080.0,19460.0,22980.0,,
2016,4700002,South Central Tennessee nonmetropolitan area,nonmetro,39-9011,Childcare Workers,150.0,8.7,18100.0,7.79,8.14,8.72,9.3,9.72,16200.0,16930.0,18140.0,19350.0,20210.0,,
2016,4700003,North Central Tennessee nonmetropolitan area,nonmetro,39-9011,Childcare Workers,340.0,9.39,19530.0,7.91,8.41,9.25,10.59,11.73,16450.0,17500.0,19250.0,22040.0,24410.0,,
2016,4700004,East Tennessee nonmetropolitan area,nonmetro,39-9011,Childcare Workers,440.0,9.39,19530.0,7.87,8.26,8.91,9.56,12.91,16360.0,17180.0,18530.0,19890.0,26860.0,,
2016,4800001,West Texas Region of Texas nonmetropolitan area,nonmetro,39-9011,Childcare Workers,620.0,9.37,19480.0,7.86,8.3,9.02,10.04,12.12,16350.0,17250.0,18770.0,20880.0,25210.0,,
2016,4800002,North Texas Region of Texas nonmetropolitan area,nonmetro,39-9011,Childcare Workers,1050.0,8.7,18100.0,7.69,8.05,8.65,9.26,10.53,15990.0,16740.0,17990.0,19250.0,21900.0,,
2016,4800003,Big Thicket Region of Texas nonmetropolitan area,nonmetro,39-9011,Childcare Workers,570.0,9.95,20690.0,7.85,8.44,9.51,11.42,13.08,16330.0,17550.0,19780.0,23750.0,27220.0,,
2016,4800004,Hill Country Region of Texas nonmetropolitan area,nonmetro,39-9011,Childcare Workers,1030.0,9.34,19420.0,7.78,8.24,8.99,10.24,11.74,16190.0,17130.0,18700.0,21300.0,24420.0,,
2016,4800005,Border Region of Texas nonmetropolitan area,nonmetro,39-9011,Childcare Workers,240.0,10.08,20970.0,7.86,8.32,9.09,10.95,15.24,16350.0,17310.0,18900.0,22780.0,31700.0,,
2016,4800006,Coastal Plains Region of Texas nonmetropolitan area,nonmetro,39-9011,Childcare Workers,550.0,9.43,19620.0,7.72,8.15,8.87,10.18,13.04,16050.0,16950.0,18460.0,21180.0,27120.0,,
2016,4900001,Wasatch Back nonmetropolitan area,nonmetro,39-9011,Childcare Workers,200.0,11.57,24070.0,7.74,8.36,9.62,14.54,17.76,16110.0,17390.0,20010.0,30250.0,36940.0,,
2016,4900002,Central Utah nonmetropolitan area,nonmetro,39-9011,Childcare Workers,110.0,10.98,22830.0,7.87,8.39,9.25,13.87,17.18,16360.0,17440.0,19250.0,28840.0,35730.0,,
2016,4900004,Eastern Utah nonmetropolitan area,nonmetro,39-9011,Childcare Workers,90.0,9.73,20240.0,7.75,8.3,9.22,10.85,12.08,16110.0,17260.0,19170.0,22560.0,25120.0,,
2016,5000001,Southern Vermont nonmetropolitan area,nonmetro,39-9011,Childcare Workers,420.0,12.94,26910.0,9.69,10.39,11.65,15.13,18.11,20150.0,21610.0,24230.0,31460.0,37670.0,,
2016,5000002,Northern Vermont nonmetropolitan area,nonmetro,39-9011,Childcare Workers,200.0,13.86,28820.0,9.68,11.23,13.77,16.47,18.37,20130.0,23360.0,28630.0,34250.0,38210.0,,
2016,5100001,Southwest Virginia nonmetropolitan area,nonmetro,39-9011,Childcare Workers,100.0,11.96,24870.0,8.18,9.31,11.23,13.73,16.81,17020.0,19370.0,23350.0,28570.0,34950.0,,
2016,5100002,Southside Virginia nonmetropolitan area,nonmetro,39-9011,Childcare Workers,220.0,9.06,18840.0,7.79,8.19,8.85,9.54,11.57,16210.0,17030.0,18400.0,19840.0,24070.0,,
2016,5100003,Northeast Virginia nonmetropolitan area,nonmetro,39-9011,Childcare Workers,180.0,8.91,18540.0,7.73,8.1,8.72,9.35,10.84,16070.0,16840.0,18130.0,19450.0,22560.0,,
2016,5100004,Northwest Virginia nonmetropolitan area,nonmetro,39-9011,Childcare Workers,150.0,9.22,19170.0,7.85,8.25,8.92,9.58,11.58,16330.0,17160.0,18560.0,19920.0,24080.0,,
2016,5300001,Northwest Washington nonmetropolitan area,nonmetro,39-9011,Childcare Workers,110.0,13.7,28500.0,10.12,11.07,13.48,16.43,18.16,21050.0,23030.0,28030.0,34170.0,37770.0,,
2016,5300002,Southwest Washington nonmetropolitan area,nonmetro,39-9011,Childcare Workers,280.0,12.04,25040.0,10.11,10.65,11.55,13.17,14.9,21030.0,22150.0,24030.0,27390.0,30980.0,,
2016,5300003,Central Washington nonmetropolitan area,nonmetro,39-9011,Childcare Workers,,11.87,24690.0,10.01,10.48,11.27,12.35,15.01,20820.0,21810.0,23450.0,25680.0,31210.0,,
2016,5300004,East Washington nonmetropolitan area,nonmetro,39-9011,Childcare Workers,,11.84,24630.0,10.08,10.55,11.34,12.26,14.92,20960.0,21940.0,23580.0,25510.0,31030.0,,
2016,5400001,Southern West Virginia nonmetropolitan area,nonmetro,39-9011,Childcare Workers,160.0,10.27,21360.0,8.91,9.15,9.57,11.2,13.01,18530.0,19020.0,19900.0,23310.0,27070.0,,
2016,5400002,Northern West Virginia nonmetropolitan area,nonmetro,39-9011,Childcare Workers,270.0,9.59,19950.0,8.83,8.94,9.13,9.54,11.12,18360.0,18590.0,18980.0,19850.0,23130.0,,
2016,5500001,Northwestern Wisconsin nonmetropolitan area,nonmetro,39-9011,Childcare Workers,110.0,9.47,19710.0,7.88,8.33,9.09,10.43,12.29,16400.0,17330.0,18900.0,21690.0,25560.0,,
2016,5500002,Northeastern Wisconsin nonmetropolitan area,nonmetro,39-9011,Childcare Workers,430.0,10.22,21260.0,7.87,8.42,9.34,11.79,14.54,16370.0,17510.0,19420.0,24530.0,30240.0,,
2016,5500003,South Central Wisconsin nonmetropolitan area,nonmetro,39-9011,Childcare Workers,290.0,8.96,18630.0,7.81,8.19,8.84,9.49,11.19,16230.0,17040.0,18390.0,19730.0,23280.0,,
2016,5500004,Western Wisconsin nonmetropolitan area,nonmetro,39-9011,Childcare Workers,,11.38,23680.0,8.45,9.71,10.92,12.5,14.53,17570.0,20200.0,22710.0,25990.0,30230.0,,
2016,5600001,Northwest Wyoming nonmetropolitan area,nonmetro,39-9011,Childcare Workers,230.0,10.79,22450.0,7.9,8.64,10.06,12.33,14.89,16430.0,17970.0,20930.0,25650.0,30970.0,,
2016,5600002,Southwest Wyoming nonmetropolitan area,nonmetro,39-9011,Childcare Workers,290.0,13.03,27110.0,10.03,10.99,12.62,14.39,17.15,20850.0,22860.0,26250.0,29940.0,35670.0,,
2016,5600003,Northeast Wyoming nonmetropolitan area,nonmetro,39-9011,Childcare Workers,330.0,11.73,24400.0,8.37,9.53,11.34,13.87,15.87,17410.0,19820.0,23590.0,28840.0,33010.0,,
2016,5600004,Central-Southeast Wyoming nonmetropolitan area,nonmetro,39-9011,Childcare Workers,420.0,11.98,24930.0,8.46,9.63,11.61,14.25,16.81,17600.0,20030.0,24160.0,29650.0,34960.0,,
2017,0010180,"Abilene, TX",metro,39-9011,Childcare Workers,400.0,9.67,20110.0,7.94,8.39,9.13,10.32,12.78,16510.0,17440.0,18990.0,21470.0,26580.0,,
2017,0010380,"Aguadilla-Isabela, PR",metro,39-9011,Childcare Workers,80.0,8.5,17670.0,7.84,8.15,8.68,9.21,9.58,16310.0,16960.0,18050.0,19150.0,19920.0,,
2017,0010420,"Akron, OH",metro,39-9011,Childcare Workers,,11.41,23730.0,8.72,9.14,10.32,13.39,16.33,18150.0,19000.0,21470.0,27850.0,33960.0,,
2017,0010500,"Albany, GA",metro,39-9011,Childcare Workers,,8.6,17890.0,7.7,8.05,8.63,9.2,9.79,16020.0,16750.0,17950.0,19140.0,20360.0,,
2017,0010540,"Albany, OR",metro,39-9011,Childcare Workers,130.0,11.17,23230.0,9.89,10.28,11.04,11.81,12.69,20570.0,21390.0,22970.0,24570.0,26400.0,,
2017,0010580,"Albany-Schenectady-Troy, NY",metro,39-9011,Childcare Workers,3330.0,12.35,25690.0,9.71,9.8,11.26,13.85,17.41,20190.0,20390.0,23430.0,28820.0,36210.0,,
2017,0010740,"Albuquerque, NM",metro,39-9011,Childcare Workers,1320.0,11.11,23100.0,8.16,8.78,10.32,12.34,16.72,16960.0,18260.0,21470.0,25670.0,34770.0,,
2017,0010780,"Alexandria, LA",metro,39-9011,Childcare Workers,350.0,8.86,18430.0,7.68,8.06,8.68,9.36,11.05,15970.0,16760.0,18060.0,19460.0,22990.0,,
2017,0010900,"Allentown-Bethlehem-Easton, PA-NJ",metro,39-9011,Childcare Workers,1610.0,10.83,22520.0,8.1,8.84,10.25,12.31,14.33,16850.0,18390.0,21320.0,25600.0,29810.0,,
2017,0011020,"Altoona, PA",metro,39-9011,Childcare Workers,180.0,8.77,18240.0,7.86,8.21,8.8,9.39,9.87,16350.0,17090.0,18310.0,19530.0,20530.0,,
2017,0011100,"Amarillo, TX",metro,39-9011,Childcare Workers,410.0,9.41,19580.0,7.86,8.3,9.01,9.91,12.23,16360.0,17250.0,18750.0,20610.0,25440.0,,
2017,0011180,"Ames, IA",metro,39-9011,Childcare Workers,330.0,9.01,18740.0,7.87,8.27,8.93,9.68,11.2,16370.0,17200.0,18580.0,20140.0,23300.0,,
2017,0011244,"Anaheim-Santa Ana-Irvine, CA Metropolitan Division",metro,39-9011,Childcare Workers,4200.0,14.05,29220.0,10.64,11.49,13.08,15.09,19.47,22120.0,23890.0,27210.0,31390.0,40500.0,,
2017,0011260,"Anchorage, AK",metro,39-9011,Childcare Workers,1370.0,12.4,25780.0,10.19,10.82,11.86,13.5,15.34,21200.0,22500.0,24670.0,28070.0,31900.0,,
2017,0011460,"Ann Arbor, MI",metro,39-9011,Childcare Workers,540.0,11.52,23960.0,9.19,9.67,10.67,11.72,14.24,19110.0,20100.0,22200.0,24370.0,29610.0,,
2017,0011500,"Anniston-Oxford-Jacksonville, AL",metro,39-9011,Childcare Workers,180.0,9.13,18980.0,7.79,8.16,8.79,9.42,11.04,16210.0,16980.0,18270.0,19600.0,22970.0,,
2017,0011540,"Appleton, WI",metro,39-9011,Childcare Workers,240.0,10.53,21900.0,7.97,8.53,9.51,12.96,14.56,16570.0,17730.0,19780.0,26960.0,30290.0,,
2017,0011640,"Arecibo, PR",metro,39-9011,Childcare Workers,90.0,8.43,17530.0,7.78,8.1,8.62,9.14,9.47,16190.0,16840.0,17930.0,19010.0,19690.0,,
2017,0011700,"Asheville, NC",metro,39-9011,Childcare Workers,850.0,11.66,24250.0,8.36,9.5,11.06,13.35,15.82,17380.0,19760.0,23010.0,27760.0,32890.0,,
2017,0012020,"Athens-Clarke County, GA",metro,39-9011,Childcare Workers,360.0,9.71,20190.0,8.04,8.53,9.36,10.81,12.31,16720.0,17750.0,19470.0,22480.0,25610.0,,
2017,0012060,"Atlanta-Sandy Springs-Roswell, GA",metro,39-9011,Childcare Workers,9840.0,11.47,23860.0,8.07,8.81,10.42,13.36,16.97,16780.0,18320.0,21680.0,27790.0,35300.0,,
2017,0012100,"Atlantic City-Hammonton, NJ",metro,39-9011,Childcare Workers,250.0,12.04,25030.0,9.04,9.84,11.33,13.53,17.14,18790.0,20460.0,23570.0,28140.0,35640.0,,
2017,0012220,"Auburn-Opelika, AL",metro,39-9011,Childcare Workers,570.0,9.35,19450.0,7.88,8.33,9.07,10.1,11.85,16390.0,17320.0,18870.0,21010.0,24650.0,,
2017,0012260,"Augusta-Richmond County, GA-SC",metro,39-9011,Childcare Workers,620.0,8.96,18630.0,7.73,8.11,8.72,9.35,11.12,16080.0,16860.0,18140.0,19450.0,23120.0,,
2017,0012420,"Austin-Round Rock, TX",metro,39-9011,Childcare Workers,6520.0,11.35,23610.0,8.21,9.18,10.95,13.19,14.95,17090.0,19090.0,22770.0,27430.0,31100.0,,
2017,0012540,"Bakersfield, CA",metro,39-9011,Childcare Workers,1340.0,12.34,25660.0,10.58,11.06,11.85,13.03,14.83,22000.0,23000.0,24650.0,27100.0,30840.0,,
2017,0012580,"Baltimore-Columbia-Towson, MD",metro,39-9011,Childcare Workers,4220.0,11.47,23860.0,9.04,9.32,10.41,12.32,15.52,18790.0,19400.0,21650.0,25620.0,32280.0,,
2017,0012940,"Baton Rouge, LA",metro,39-9011,Childcare Workers,1800.0,9.19,19110.0,7.83,8.24,8.94,9.74,11.54,16280.0,17150.0,18600.0,20260.0,23990.0,,
2017,0012980,"Battle Creek, MI",metro,39-9011,Childcare Workers,260.0,10.4,21630.0,9.03,9.23,9.68,11.23,12.85,18790.0,19200.0,20140.0,23360.0,26740.0,,
2017,0013020,"Bay City, MI",metro,39-9011,Childcare Workers,150.0,9.42,19590.0,8.98,9.1,9.31,9.55,9.83,18680.0,18930.0,19370.0,19860.0,20440.0,,
2017,0013140,"Beaumont-Port Arthur, TX",metro,39-9011,Childcare Workers,660.0,9.63,20040.0,7.85,8.33,9.13,10.63,12.51,16330.0,17330.0,18990.0,22100.0,26010.0,,
2017,0013220,"Beckley, WV",metro,39-9011,Childcare Workers,130.0,9.78,20350.0,9.13,9.26,9.47,9.84,11.11,18990.0,19270.0,19700.0,20470.0,23100.0,,
2017,0013380,"Bellingham, WA",metro,39-9011,Childcare Workers,280.0,12.24,25470.0,11.21,11.5,11.99,12.58,14.18,23310.0,23920.0,24940.0,26170.0,29500.0,,
2017,0013460,"Bend-Redmond, OR",metro,39-9011,Childcare Workers,170.0,12.47,25930.0,9.87,10.34,11.54,14.27,17.33,20540.0,21500.0,24000.0,29680.0,36050.0,,
2017,0013740,"Billings, MT",metro,39-9011,Childcare Workers,600.0,10.87,22610.0,8.77,9.31,10.35,11.79,14.15,18240.0,19360.0,21530.0,24520.0,29430.0,,
2017,0013780,"Binghamton, NY",metro,39-9011,Childcare Workers,670.0,12.17,25300.0,9.74,10.05,11.66,13.8,15.41,20260.0,20900.0,24260.0,28700.0,32050.0,,
2017,0013820,"Birmingham-Hoover, AL",metro,39-9011,Childcare Workers,2230.0,9.62,20010.0,7.9,8.34,9.07,10.21,12.93,16420.0,17340.0,18860.0,21240.0,26890.0,,
2017,0013900,"Bismarck, ND",metro,39-9011,Childcare Workers,670.0,10.9,22670.0,8.54,9.69,10.74,11.78,13.76,17750.0,20150.0,22340.0,24500.0,28630.0,,
2017,0013980,"Blacksburg-Christiansburg-Radford, VA",metro,39-9011,Childcare Workers,420.0,8.88,18460.0,7.59,7.99,8.64,9.35,11.14,15780.0,16630.0,17980.0,19450.0,23160.0,,
2017,0014010,"Bloomington, IL",metro,39-9011,Childcare Workers,600.0,9.97,20740.0,8.66,8.94,9.36,10.9,12.22,18010.0,18600.0,19480.0,22670.0,25410.0,,
2017,0014020,"Bloomington, IN",metro,39-9011,Childcare Workers,240.0,9.18,19090.0,7.74,8.16,8.86,9.73,11.83,16090.0,16970.0,18420.0,20240.0,24610.0,,
2017,0014100,"Bloomsburg-Berwick, PA",metro,39-9011,Childcare Workers,180.0,9.62,20010.0,7.71,8.19,8.99,11.02,13.37,16030.0,17030.0,18690.0,22930.0,27810.0,,
2017,0014260,"Boise City, ID",metro,39-9011,Childcare Workers,480.0,8.89,18490.0,7.66,8.05,8.68,9.35,11.09,15940.0,16750.0,18050.0,19440.0,23080.0,,
2017,0014500,"Boulder, CO",metro,39-9011,Childcare Workers,520.0,13.99,29100.0,9.53,10.29,13.08,16.29,19.57,19830.0,21400.0,27200.0,33870.0,40720.0,,
2017,0014540,"Bowling Green, KY",metro,39-9011,Childcare Workers,430.0,9.03,18790.0,7.74,8.16,8.86,9.75,11.29,16100.0,16980.0,18430.0,20280.0,23480.0,,
2017,0014740,"Bremerton-Silverdale, WA",metro,39-9011,Childcare Workers,160.0,14.48,30120.0,11.22,11.53,12.16,16.3,18.6,23340.0,23990.0,25300.0,33910.0,38700.0,,
2017,0015180,"Brownsville-Harlingen, TX",metro,39-9011,Childcare Workers,1470.0,9.4,19560.0,7.94,8.37,9.08,9.95,11.88,16510.0,17400.0,18880.0,20700.0,24710.0,,
2017,0015260,"Brunswick, GA",metro,39-9011,Childcare Workers,130.0,9.72,20210.0,7.76,8.22,8.98,10.27,11.99,16140.0,17100.0,18680.0,21360.0,24930.0,,
2017,0015380,"Buffalo-Cheektowaga-Niagara Falls, NY",metro,39-9011,Childcare Workers,2760.0,11.36,23640.0,9.71,9.78,10.62,11.66,14.21,20190.0,20350.0,22100.0,24260.0,29560.0,,
2017,0015500,"Burlington, NC",metro,39-9011,Childcare Workers,280.0,10.07,20950.0,7.92,8.5,9.49,11.4,13.44,16470.0,17690.0,19750.0,23710.0,27960.0,,
2017,0015680,"California-Lexington Park, MD",metro,39-9011,Childcare Workers,150.0,12.2,25370.0,9.05,9.42,11.05,14.18,17.54,18830.0,19600.0,22980.0,29500.0,36490.0,,
2017,0015804,"Camden, NJ Metropolitan Division",metro,39-9011,Childcare Workers,2870.0,11.71,24360.0,9.02,9.55,10.99,13.03,15.36,18760.0,19870.0,22860.0,27110.0,31940.0,,
2017,0015940,"Canton-Massillon, OH",metro,39-9011,Childcare Workers,570.0,10.61,22070.0,8.65,8.97,9.56,11.74,14.54,17990.0,18660.0,19880.0,24410.0,30240.0,,
2017,0015980,"Cape Coral-Fort Myers, FL",metro,39-9011,Childcare Workers,1030.0,11.63,24190.0,8.78,9.33,10.8,13.4,16.41,18260.0,19410.0,22460.0,27880.0,34140.0,,
2017,0016020,"Cape Girardeau, MO-IL",metro,39-9011,Childcare Workers,290.0,9.79,20360.0,8.17,8.53,9.13,10.41,13.15,16990.0,17740.0,19000.0,21660.0,27360.0,,
2017,0016060,"Carbondale-Marion, IL",metro,39-9011,Childcare Workers,220.0,10.38,21590.0,8.75,9.04,9.6,11.19,12.85,18200.0,18810.0,19970.0,23280.0,26730.0,,
2017,0016180,"Carson City, NV",metro,39-9011,Childcare Workers,110.0,11.29,23480.0,8.44,9.98,10.93,11.88,13.44,17550.0,20750.0,22730.0,24700.0,27950.0,,
2017,0016220,"Casper, WY",metro,39-9011,Childcare Workers,280.0,11.08,23060.0,8.26,9.36,10.95,12.9,14.57,17170.0,19480.0,22780.0,26830.0,30300.0,,
2017,0016300,"Cedar Rapids, IA",metro,39-9011,Childcare Workers,820.0,11.13,23140.0,8.08,8.95,10.59,12.4,15.45,16810.0,18620.0,22030.0,25780.0,32140.0,,
2017,0016540,"Chambersburg-Waynesboro, PA",metro,39-9011,Childcare Workers,,10.02,20850.0,8.43,9.41,10.09,11.03,11.6,17530.0,19580.0,20990.0,22950.0,24130.0,,
2017,0016580,"Champaign-Urbana, IL",metro,39-9011,Childcare Workers,450.0,11.82,24580.0,9.04,9.58,11.04,12.7,15.3,18810.0,19920.0,22970.0,26410.0,31830.0,,
2017,0016620,"Charleston, WV",metro,39-9011,Childcare Workers,280.0,10.76,22380.0,9.05,9.25,10.0,11.85,14.11,18830.0,19230.0,20810.0,24650.0,29340.0,,
2017,0016700,"Charleston-North Charleston, SC",metro,39-9011,Childcare Workers,1750.0,9.73,20240.0,7.83,8.34,9.19,10.89,13.15,16290.0,17350.0,19120.0,22660.0,27350.0,,
2017,0016740,"Charlotte-Concord-Gastonia, NC-SC",metro,39-9011,Childcare Workers,5880.0,11.19,23270.0,8.14,9.05,10.61,12.38,14.97,16930.0,18820.0,22080.0,25750.0,31130.0,,
2017,0016820,"Charlottesville, VA",metro,39-9011,Childcare Workers,460.0,10.83,22520.0,7.97,8.62,9.84,12.52,15.28,16580.0,17930.0,20460.0,26050.0,31780.0,,
2017,0016860,"Chattanooga, TN-GA",metro,39-9011,Childcare Workers,770.0,10.02,20840.0,7.96,8.54,9.53,11.23,12.64,16560.0,17750.0,19830.0,23360.0,26290.0,,
2017,0016940,"Cheyenne, WY",metro,39-9011,Childcare Workers,,9.49,19740.0,7.87,8.27,8.93,9.65,13.23,16380.0,17200.0,18570.0,20080.0,27510.0,,
2017,0016974,"Chicago-Naperville-Arlington Heights, IL Metropolitan Division",metro,39-9011,Childcare Workers,9820.0,11.47,23850.0,8.92,9.49,10.85,12.31,15.09,18560.0,19750.0,22570.0,25610.0,31390.0,,
2017,0017020,"Chico, CA",metro,39-9011,Childcare Workers,600.0,12.1,25170.0,10.33,10.34,11.29,12.65,15.64,21490.0,21510.0,23480.0,26310.0,32540.0,,
2017,0017140,"Cincinnati, OH-KY-IN",metro,39-9011,Childcare Workers,4800.0,11.53,23980.0,8.58,9.36,11.07,13.24,15.06,17860.0,19460.0,23020.0,27550.0,31330.0,,
2017,0017300,"Clarksville, TN-KY",metro,39-9011,Childcare Workers,680.0,9.04,18800.0,7.88,8.27,8.93,9.63,11.16,16390.0,17210.0,18570.0,20030.0,23210.0,,
2017,0017420,"Cleveland, TN",metro,39-9011,Childcare Workers,110.0,8.65,18000.0,7.75,8.1,8.69,9.28,10.0,16120.0,16850.0,18070.0,19310.0,20790.0,,
2017,0017460,"Cleveland-Elyria, OH",metro,39-9011,Childcare Workers,4010.0,10.8,22460.0,8.67,9.06,9.91,11.75,14.85,18040.0,18840.0,20610.0,24450.0,30880.0,,
2017,0017660,"Coeur d'Alene, ID",metro,39-9011,Childcare Workers,,10.62,22090.0,8.16,8.97,10.28,11.7,13.72,16980.0,18660.0,21380.0,24340.0,28540.0,,
2017,0017780,"College Station-Bryan, TX",metro,39-9011,Childcare Workers,360.0,10.12,21050.0,8.01,8.5,9.32,11.04,14.83,16660.0,17680.0,19380.0,22960.0,30840.0,,
2017,0017820,"Colorado Springs, CO",metro,39-9011,Childcare Workers,590.0,12.37,25730.0,9.42,9.63,11.72,14.2,16.31,19600.0,20040.0,24380.0,29540.0,33930.0,,
2017,0017860,"Columbia, MO",metro,39-9011,Childcare Workers,560.0,11.97,24900.0,8.3,8.81,9.95,16.13,17.99,17260.0,18320.0,20700.0,33560.0,37410.0,,
2017,0017900,"Columbia, SC",metro,39-9011,Childcare Workers,800.0,9.34,19430.0,7.86,8.28,8.98,9.79,11.91,16350.0,17230.0,18690.0,20360.0,24770.0,,
2017,0017980,"Columbus, GA-AL",metro,39-9011,Childcare Workers,640.0,10.08,20970.0,7.96,8.47,9.33,11.0,13.76,16550.0,17610.0,19400.0,22880.0,28630.0,,
2017,0018140,"Columbus, OH",metro,39-9011,Childcare Workers,5340.0,10.5,21850.0,8.6,8.95,9.67,11.8,13.7,17890.0,18610.0,20110.0,24540.0,28500.0,,
2017,0018580,"Corpus Christi, TX",metro,39-9011,Childcare Workers,940.0,9.57,19910.0,7.89,8.38,9.21,10.81,12.05,16400.0,17440.0,19150.0,22490.0,25060.0,,
2017,0018700,"Corvallis, OR",metro,39-9011,Childcare Workers,130.0,10.67,22200.0,9.86,9.91,10.63,11.35,11.79,20500.0,20610.0,22100.0,23620.0,24530.0,,
2017,0018880,"Crestview-Fort Walton Beach-Destin, FL",metro,39-9011,Childcare Workers,470.0,10.51,21860.0,8.55,8.87,9.4,11.16,14.55,17790.0,18450.0,19550.0,23200.0,30270.0,,
2017,0019060,"Cumberland, MD-WV",metro,39-9011,Childcare Workers,100.0,11.3,23510.0,8.96,9.13,9.44,11.12,19.89,18640.0,18990.0,19630.0,23130.0,41370.0,,
2017,0019124,"Dallas-Plano-Irving, TX Metropolitan Division",metro,39-9011,Childcare Workers,9170.0,10.92,22710.0,7.97,8.57,9.6,11.63,15.7,16570.0,17820.0,19970.0,24180.0,32650.0,,
2017,0019140,"Dalton, GA",metro,39-9011,Childcare Workers,,9.12,18970.0,8.02,8.41,9.07,9.72,11.12,16680.0,17500.0,18860.0,20220.0,23130.0,,
2017,0019180,"Danville, IL",metro,39-9011,Childcare Workers,80.0,12.41,25820.0,8.6,9.0,10.82,16.57,18.61,17880.0,18720.0,22510.0,34470.0,38710.0,,
2017,0019300,"Daphne-Fairhope-Foley, AL",metro,39-9011,Childcare Workers,220.0,9.43,19620.0,7.8,8.2,8.86,9.65,13.76,16230.0,17050.0,18430.0,20070.0,28610.0,,
2017,0019340,"Davenport-Moline-Rock Island, IA-IL",metro,39-9011,Childcare Workers,640.0,10.17,21160.0,8.14,8.75,9.57,11.37,13.38,16930.0,18200.0,19900.0,23640.0,27840.0,,
2017,0019380,"Dayton, OH",metro,39-9011,Childcare Workers,1040.0,11.24,23380.0,8.62,8.98,9.83,12.4,15.09,17930.0,18690.0,20450.0,25790.0,31380.0,,
2017,0019460,"Decatur, AL",metro,39-9011,Childcare Workers,170.0,8.4,17460.0,7.66,7.98,8.52,9.05,9.42,15920.0,16600.0,17710.0,18830.0,19600.0,,
2017,0019500,"Decatur, IL",metro,39-9011,Childcare Workers,70.0,10.03,20870.0,8.92,9.2,9.65,10.91,11.85,18550.0,19140.0,20080.0,22690.0,24640.0,,
2017,0019660,"Deltona-Daytona Beach-Ormond Beach, FL",metro,39-9011,Childcare Workers,790.0,10.72,22300.0,8.72,9.15,10.06,11.99,14.14,18140.0,19030.0,20920.0,24930.0,29420.0,,
2017,0019740,"Denver-Aurora-Lakewood, CO",metro,39-9011,Childcare Workers,5560.0,13.43,27920.0,9.64,10.87,12.88,14.78,18.38,20060.0,22620.0,26780.0,30740.0,38220.0,,
2017,0019780,"Des Moines-West Des Moines, IA",metro,39-9011,Childcare Workers,1830.0,10.8,22470.0,7.89,8.56,10.28,13.13,14.6,16400.0,17800.0,21390.0,27300.0,30370.0,,
2017,0019804,"Detroit-Dearborn-Livonia, MI Metropolitan Division",metro,39-9011,Childcare Workers,2730.0,11.31,23530.0,9.03,9.23,10.08,11.97,15.44,18790.0,19210.0,20970.0,24900.0,32120.0,,
2017,0020020,"Dothan, AL",metro,39-9011,Childcare Workers,,8.7,18090.0,7.79,8.14,8.72,9.29,9.89,16200.0,16920.0,18130.0,19330.0,20560.0,,
2017,0020100,"Dover, DE",metro,39-9011,Childcare Workers,260.0,13.23,27530.0,9.59,12.56,13.65,14.74,15.4,19950.0,26110.0,28390.0,30660.0,32020.0,,
2017,0020220,"Dubuque, IA",metro,39-9011,Childcare Workers,,9.23,19200.0,7.91,8.31,8.96,9.65,11.58,16460.0,17280.0,18650.0,20070.0,24080.0,,
2017,0020260,"Duluth, MN-WI",metro,39-9011,Childcare Workers,440.0,11.47,23850.0,9.79,10.1,11.12,12.15,14.33,20350.0,21000.0,23130.0,25280.0,29810.0,,
2017,0020500,"Durham-Chapel Hill, NC",metro,39-9011,Childcare Workers,770.0,11.05,22980.0,7.9,8.59,10.1,12.38,15.22,16420.0,17870.0,21000.0,25750.0,31660.0,,
2017,0020524,"Dutchess County-Putnam County, NY Metropolitan Division",metro,39-9011,Childcare Workers,860.0,11.85,24660.0,9.72,9.9,11.29,13.26,14.7,20210.0,20590.0,23480.0,27580.0,30580.0,,
2017,0020700,"East Stroudsburg, PA",metro,39-9011,Childcare Workers,270.0,9.04,18800.0,7.77,8.16,8.8,9.48,11.21,16160.0,16960.0,18300.0,19710.0,23320.0,,
2017,0020740,"Eau Claire, WI",metro,39-9011,Childcare Workers,210.0,10.05,20900.0,7.98,8.54,9.47,11.46,13.67,16600.0,17750.0,19690.0,23830.0,28430.0,,
2017,0020940,"El Centro, CA",metro,39-9011,Childcare Workers,290.0,11.5,23930.0,10.33,10.34,10.69,11.66,13.85,21490.0,21500.0,22230.0,24260.0,28800.0,,
2017,0020994,"Elgin, IL Metropolitan Division",metro,39-9011,Childcare Workers,1350.0,11.62,24180.0,8.96,9.68,11.46,13.5,14.8,18630.0,20130.0,23830.0,28080.0,30790.0,,
2017,0021060,"Elizabethtown-Fort Knox, KY",metro,39-9011,Childcare Workers,450.0,8.91,18530.0,7.79,8.16,8.79,9.49,11.04,16190.0,16980.0,18290.0,19740.0,22960.0,,
2017,0021140,"Elkhart-Goshen, IN",metro,39-9011,Childcare Workers,130.0,11.16,23210.0,8.42,9.5,10.61,11.88,14.81,17520.0,19750.0,22070.0,24720.0,30800.0,,
2017,0021300,"Elmira, NY",metro,39-9011,Childcare Workers,,10.47,21780.0,9.7,9.71,10.29,11.16,11.68,20180.0,20200.0,21400.0,23210.0,24290.0,,
2017,0021340,"El Paso, TX",metro,39-9011,Childcare Workers,1090.0,8.9,18520.0,7.76,8.14,8.75,9.39,10.99,16150.0,16920.0,18210.0,19530.0,22850.0,,
2017,0021420,"Enid, OK",metro,39-9011,Childcare Workers,140.0,9.38,19510.0,7.67,8.1,8.81,9.86,11.95,15960.0,16850.0,18320.0,20500.0,24850.0,,
2017,0021500,"Erie, PA",metro,39-9011,Childcare Workers,700.0,10.07,20940.0,7.91,8.46,9.39,11.44,13.79,16460.0,17600.0,19520.0,23800.0,28680.0,,
2017,0021660,"Eugene, OR",metro,39-9011,Childcare Workers,480.0,11.54,24000.0,9.74,9.88,10.89,12.65,14.71,20270.0,20540.0,22660.0,26300.0,30600.0,,
2017,0021780,"Evansville, IN-KY",metro,39-9011,Childcare Workers,680.0,9.44,19640.0,7.92,8.44,9.31,10.57,11.59,16480.0,17560.0,19350.0,21980.0,24100.0,,
2017,0021820,"Fairbanks, AK",metro,39-9011,Childcare Workers,120.0,14.98,31150.0,10.08,11.24,14.53,18.03,20.96,20960.0,23380.0,30230.0,37490.0,43590.0,,
2017,0022020,"Fargo, ND-MN",metro,39-9011,Childcare Workers,1290.0,11.23,23360.0,8.71,9.67,10.58,11.7,15.42,18120.0,20120.0,22000.0,24330.0,32080.0,,
2017,0022140,"Farmington, NM",metro,39-9011,Childcare Workers,230.0,10.02,20850.0,8.27,8.9,9.88,11.12,11.86,17200.0,18510.0,20560.0,23120.0,24660.0,,
2017,0022180,"Fayetteville, NC",metro,39-9011,Childcare Workers,550.0,9.69,20150.0,7.95,8.43,9.23,10.57,12.26,16540.0,17540.0,19200.0,21980.0,25500.0,,
2017,0022220,"Fayetteville-Springdale-Rogers, AR-MO",metro,39-9011,Childcare Workers,1190.0,9.85,20480.0,8.65,8.88,9.25,10.25,12.04,17990.0,18460.0,19240.0,21330.0,25040.0,,
2017,0022380,"Flagstaff, AZ",metro,39-9011,Childcare Workers,90.0,11.89,24740.0,10.0,10.01,10.87,12.51,14.47,20810.0,20820.0,22600.0,26010.0,30090.0,,
2017,0022420,"Flint, MI",metro,39-9011,Childcare Workers,880.0,10.07,20950.0,9.01,9.18,9.53,10.67,11.9,18750.0,19100.0,19830.0,22190.0,24750.0,,
2017,0022500,"Florence, SC",metro,39-9011,Childcare Workers,330.0,9.23,19190.0,7.77,8.19,8.87,9.7,12.05,16170.0,17030.0,18460.0,20190.0,25070.0,,
2017,0022520,"Florence-Muscle Shoals, AL",metro,39-9011,Childcare Workers,250.0,8.58,17840.0,7.7,8.06,8.62,9.18,9.69,16030.0,16760.0,17920.0,19090.0,20160.0,,
2017,0022540,"Fond du Lac, WI",metro,39-9011,Childcare Workers,140.0,9.94,20670.0,7.95,8.62,9.89,11.27,12.16,16540.0,17920.0,20570.0,23430.0,25300.0,,
2017,0022660,"Fort Collins, CO",metro,39-9011,Childcare Workers,310.0,11.61,24140.0,9.37,9.56,9.98,13.2,15.61,19500.0,19870.0,20760.0,27460.0,32460.0,,
2017,0022744,"Fort Lauderdale-Pompano Beach-Deerfield Beach, FL Metropolitan Division",metro,39-9011,Childcare Workers,3460.0,10.61,22070.0,8.8,9.24,10.08,11.67,13.41,18300.0,19210.0,20960.0,24270.0,27890.0,,
2017,0022900,"Fort Smith, AR-OK",metro,39-9011,Childcare Workers,550.0,9.54,19850.0,8.56,8.81,9.24,9.78,11.45,17800.0,18330.0,19220.0,20340.0,23810.0,,
2017,0023060,"Fort Wayne, IN",metro,39-9011,Childcare Workers,470.0,10.92,22710.0,8.07,8.69,9.72,11.83,17.39,16790.0,18080.0,20210.0,24600.0,36160.0,,
2017,0023104,"Fort Worth-Arlington, TX Metropolitan Division",metro,39-9011,Childcare Workers,4900.0,9.57,19910.0,7.84,8.3,9.07,10.51,12.09,16300.0,17260.0,18860.0,21860.0,25150.0,,
2017,0023420,"Fresno, CA",metro,39-9011,Childcare Workers,1430.0,12.55,26100.0,10.37,10.88,11.74,13.46,15.44,21570.0,22640.0,24420.0,28000.0,32110.0,,
2017,0023460,"Gadsden, AL",metro,39-9011,Childcare Workers,190.0,8.54,17770.0,7.79,8.12,8.67,9.21,9.62,16210.0,16890.0,18030.0,19160.0,20020.0,,
2017,0023540,"Gainesville, FL",metro,39-9011,Childcare Workers,500.0,10.9,22680.0,8.63,9.12,10.38,12.2,14.11,17950.0,18970.0,21590.0,25370.0,29350.0,,
2017,0023580,"Gainesville, GA",metro,39-9011,Childcare Workers,,9.25,19250.0,7.78,8.15,8.76,9.37,13.0,16180.0,16940.0,18210.0,19490.0,27040.0,,
2017,0023844,"Gary, IN Metropolitan Division",metro,39-9011,Childcare Workers,700.0,9.11,18960.0,7.85,8.24,8.9,9.67,11.55,16320.0,17140.0,18520.0,20100.0,24030.0,,
2017,0023900,"Gettysburg, PA",metro,39-9011,Childcare Workers,,10.91,22690.0,8.54,9.6,10.82,12.2,13.85,17760.0,19980.0,22510.0,25380.0,28800.0,,
2017,0024020,"Glens Falls, NY",metro,39-9011,Childcare Workers,,11.48,23880.0,9.78,10.24,11.0,11.76,13.28,20340.0,21300.0,22880.0,24460.0,27620.0,,
2017,0024140,"Goldsboro, NC",metro,39-9011,Childcare Workers,,9.38,19500.0,7.91,8.28,8.89,9.52,10.71,16460.0,17220.0,18500.0,19810.0,22280.0,,
2017,0024220,"Grand Forks, ND-MN",metro,39-9011,Childcare Workers,290.0,9.6,19960.0,8.06,8.66,9.63,9.73,10.67,16760.0,18010.0,20030.0,20240.0,22190.0,,
2017,0024260,"Grand Island, NE",metro,39-9011,Childcare Workers,240.0,10.17,21150.0,9.34,9.47,9.72,10.76,11.54,19430.0,19690.0,20220.0,22380.0,24000.0,,
2017,0024300,"Grand Junction, CO",metro,39-9011,Childcare Workers,140.0,10.36,21540.0,9.42,9.58,10.0,11.12,11.79,19590.0,19930.0,20800.0,23120.0,24520.0,,
2017,0024340,"Grand Rapids-Wyoming, MI",metro,39-9011,Childcare Workers,1680.0,12.04,25030.0,9.12,9.48,10.76,13.03,17.23,18970.0,19710.0,22370.0,27100.0,35830.0,,
2017,0024420,"Grants Pass, OR",metro,39-9011,Childcare Workers,80.0,11.0,22870.0,9.85,10.24,10.88,11.53,12.07,20490.0,21290.0,22630.0,23970.0,25110.0,,
2017,0024500,"Great Falls, MT",metro,39-9011,Childcare Workers,250.0,10.59,22040.0,8.73,9.49,10.61,11.58,12.41,18160.0,19740.0,22060.0,24080.0,25810.0,,
2017,0024540,"Greeley, CO",metro,39-9011,Childcare Workers,170.0,11.81,24570.0,9.48,9.8,11.32,13.67,15.13,19720.0,20370.0,23560.0,28440.0,31480.0,,
2017,0024580,"Green Bay, WI",metro,39-9011,Childcare Workers,590.0,10.94,22750.0,7.95,8.73,10.31,12.78,15.29,16530.0,18170.0,21440.0,26590.0,31810.0,,
2017,0024660,"Greensboro-High Point, NC",metro,39-9011,Childcare Workers,1570.0,9.46,19670.0,7.91,8.38,9.16,10.41,11.86,16450.0,17430.0,19050.0,21650.0,24660.0,,
2017,0024780,"Greenville, NC",metro,39-9011,Childcare Workers,120.0,9.46,19680.0,7.9,8.3,8.96,9.63,11.91,16440.0,17270.0,18650.0,20030.0,24760.0,,
2017,0024860,"Greenville-Anderson-Mauldin, SC",metro,39-9011,Childcare Workers,1110.0,9.23,19200.0,7.88,8.29,8.97,9.7,11.36,16390.0,17230.0,18650.0,20170.0,23630.0,,
2017,0025060,"Gulfport-Biloxi-Pascagoula, MS",metro,39-9011,Childcare Workers,,10.73,22320.0,7.99,8.69,10.21,12.0,15.42,16610.0,18080.0,21240.0,24960.0,32060.0,,
2017,0025180,"Hagerstown-Martinsburg, MD-WV",metro,39-9011,Childcare Workers,360.0,10.74,22330.0,9.02,9.21,9.67,11.51,14.38,18750.0,19150.0,20110.0,23930.0,29900.0,,
2017,0025220,"Hammond, LA",metro,39-9011,Childcare Workers,430.0,9.41,19570.0,7.78,8.29,9.14,10.76,11.86,16180.0,17240.0,19000.0,22390.0,24660.0,,
2017,0025260,"Hanford-Corcoran, CA",metro,39-9011,Childcare Workers,290.0,11.6,24130.0,10.33,10.49,11.22,12.16,14.09,21490.0,21820.0,23330.0,25300.0,29300.0,,
2017,0025420,"Harrisburg-Carlisle, PA",metro,39-9011,Childcare Workers,1050.0,9.78,20340.0,7.97,8.55,9.51,10.95,11.95,16570.0,17780.0,19780.0,22770.0,24860.0,,
2017,0025500,"Harrisonburg, VA",metro,39-9011,Childcare Workers,230.0,9.51,19780.0,7.96,8.43,9.21,10.49,12.08,16570.0,17540.0,19160.0,21810.0,25120.0,,
2017,0025620,"Hattiesburg, MS",metro,39-9011,Childcare Workers,,8.69,18080.0,7.8,8.15,8.73,9.31,9.78,16220.0,16950.0,18150.0,19370.0,20340.0,,
2017,0025860,"Hickory-Lenoir-Morganton, NC",metro,39-9011,Childcare Workers,470.0,9.97,20730.0,7.97,8.58,9.64,11.21,12.44,16570.0,17840.0,20060.0,23320.0,25880.0,,
2017,0025940,"Hilton Head Island-Bluffton-Beaufort, SC",metro,39-9011,Childcare Workers,,10.51,21860.0,7.93,8.58,9.98,12.25,14.49,16490.0,17840.0,20760.0,25470.0,30140.0,,
2017,0025980,"Hinesville, GA",metro,39-9011,Childcare Workers,130.0,8.97,18650.0,7.72,8.12,8.77,9.47,11.08,16060.0,16890.0,18240.0,19690.0,23040.0,,
2017,0026140,"Homosassa Springs, FL",metro,39-9011,Childcare Workers,,9.45,19660.0,8.47,8.74,9.15,9.79,11.49,17630.0,18190.0,19040.0,20370.0,23910.0,,
2017,0026300,"Hot Springs, AR",metro,39-9011,Childcare Workers,210.0,9.58,19930.0,8.63,8.84,9.17,9.65,11.78,17960.0,18380.0,19080.0,20070.0,24510.0,,
2017,0026380,"Houma-Thibodaux, LA",metro,39-9011,Childcare Workers,300.0,9.94,20670.0,7.9,8.39,9.2,10.94,13.84,16430.0,17450.0,19140.0,22750.0,28790.0,,
2017,0026420,"Houston-The Woodlands-Sugar Land, TX",metro,39-9011,Childcare Workers,9720.0,10.95,22770.0,8.01,8.68,9.88,11.8,15.19,16660.0,18050.0,20560.0,24540.0,31600.0,,
2017,0026580,"Huntington-Ashland, WV-KY-OH",metro,39-9011,Childcare Workers,590.0,9.67,20110.0,8.61,8.98,9.3,9.79,11.55,17900.0,18690.0,19340.0,20360.0,24020.0,,
2017,0026620,"Huntsville, AL",metro,39-9011,Childcare Workers,670.0,8.97,18670.0,7.79,8.17,8.81,9.46,11.28,16210.0,17000.0,18320.0,19680.0,23470.0,,
2017,0026820,"Idaho Falls, ID",metro,39-9011,Childcare Workers,280.0,9.32,19390.0,7.88,8.35,9.12,10.08,11.57,16390.0,17360.0,18970.0,20960.0,24060.0,,
2017,0026900,"Indianapolis-Carmel-Anderson, IN",metro,39-9011,Childcare Workers,4230.0,10.1,21000.0,7.99,8.66,10.0,11.54,12.47,16620.0,18020.0,20800.0,23990.0,25930.0,,
2017,0026980,"Iowa City, IA",metro,39-9011,Childcare Workers,910.0,10.49,21810.0,8.14,9.01,10.4,11.64,12.9,16920.0,18740.0,21620.0,24210.0,26840.0,,
2017,0027060,"Ithaca, NY",metro,39-9011,Childcare Workers,450.0,11.76,24450.0,9.74,10.39,11.37,12.45,14.67,20250.0,21610.0,23640.0,25890.0,30510.0,,
2017,0027100,"Jackson, MI",metro,39-9011,Childcare Workers,,11.29,23480.0,9.06,9.33,10.36,12.1,15.64,18850.0,19410.0,21540.0,25160.0,32540.0,,
2017,0027140,"Jackson, MS",metro,39-9011,Childcare Workers,2220.0,9.18,19090.0,7.81,8.22,8.91,9.74,11.6,16250.0,17100.0,18530.0,20250.0,24130.0,,
2017,0027180,"Jackson, TN",metro,39-9011,Childcare Workers,230.0,9.18,19090.0,7.91,8.31,8.96,9.63,11.25,16460.0,17280.0,18640.0,20040.0,23410.0,,
2017,0027260,"Jacksonville, FL",metro,39-9011,Childcare Workers,2910.0,11.04,22970.0,8.84,9.44,10.73,12.07,14.09,18390.0,19640.0,22310.0,25100.0,29310.0,,
2017,0027340,"Jacksonville, NC",metro,39-9011,Childcare Workers,260.0,8.77,18230.0,7.66,8.07,8.7,9.37,10.58,15940.0,16780.0,18090.0,19480.0,22010.0,,
2017,0027500,"Janesville-Beloit, WI",metro,39-9011,Childcare Workers,,10.62,22090.0,8.07,8.78,10.16,12.24,14.33,16790.0,18260.0,21130.0,25470.0,29800.0,,
2017,0027620,"Jefferson City, MO",metro,39-9011,Childcare Workers,530.0,10.66,22160.0,8.29,8.81,9.72,11.62,15.12,17250.0,18320.0,20220.0,24170.0,31440.0,,
2017,0027740,"Johnson City, TN",metro,39-9011,Childcare Workers,230.0,10.42,21670.0,7.96,8.52,9.48,11.97,14.21,16560.0,17720.0,19710.0,24910.0,29560.0,,
2017,0027780,"Johnstown, PA",metro,39-9011,Childcare Workers,440.0,8.97,18660.0,7.77,8.16,8.79,9.45,10.94,16170.0,16960.0,18290.0,19650.0,22760.0,,
2017,0027860,"Jonesboro, AR",metro,39-9011,Childcare Workers,,10.15,21120.0,8.66,8.91,9.32,11.11,13.41,18020.0,18530.0,19380.0,23120.0,27900.0,,
2017,0027900,"Joplin, MO",metro,39-9011,Childcare Workers,300.0,10.48,21790.0,8.34,8.8,9.57,11.69,14.5,17350.0,18310.0,19900.0,24310.0,30160.0,,
2017,0027980,"Kahului-Wailuku-Lahaina, HI",metro,39-9011,Childcare Workers,290.0,11.45,23810.0,9.35,9.49,10.12,12.21,15.86,19440.0,19750.0,21040.0,25400.0,32990.0,,
2017,0028020,"Kalamazoo-Portage, MI",metro,39-9011,Childcare Workers,550.0,10.91,22690.0,9.04,9.24,9.79,11.85,14.64,18800.0,19220.0,20360.0,24640.0,30460.0,,
2017,0028100,"Kankakee, IL",metro,39-9011,Childcare Workers,170.0,11.3,23500.0,9.16,9.66,10.82,12.19,14.59,19050.0,20090.0,22500.0,25360.0,30350.0,,
2017,0028140,"Kansas City, MO-KS",metro,39-9011,Childcare Workers,5640.0,10.55,21940.0,8.2,8.8,9.77,11.56,14.15,17050.0,18300.0,20320.0,24050.0,29440.0,,
2017,0028420,"Kennewick-Richland, WA",metro,39-9011,Childcare Workers,420.0,11.84,24630.0,11.16,11.37,11.73,12.13,12.45,23200.0,23650.0,24400.0,25230.0,25900.0,,
2017,0028660,"Killeen-Temple, TX",metro,39-9011,Childcare Workers,590.0,8.69,18080.0,7.87,8.2,8.76,9.31,9.73,16380.0,17070.0,18210.0,19370.0,20230.0,,
2017,0028700,"Kingsport-Bristol-Bristol, TN-VA",metro,39-9011,Childcare Workers,250.0,9.41,19580.0,7.91,8.39,9.2,10.46,11.72,16460.0,17460.0,19130.0,21750.0,24380.0,,
2017,0028740,"Kingston, NY",metro,39-9011,Childcare Workers,230.0,11.61,24160.0,9.77,10.31,11.28,12.39,14.31,20320.0,21440.0,23460.0,25760.0,29770.0,,
2017,0028940,"Knoxville, TN",metro,39-9011,Childcare Workers,1330.0,9.34,19430.0,7.8,8.2,8.87,9.67,12.15,16220.0,17060.0,18450.0,20120.0,25280.0,,
2017,0029020,"Kokomo, IN",metro,39-9011,Childcare Workers,50.0,9.01,18750.0,7.71,8.12,8.8,9.7,11.25,16030.0,16880.0,18300.0,20180.0,23400.0,,
2017,0029100,"La Crosse-Onalaska, WI-MN",metro,39-9011,Childcare Workers,140.0,9.03,18770.0,7.65,8.04,8.66,9.3,11.53,15900.0,16720.0,18020.0,19340.0,23980.0,,
2017,0029180,"Lafayette, LA",metro,39-9011,Childcare Workers,1180.0,9.6,19970.0,7.83,8.3,9.09,10.81,12.76,16280.0,17270.0,18910.0,22480.0,26540.0,,
2017,0029200,"Lafayette-West Lafayette, IN",metro,39-9011,Childcare Workers,210.0,12.16,25290.0,9.66,10.42,11.68,13.56,14.82,20080.0,21680.0,24300.0,28190.0,30820.0,,
2017,0029340,"Lake Charles, LA",metro,39-9011,Childcare Workers,300.0,8.74,18180.0,7.73,8.09,8.68,9.27,10.27,16070.0,16830.0,18050.0,19290.0,21370.0,,
2017,0029404,"Lake County-Kenosha County, IL-WI Metropolitan Division",metro,39-9011,Childcare Workers,1250.0,11.73,24400.0,8.81,9.54,11.13,13.24,15.74,18330.0,19850.0,23140.0,27540.0,32730.0,,
2017,0029420,"Lake Havasu City-Kingman, AZ",metro,39-9011,Childcare Workers,,10.93,22730.0,10.0,10.0,10.01,11.4,13.52,20800.0,20810.0,20820.0,23710.0,28120.0,,
2017,0029460,"Lakeland-Winter Haven, FL",metro,39-9011,Childcare Workers,840.0,9.56,19890.0,8.57,8.84,9.3,10.13,11.44,17820.0,18390.0,19350.0,21080.0,23800.0,,
2017,0029540,"Lancaster, PA",metro,39-9011,Childcare Workers,790.0,10.68,22210.0,8.19,9.0,10.47,12.14,14.03,17030.0,18730.0,21780.0,25250.0,29180.0,,
2017,0029620,"Lansing-East Lansing, MI",metro,39-9011,Childcare Workers,1200.0,10.89,22650.0,9.05,9.28,9.8,11.59,14.23,18830.0,19310.0,20390.0,24110.0,29600.0,,
2017,0029700,"Laredo, TX",metro,39-9011,Childcare Workers,510.0,8.9,18520.0,7.81,8.18,8.78,9.42,10.61,16240.0,17000.0,18270.0,19580.0,22070.0,,
2017,0029740,"Las Cruces, NM",metro,39-9011,Childcare Workers,310.0,9.82,20430.0,8.21,8.58,9.21,10.08,13.85,17070.0,17850.0,19160.0,20980.0,28810.0,,
2017,0029820,"Las Vegas-Henderson-Paradise, NV",metro,39-9011,Childcare Workers,2520.0,10.54,21920.0,7.99,8.79,10.16,11.67,13.89,16620.0,18270.0,21130.0,24280.0,28890.0,,
2017,0029940,"Lawrence, KS",metro,39-9011,Childcare Workers,320.0,9.95,20690.0,8.08,8.76,9.99,11.3,12.16,16800.0,18230.0,20770.0,23500.0,25280.0,,
2017,0030020,"Lawton, OK",metro,39-9011,Childcare Workers,300.0,8.83,18380.0,7.83,8.19,8.8,9.44,10.37,16280.0,17040.0,18310.0,19640.0,21570.0,,
2017,0030140,"Lebanon, PA",metro,39-9011,Childcare Workers,190.0,10.33,21480.0,8.13,8.92,10.11,11.36,12.33,16900.0,18550.0,21020.0,23630.0,25640.0,,
2017,0030460,"Lexington-Fayette, KY",metro,39-9011,Childcare Workers,1930.0,10.12,21050.0,7.97,8.58,9.63,11.49,13.42,16570.0,17840.0,20020.0,23890.0,27910.0,,
2017,0030620,"Lima, OH",metro,39-9011,Childcare Workers,,10.57,21990.0,8.72,9.11,10.07,11.62,12.85,18140.0,18960.0,20940.0,24180.0,26720.0,,
2017,0030700,"Lincoln, NE",metro,39-9011,Childcare Workers,1700.0,11.16,23220.0,9.37,9.54,10.43,12.2,14.47,19500.0,19840.0,21680.0,25370.0,30090.0,,
2017,0030780,"Little Rock-North Little Rock-Conway, AR",metro,39-9011,Childcare Workers,1920.0,10.32,21470.0,8.7,9.01,9.64,11.54,12.66,18100.0,18740.0,20060.0,24000.0,26340.0,,
2017,0030860,"Logan, UT-ID",metro,39-9011,Childcare Workers,430.0,9.58,19920.0,7.72,8.18,8.94,10.48,12.21,16060.0,17010.0,18590.0,21810.0,25400.0,,
2017,0030980,"Longview, TX",metro,39-9011,Childcare Workers,480.0,9.45,19650.0,7.94,8.46,9.33,10.47,11.51,16520.0,17600.0,19410.0,21780.0,23930.0,,
2017,0031020,"Longview, WA",metro,39-9011,Childcare Workers,40.0,13.26,27580.0,11.38,11.93,13.27,14.58,15.37,23670.0,24820.0,27590.0,30330.0,31960.0,,
2017,0031084,"Los Angeles-Long Beach-Glendale, CA Metropolitan Division",metro,39-9011,Childcare Workers,15750.0,13.05,27150.0,10.45,11.01,12.07,14.42,17.15,21730.0,22900.0,25100.0,29990.0,35680.0,,
2017,0031140,"Louisville/Jefferson County, KY-IN",metro,39-9011,Childcare Workers,3530.0,10.3,21430.0,7.91,8.45,9.34,11.34,14.37,16460.0,17570.0,19420.0,23590.0,29890.0,,
2017,0031180,"Lubbock, TX",metro,39-9011,Childcare Workers,500.0,10.72,22290.0,8.1,8.76,9.78,11.62,15.6,16850.0,18210.0,20340.0,24160.0,32440.0,,
2017,0031340,"Lynchburg, VA",metro,39-9011,Childcare Workers,410.0,8.99,18700.0,7.81,8.22,8.91,9.67,11.16,16240.0,17100.0,18530.0,20120.0,23210.0,,
2017,0031420,"Macon, GA",metro,39-9011,Childcare Workers,,11.42,23750.0,7.99,8.63,9.99,14.33,17.48,16620.0,17950.0,20770.0,29810.0,36350.0,,
2017,0031460,"Madera, CA",metro,39-9011,Childcare Workers,,13.02,27080.0,10.35,11.05,12.35,14.7,16.97,21520.0,22990.0,25680.0,30580.0,35290.0,,
2017,0031540,"Madison, WI",metro,39-9011,Childcare Workers,960.0,12.3,25590.0,8.46,9.73,11.5,14.75,17.64,17600.0,20230.0,23920.0,30670.0,36690.0,,
2017,0031740,"Manhattan, KS",metro,39-9011,Childcare Workers,270.0,9.34,19430.0,7.72,8.13,8.82,9.52,11.57,16060.0,16920.0,18350.0,19800.0,24060.0,,
2017,0031860,"Mankato-North Mankato, MN",metro,39-9011,Childcare Workers,330.0,10.96,22800.0,9.68,9.79,10.5,11.47,13.3,20120.0,20360.0,21830.0,23850.0,27650.0,,
2017,0031900,"Mansfield, OH",metro,39-9011,Childcare Workers,200.0,9.85,20480.0,8.53,8.79,9.17,9.75,12.41,17740.0,18290.0,19070.0,20270.0,25810.0,,
2017,0032420,"Mayaguez, PR",metro,39-9011,Childcare Workers,50.0,8.45,17570.0,7.75,8.07,8.61,9.14,9.48,16120.0,16790.0,17900.0,19010.0,19710.0,,
2017,0032580,"McAllen-Edinburg-Mission, TX",metro,39-9011,Childcare Workers,970.0,9.22,19180.0,7.82,8.21,8.85,9.53,12.18,16270.0,17070.0,18410.0,19820.0,25340.0,,
2017,0032780,"Medford, OR",metro,39-9011,Childcare Workers,160.0,12.65,26320.0,9.67,10.18,11.06,12.21,15.69,20110.0,21170.0,23000.0,25410.0,32640.0,,
2017,0032820,"Memphis, TN-MS-AR",metro,39-9011,Childcare Workers,1850.0,9.97,20750.0,7.92,8.43,9.12,10.39,13.21,16470.0,17530.0,18980.0,21610.0,27470.0,,
2017,0032900,"Merced, CA",metro,39-9011,Childcare Workers,230.0,13.55,28190.0,11.15,12.38,13.54,14.7,15.52,23200.0,25750.0,28160.0,30570.0,32270.0,,
2017,0033124,"Miami-Miami Beach-Kendall, FL Metropolitan Division",metro,39-9011,Childcare Workers,6300.0,10.69,22240.0,8.69,9.11,9.85,11.7,14.13,18080.0,18940.0,20490.0,24330.0,29400.0,,
2017,0033140,"Michigan City-La Porte, IN",metro,39-9011,Childcare Workers,150.0,10.23,21280.0,7.99,8.49,9.32,10.9,12.27,16610.0,17650.0,19390.0,22670.0,25520.0,,
2017,0033220,"Midland, MI",metro,39-9011,Childcare Workers,160.0,9.85,20490.0,8.98,9.1,9.33,9.73,11.51,18680.0,18920.0,19410.0,20240.0,23940.0,,
2017,0033260,"Midland, TX",metro,39-9011,Childcare Workers,330.0,12.75,26510.0,10.05,10.78,12.01,14.64,17.6,20910.0,22430.0,24970.0,30450.0,36620.0,,
2017,0033340,"Milwaukee-Waukesha-West Allis, WI",metro,39-9011,Childcare Workers,2320.0,10.73,22330.0,7.97,8.69,10.13,11.92,14.74,16570.0,18080.0,21070.0,24800.0,30650.0,,
2017,0033460,"Minneapolis-St. Paul-Bloomington, MN-WI",metro,39-9011,Childcare Workers,8630.0,12.09,25140.0,9.66,9.85,11.49,13.82,15.64,20100.0,20490.0,23890.0,28740.0,32530.0,,
2017,0033540,"Missoula, MT",metro,39-9011,Childcare Workers,520.0,9.64,20040.0,8.63,8.86,9.25,9.71,11.48,17950.0,18430.0,19250.0,20190.0,23880.0,,
2017,0033660,"Mobile, AL",metro,39-9011,Childcare Workers,860.0,9.0,18720.0,7.86,8.24,8.87,9.53,11.14,16360.0,17140.0,18440.0,19820.0,23170.0,,
2017,0033700,"Modesto, CA",metro,39-9011,Childcare Workers,820.0,12.73,26490.0,10.34,10.78,11.73,13.9,16.96,21500.0,22430.0,24410.0,28910.0,35280.0,,
2017,0033740,"Monroe, LA",metro,39-9011,Childcare Workers,230.0,9.67,20120.0,7.76,8.3,9.19,10.94,12.21,16140.0,17260.0,19120.0,22750.0,25410.0,,
2017,0033780,"Monroe, MI",metro,39-9011,Childcare Workers,180.0,10.56,21970.0,9.07,9.32,10.12,11.43,12.34,18860.0,19390.0,21060.0,23780.0,25660.0,,
2017,0033860,"Montgomery, AL",metro,39-9011,Childcare Workers,900.0,8.9,18520.0,7.84,8.2,8.8,9.41,10.44,16310.0,17060.0,18300.0,19560.0,21710.0,,
2017,0033874,"Montgomery County-Bucks County-Chester County, PA Metropolitan Division",metro,39-9011,Childcare Workers,4480.0,10.79,22440.0,8.01,8.7,9.95,12.22,15.02,16660.0,18090.0,20690.0,25430.0,31230.0,,
2017,0034060,"Morgantown, WV",metro,39-9011,Childcare Workers,280.0,9.84,20470.0,9.07,9.21,9.45,9.77,11.39,18870.0,19150.0,19660.0,20310.0,23690.0,,
2017,0034580,"Mount Vernon-Anacortes, WA",metro,39-9011,Childcare Workers,90.0,12.18,25320.0,11.18,11.43,11.84,12.29,13.68,23250.0,23770.0,24640.0,25570.0,28450.0,,
2017,0034620,"Muncie, IN",metro,39-9011,Childcare Workers,550.0,10.03,20870.0,8.04,8.61,9.57,11.27,12.47,16730.0,17910.0,19900.0,23450.0,25940.0,,
2017,0034740,"Muskegon, MI",metro,39-9011,Childcare Workers,240.0,10.99,22860.0,9.16,9.74,10.77,11.75,12.57,19040.0,20260.0,22390.0,24440.0,26140.0,,
2017,0034820,"Myrtle Beach-Conway-North Myrtle Beach, SC-NC",metro,39-9011,Childcare Workers,410.0,10.64,22140.0,8.3,9.49,10.74,11.8,12.77,17270.0,19740.0,22350.0,24550.0,26570.0,,
2017,0034900,"Napa, CA",metro,39-9011,Childcare Workers,,13.15,27350.0,10.33,10.62,11.94,14.89,18.04,21500.0,22100.0,24840.0,30980.0,37520.0,,
2017,0034940,"Naples-Immokalee-Marco Island, FL",metro,39-9011,Childcare Workers,550.0,11.79,24520.0,9.16,9.98,11.45,13.52,15.12,19060.0,20760.0,23810.0,28130.0,31440.0,,
2017,0034980,"Nashville-Davidson--Murfreesboro--Franklin, TN",metro,39-9011,Childcare Workers,2450.0,10.49,21830.0,8.05,8.77,10.14,11.73,13.85,16750.0,18240.0,21090.0,24400.0,28800.0,,
2017,0035004,"Nassau County-Suffolk County, NY Metropolitan Division",metro,39-9011,Childcare Workers,4990.0,14.13,29390.0,9.71,10.54,13.1,17.07,19.57,20200.0,21910.0,27250.0,35510.0,40710.0,,
2017,0035084,"Newark, NJ-PA Metropolitan Division",metro,39-9011,Childcare Workers,4780.0,11.79,24530.0,8.94,9.32,10.95,13.5,16.52,18590.0,19390.0,22770.0,28090.0,34360.0,,
2017,0035100,"New Bern, NC",metro,39-9011,Childcare Workers,130.0,9.68,20120.0,7.98,8.6,9.64,10.92,11.74,16600.0,17890.0,20040.0,22710.0,24410.0,,
2017,0035380,"New Orleans-Metairie, LA",metro,39-9011,Childcare Workers,2190.0,9.31,19370.0,7.86,8.28,8.99,9.75,11.8,16350.0,17230.0,18690.0,20290.0,24540.0,,
2017,0035614,"New York-Jersey City-White Plains, NY-NJ Metropolitan Division",metro,39-9011,Childcare Workers,28810.0,13.84,28780.0,9.72,10.83,13.38,16.5,18.74,20230.0,22520.0,27830.0,34320.0,38990.0,,
2017,0035660,"Niles-Benton Harbor, MI",metro,39-9011,Childcare Workers,160.0,11.87,24690.0,9.1,9.4,10.19,12.4,18.53,18930.0,19550.0,21190.0,25780.0,38550.0,,
2017,0035840,"North Port-Sarasota-Bradenton, FL",metro,39-9011,Childcare Workers,870.0,11.93,24820.0,8.89,9.44,11.41,13.96,15.54,18490.0,19640.0,23740.0,29030.0,32330.0,,
2017,0036084,"Oakland-Hayward-Berkeley, CA Metropolitan Division",metro,39-9011,Childcare Workers,3450.0,14.42,30000.0,10.83,11.84,13.92,16.8,18.93,22520.0,24630.0,28950.0,34950.0,39380.0,,
2017,0036100,"Ocala, FL",metro,39-9011,Childcare Workers,,11.45,23810.0,8.81,9.57,10.95,12.94,15.07,18330.0,19900.0,22780.0,26920.0,31340.0,,
2017,0036140,"Ocean City, NJ",metro,39-9011,Childcare Workers,140.0,12.48,25970.0,9.06,10.16,12.42,14.06,15.28,18840.0,21120.0,25830.0,29240.0,31790.0,,
2017,0036220,"Odessa, TX",metro,39-9011,Childcare Workers,150.0,10.45,21750.0,8.09,8.84,10.22,11.57,12.5,16830.0,18390.0,21270.0,24070.0,26000.0,,
2017,0036260,"Ogden-Clearfield, UT",metro,39-9011,Childcare Workers,1140.0,9.07,18860.0,7.79,8.16,8.78,9.43,11.26,16200.0,16980.0,18270.0,19610.0,23430.0,,
2017,0036420,"Oklahoma City, OK",metro,39-9011,Childcare Workers,2520.0,9.32,19390.0,7.91,8.33,9.04,9.84,11.89,16440.0,17330.0,18800.0,20460.0,24730.0,,
2017,0036500,"Olympia-Tumwater, WA",metro,39-9011,Childcare Workers,280.0,11.89,24740.0,11.15,11.37,11.72,12.08,12.4,23200.0,23640.0,24390.0,25130.0,25790.0,,
2017,0036540,"Omaha-Council Bluffs, NE-IA",metro,39-9011,Childcare Workers,5080.0,11.26,23430.0,9.3,9.6,10.66,12.09,14.69,19340.0,19980.0,22170.0,25140.0,30560.0,,
2017,0036740,"Orlando-Kissimmee-Sanford, FL",metro,39-9011,Childcare Workers,3410.0,10.6,22040.0,8.8,9.39,10.46,11.57,12.35,18300.0,19540.0,21750.0,24060.0,25700.0,,
2017,0036780,"Oshkosh-Neenah, WI",metro,39-9011,Childcare Workers,210.0,9.68,20130.0,7.84,8.28,9.02,10.32,13.01,16320.0,17230.0,18750.0,21470.0,27070.0,,
2017,0036980,"Owensboro, KY",metro,39-9011,Childcare Workers,340.0,9.87,20530.0,7.84,8.41,9.43,11.35,12.99,16310.0,17500.0,19610.0,23600.0,27010.0,,
2017,0037100,"Oxnard-Thousand Oaks-Ventura, CA",metro,39-9011,Childcare Workers,1700.0,13.15,27360.0,10.34,11.09,12.5,14.61,17.16,21510.0,23060.0,26010.0,30400.0,35690.0,,
2017,0037340,"Palm Bay-Melbourne-Titusville, FL",metro,39-9011,Childcare Workers,820.0,10.7,22270.0,8.82,9.45,10.59,11.7,12.78,18350.0,19660.0,22030.0,24340.0,26580.0,,
2017,0037460,"Panama City, FL",metro,39-9011,Childcare Workers,360.0,9.35,19450.0,8.44,8.7,9.1,9.67,11.17,17560.0,18110.0,18930.0,20110.0,23240.0,,
2017,0037620,"Parkersburg-Vienna, WV",metro,39-9011,Childcare Workers,170.0,9.89,20580.0,8.99,9.14,9.39,9.98,11.84,18700.0,19010.0,19540.0,20760.0,24620.0,,
2017,0037860,"Pensacola-Ferry Pass-Brent, FL",metro,39-9011,Childcare Workers,750.0,9.69,20150.0,8.59,8.88,9.35,10.27,11.63,17880.0,18460.0,19440.0,21360.0,24200.0,,
2017,0037900,"Peoria, IL",metro,39-9011,Childcare Workers,650.0,11.24,23370.0,8.94,9.31,10.43,12.63,14.69,18590.0,19370.0,21700.0,26270.0,30560.0,,
2017,0037964,"Philadelphia, PA Metropolitan Division",metro,39-9011,Childcare Workers,5660.0,11.15,23200.0,7.91,8.55,9.74,12.16,17.97,16450.0,17780.0,20260.0,25300.0,37370.0,,
2017,0038060,"Phoenix-Mesa-Scottsdale, AZ",metro,39-9011,Childcare Workers,7390.0,11.81,24570.0,10.01,10.5,11.42,12.55,14.27,20820.0,21830.0,23760.0,26110.0,29680.0,,
2017,0038220,"Pine Bluff, AR",metro,39-9011,Childcare Workers,140.0,10.03,20860.0,8.67,8.92,9.33,9.88,13.23,18030.0,18550.0,19410.0,20550.0,27530.0,,
2017,0038300,"Pittsburgh, PA",metro,39-9011,Childcare Workers,4020.0,10.85,22560.0,8.06,8.9,10.53,12.21,14.5,16770.0,18510.0,21910.0,25390.0,30170.0,,
2017,0038540,"Pocatello, ID",metro,39-9011,Childcare Workers,120.0,8.66,18020.0,7.78,8.13,8.7,9.28,9.77,16190.0,16900.0,18100.0,19300.0,20330.0,,
2017,0038660,"Ponce, PR",metro,39-9011,Childcare Workers,120.0,8.46,17600.0,7.75,8.08,8.61,9.14,9.53,16130.0,16800.0,17910.0,19010.0,19810.0,,
2017,0038900,"Portland-Vancouver-Hillsboro, OR-WA",metro,39-9011,Childcare Workers,4360.0,12.75,26530.0,9.91,10.71,11.81,14.46,17.52,20620.0,22270.0,24570.0,30070.0,36440.0,,
2017,0038940,"Port St. Lucie, FL",metro,39-9011,Childcare Workers,440.0,11.87,24690.0,8.77,9.3,10.57,13.41,18.11,18240.0,19340.0,21990.0,27890.0,37670.0,,
2017,0039140,"Prescott, AZ",metro,39-9011,Childcare Workers,120.0,11.04,22960.0,10.0,10.01,10.55,11.56,12.6,20810.0,20810.0,21950.0,24040.0,26210.0,,
2017,0039340,"Provo-Orem, UT",metro,39-9011,Childcare Workers,620.0,10.09,20990.0,7.98,8.62,9.75,11.23,12.41,16590.0,17930.0,20270.0,23350.0,25810.0,,
2017,0039380,"Pueblo, CO",metro,39-9011,Childcare Workers,200.0,12.14,25240.0,9.43,9.73,11.12,13.27,17.6,19610.0,20240.0,23120.0,27600.0,36620.0,,
2017,0039460,"Punta Gorda, FL",metro,39-9011,Childcare Workers,160.0,11.3,23510.0,8.91,9.83,10.94,12.08,14.69,18540.0,20450.0,22750.0,25140.0,30560.0,,
2017,0039540,"Racine, WI",metro,39-9011,Childcare Workers,100.0,9.69,20150.0,7.76,8.27,9.12,10.92,12.33,16150.0,17210.0,18970.0,22710.0,25650.0,,
2017,0039580,"Raleigh, NC",metro,39-9011,Childcare Workers,2640.0,10.43,21690.0,7.85,8.44,9.43,12.18,14.67,16330.0,17550.0,19620.0,25330.0,30510.0,,
2017,0039660,"Rapid City, SD",metro,39-9011,Childcare Workers,350.0,10.42,21670.0,9.09,9.3,9.7,11.24,13.34,18900.0,19350.0,20180.0,23380.0,27750.0,,
2017,0039740,"Reading, PA",metro,39-9011,Childcare Workers,570.0,9.91,20610.0,7.82,8.35,9.23,10.93,13.11,16260.0,17360.0,19190.0,22740.0,27260.0,,
2017,0039820,"Redding, CA",metro,39-9011,Childcare Workers,390.0,13.0,27050.0,10.34,11.24,12.69,14.4,16.48,21500.0,23380.0,26400.0,29960.0,34280.0,,
2017,0039900,"Reno, NV",metro,39-9011,Childcare Workers,990.0,11.65,24220.0,8.15,9.25,11.4,13.79,15.17,16950.0,19230.0,23720.0,28680.0,31560.0,,
2017,0040060,"Richmond, VA",metro,39-9011,Childcare Workers,2520.0,9.95,20690.0,7.91,8.41,9.25,10.74,12.9,16450.0,17500.0,19250.0,22330.0,26830.0,,
2017,0040140,"Riverside-San Bernardino-Ontario, CA",metro,39-9011,Childcare Workers,6630.0,12.87,26780.0,10.34,10.78,11.8,14.63,17.35,21500.0,22430.0,24530.0,30420.0,36090.0,,
2017,0040220,"Roanoke, VA",metro,39-9011,Childcare Workers,620.0,9.12,18980.0,7.75,8.15,8.8,9.5,11.68,16120.0,16940.0,18300.0,19750.0,24300.0,,
2017,0040340,"Rochester, MN",metro,39-9011,Childcare Workers,620.0,11.64,24210.0,9.67,9.72,10.49,12.74,16.28,20100.0,20230.0,21830.0,26490.0,33860.0,,
2017,0040380,"Rochester, NY",metro,39-9011,Childcare Workers,2500.0,11.72,24380.0,9.71,9.74,10.72,12.31,15.89,20190.0,20260.0,22300.0,25610.0,33040.0,,
2017,0040420,"Rockford, IL",metro,39-9011,Childcare Workers,250.0,11.37,23650.0,8.79,9.1,9.72,12.93,16.34,18270.0,18930.0,20220.0,26890.0,33980.0,,
2017,0040580,"Rocky Mount, NC",metro,39-9011,Childcare Workers,270.0,10.35,21520.0,7.92,8.45,9.31,12.48,14.4,16480.0,17570.0,19370.0,25950.0,29940.0,,
2017,0040660,"Rome, GA",metro,39-9011,Childcare Workers,80.0,8.63,17940.0,7.72,8.05,8.6,9.15,9.56,16070.0,16750.0,17890.0,19030.0,19880.0,,
2017,0040900,"Sacramento--Roseville--Arden-Arcade, CA",metro,39-9011,Childcare Workers,3700.0,12.56,26120.0,10.5,10.95,11.7,13.57,16.61,21840.0,22770.0,24330.0,28220.0,34540.0,,
2017,0040980,"Saginaw, MI",metro,39-9011,Childcare Workers,,10.28,21380.0,9.0,9.15,9.54,11.04,12.36,18720.0,19030.0,19850.0,22970.0,25700.0,,
2017,0041060,"St. Cloud, MN",metro,39-9011,Childcare Workers,240.0,10.58,22010.0,9.66,9.67,9.73,11.01,11.84,20100.0,20100.0,20240.0,22910.0,24620.0,,
2017,0041100,"St. George, UT",metro,39-9011,Childcare Workers,250.0,10.25,21330.0,7.93,8.56,9.62,11.37,13.45,16500.0,17810.0,20020.0,23650.0,27980.0,,
2017,0041140,"St. Joseph, MO-KS",metro,39-9011,Childcare Workers,230.0,9.01,18740.0,8.07,8.37,8.86,9.34,10.48,16790.0,17400.0,18420.0,19420.0,21800.0,,
2017,0041180,"St. Louis, MO-IL",metro,39-9011,Childcare Workers,5300.0,11.43,23770.0,8.44,9.1,10.63,13.08,16.51,17550.0,18920.0,22100.0,27210.0,34340.0,,
2017,0041420,"Salem, OR",metro,39-9011,Childcare Workers,740.0,10.88,22620.0,9.86,10.05,10.77,11.48,11.93,20510.0,20910.0,22390.0,23870.0,24810.0,,
2017,0041500,"Salinas, CA",metro,39-9011,Childcare Workers,,14.15,29420.0,10.34,11.76,14.16,16.61,18.19,21510.0,24450.0,29460.0,34540.0,37830.0,,
2017,0041540,"Salisbury, MD-DE",metro,39-9011,Childcare Workers,580.0,10.22,21250.0,8.93,9.13,9.47,10.44,12.62,18580.0,18980.0,19700.0,21710.0,26240.0,,
2017,0041620,"Salt Lake City, UT",metro,39-9011,Childcare Workers,2670.0,10.92,22710.0,8.12,8.91,10.19,11.66,14.36,16900.0,18540.0,21190.0,24240.0,29870.0,,
2017,0041660,"San Angelo, TX",metro,39-9011,Childcare Workers,270.0,9.12,18980.0,7.76,8.18,8.86,9.7,11.51,16150.0,17010.0,18440.0,20180.0,23940.0,,
2017,0041700,"San Antonio-New Braunfels, TX",metro,39-9011,Childcare Workers,4530.0,10.55,21950.0,8.0,8.68,9.97,11.56,14.22,16630.0,18050.0,20740.0,24040.0,29570.0,,
2017,0041740,"San Diego-Carlsbad, CA",metro,39-9011,Childcare Workers,5120.0,13.24,27540.0,10.34,11.07,12.4,14.59,17.54,21500.0,23020.0,25790.0,30340.0,36480.0,,
2017,0041884,"San Francisco-Redwood City-South San Francisco, CA Metropolitan Division",metro,39-9011,Childcare Workers,2810.0,14.51,30190.0,10.82,11.92,13.75,16.24,19.34,22500.0,24790.0,28610.0,33780.0,40230.0,,
2017,0041900,"San German, PR",metro,39-9011,Childcare Workers,100.0,8.58,17850.0,7.81,8.14,8.69,9.24,9.66,16230.0,16920.0,18070.0,19210.0,20080.0,,
2017,0041940,"San Jose-Sunnyvale-Santa Clara, CA",metro,39-9011,Childcare Workers,2220.0,14.34,29830.0,10.34,11.26,14.17,17.09,18.69,21500.0,23420.0,29470.0,35550.0,38880.0,,
2017,0041980,"San Juan-Carolina-Caguas, PR",metro,39-9011,Childcare Workers,1110.0,8.6,17880.0,7.67,8.02,8.57,9.12,9.61,15950.0,16680.0,17820.0,18970.0,20000.0,,
2017,0042020,"San Luis Obispo-Paso Robles-Arroyo Grande, CA",metro,39-9011,Childcare Workers,380.0,12.03,25020.0,10.34,10.71,11.44,12.87,14.78,21500.0,22270.0,23790.0,26770.0,30740.0,,
2017,0042034,"San Rafael, CA Metropolitan Division",metro,39-9011,Childcare Workers,670.0,17.84,37100.0,10.84,12.57,17.86,21.66,25.47,22550.0,26140.0,37150.0,45040.0,52970.0,,
2017,0042100,"Santa Cruz-Watsonville, CA",metro,39-9011,Childcare Workers,,12.13,25220.0,10.44,10.84,11.5,13.04,15.06,21720.0,22540.0,23910.0,27120.0,31330.0,,
2017,0042140,"Santa Fe, NM",metro,39-9011,Childcare Workers,,12.46,25910.0,8.13,9.02,11.03,16.47,18.31,16910.0,18760.0,22930.0,34270.0,38090.0,,
2017,0042200,"Santa Maria-Santa Barbara, CA",metro,39-9011,Childcare Workers,770.0,13.35,27760.0,10.34,10.75,11.99,14.86,18.55,21500.0,22360.0,24940.0,30910.0,38580.0,,
2017,0042220,"Santa Rosa, CA",metro,39-9011,Childcare Workers,970.0,14.23,29600.0,10.95,12.41,14.01,15.93,18.19,22780.0,25810.0,29140.0,33130.0,37840.0,,
2017,0042340,"Savannah, GA",metro,39-9011,Childcare Workers,640.0,9.18,19100.0,7.72,8.18,8.94,10.2,11.54,16060.0,17020.0,18590.0,21220.0,23990.0,,
2017,0042540,"Scranton--Wilkes-Barre--Hazleton, PA",metro,39-9011,Childcare Workers,680.0,9.91,20620.0,7.89,8.43,9.31,10.89,12.26,16420.0,17530.0,19370.0,22650.0,25500.0,,
2017,0042644,"Seattle-Bellevue-Everett, WA Metropolitan Division",metro,39-9011,Childcare Workers,4810.0,13.98,29090.0,11.33,11.82,13.28,15.24,17.99,23560.0,24580.0,27630.0,31700.0,37410.0,,
2017,0042680,"Sebastian-Vero Beach, FL",metro,39-9011,Childcare Workers,120.0,11.58,24090.0,8.89,9.47,11.15,13.59,15.22,18480.0,19690.0,23180.0,28260.0,31660.0,,
2017,0042700,"Sebring, FL",metro,39-9011,Childcare Workers,170.0,10.98,22840.0,8.78,9.24,10.39,12.61,14.42,18270.0,19230.0,21610.0,26230.0,29980.0,,
2017,0043100,"Sheboygan, WI",metro,39-9011,Childcare Workers,110.0,9.28,19300.0,7.86,8.29,9.0,9.81,11.34,16350.0,17230.0,18710.0,20410.0,23590.0,,
2017,0043300,"Sherman-Denison, TX",metro,39-9011,Childcare Workers,110.0,9.04,18800.0,7.82,8.22,8.89,9.62,11.19,16270.0,17100.0,18480.0,20020.0,23280.0,,
2017,0043340,"Shreveport-Bossier City, LA",metro,39-9011,Childcare Workers,620.0,9.63,20020.0,7.95,8.41,9.17,10.09,12.07,16540.0,17480.0,19060.0,21000.0,25100.0,,
2017,0043420,"Sierra Vista-Douglas, AZ",metro,39-9011,Childcare Workers,190.0,10.4,21620.0,10.0,10.0,10.01,10.01,11.63,20800.0,20810.0,20810.0,20820.0,24190.0,,
2017,0043524,"Silver Spring-Frederick-Rockville, MD Metropolitan Division",metro,39-9011,Childcare Workers,2280.0,14.92,31030.0,9.57,11.95,14.16,17.72,21.73,19900.0,24850.0,29450.0,36860.0,45200.0,,
2017,0043580,"Sioux City, IA-NE-SD",metro,39-9011,Childcare Workers,270.0,9.83,20450.0,7.84,8.41,9.36,11.06,13.18,16300.0,17500.0,19470.0,23000.0,27420.0,,
2017,0043620,"Sioux Falls, SD",metro,39-9011,Childcare Workers,1250.0,10.32,21470.0,9.1,9.36,9.93,11.28,12.15,18930.0,19470.0,20650.0,23450.0,25270.0,,
2017,0043780,"South Bend-Mishawaka, IN-MI",metro,39-9011,Childcare Workers,190.0,9.49,19740.0,7.82,8.32,9.16,10.53,11.64,16270.0,17310.0,19050.0,21910.0,24220.0,,
2017,0043900,"Spartanburg, SC",metro,39-9011,Childcare Workers,300.0,10.2,21220.0,8.01,8.59,9.57,11.85,14.1,16670.0,17860.0,19910.0,24650.0,29330.0,,
2017,0044060,"Spokane-Spokane Valley, WA",metro,39-9011,Childcare Workers,730.0,12.6,26200.0,11.18,11.43,11.86,12.48,14.85,23250.0,23780.0,24680.0,25950.0,30890.0,,
2017,0044100,"Springfield, IL",metro,39-9011,Childcare Workers,340.0,11.38,23670.0,9.04,9.52,10.75,12.28,14.83,18810.0,19800.0,22360.0,25550.0,30840.0,,
2017,0044180,"Springfield, MO",metro,39-9011,Childcare Workers,1130.0,9.82,20420.0,8.25,8.68,9.37,10.73,12.04,17150.0,18050.0,19490.0,22320.0,25040.0,,
2017,0044220,"Springfield, OH",metro,39-9011,Childcare Workers,130.0,11.15,23190.0,8.87,9.42,10.73,12.37,14.62,18450.0,19600.0,22330.0,25730.0,30410.0,,
2017,0044300,"State College, PA",metro,39-9011,Childcare Workers,180.0,9.79,20360.0,8.05,8.61,9.52,10.95,12.17,16730.0,17910.0,19800.0,22780.0,25300.0,,
2017,0044420,"Staunton-Waynesboro, VA",metro,39-9011,Childcare Workers,210.0,9.26,19250.0,7.84,8.3,9.06,10.14,11.46,16310.0,17260.0,18850.0,21100.0,23850.0,,
2017,0044700,"Stockton-Lodi, CA",metro,39-9011,Childcare Workers,1150.0,12.63,26260.0,10.4,10.89,11.71,13.91,15.73,21630.0,22650.0,24350.0,28930.0,32720.0,,
2017,0044940,"Sumter, SC",metro,39-9011,Childcare Workers,170.0,8.96,18630.0,7.87,8.24,8.85,9.49,10.69,16370.0,17130.0,18400.0,19730.0,22230.0,,
2017,0045060,"Syracuse, NY",metro,39-9011,Childcare Workers,1180.0,11.82,24590.0,9.71,10.0,11.17,12.66,14.6,20190.0,20800.0,23230.0,26330.0,30360.0,,
2017,0045104,"Tacoma-Lakewood, WA Metropolitan Division",metro,39-9011,Childcare Workers,840.0,13.31,27690.0,11.27,11.66,12.31,15.01,17.08,23450.0,24260.0,25610.0,31220.0,35520.0,,
2017,0045220,"Tallahassee, FL",metro,39-9011,Childcare Workers,600.0,10.74,22350.0,8.68,9.05,9.75,11.63,13.99,18050.0,18820.0,20280.0,24200.0,29090.0,,
2017,0045300,"Tampa-St. Petersburg-Clearwater, FL",metro,39-9011,Childcare Workers,5720.0,10.51,21860.0,8.69,9.09,9.88,11.45,12.95,18070.0,18910.0,20550.0,23820.0,26940.0,,
2017,0045460,"Terre Haute, IN",metro,39-9011,Childcare Workers,320.0,9.37,19490.0,7.85,8.37,9.24,10.45,11.49,16330.0,17410.0,19210.0,21740.0,23900.0,,
2017,0045500,"Texarkana, TX-AR",metro,39-9011,Childcare Workers,220.0,9.16,19040.0,7.85,8.29,8.91,9.57,11.61,16320.0,17250.0,18530.0,19900.0,24150.0,,
2017,0045540,"The Villages, FL",metro,39-9011,Childcare Workers,50.0,9.38,19510.0,8.45,8.7,9.05,9.48,9.92,17580.0,18100.0,18830.0,19710.0,20630.0,,
2017,0045780,"Toledo, OH",metro,39-9011,Childcare Workers,1120.0,11.3,23510.0,8.74,9.21,10.33,12.09,15.6,18170.0,19160.0,21490.0,25150.0,32440.0,,
2017,0045820,"Topeka, KS",metro,39-9011,Childcare Workers,340.0,9.61,19990.0,7.97,8.43,9.2,10.42,12.28,16580.0,17540.0,19140.0,21670.0,25530.0,,
2017,0045940,"Trenton, NJ",metro,39-9011,Childcare Workers,1060.0,13.82,28750.0,9.26,9.78,11.46,14.86,26.04,19250.0,20330.0,23830.0,30910.0,54170.0,,
2017,0046060,"Tucson, AZ",metro,39-9011,Childcare Workers,1100.0,11.55,24020.0,10.0,10.01,10.29,11.66,14.57,20810.0,20810.0,21400.0,24240.0,30300.0,,
2017,0046140,"Tulsa, OK",metro,39-9011,Childcare Workers,1770.0,9.99,20780.0,7.87,8.35,9.16,11.06,14.16,16370.0,17380.0,19060.0,23010.0,29450.0,,
2017,0046220,"Tuscaloosa, AL",metro,39-9011,Childcare Workers,480.0,10.05,20900.0,7.94,8.55,9.64,11.5,13.14,16520.0,17780.0,20050.0,23930.0,27330.0,,
2017,0046340,"Tyler, TX",metro,39-9011,Childcare Workers,520.0,9.37,19480.0,7.8,8.25,9.0,10.28,12.1,16230.0,17170.0,18730.0,21390.0,25160.0,,
2017,0046520,"Urban Honolulu, HI",metro,39-9011,Childcare Workers,1530.0,11.82,24590.0,9.32,9.46,11.04,13.32,14.98,19390.0,19680.0,22960.0,27710.0,31160.0,,
2017,0046540,"Utica-Rome, NY",metro,39-9011,Childcare Workers,650.0,12.05,25060.0,9.71,9.79,11.59,13.73,15.02,20200.0,20360.0,24110.0,28560.0,31250.0,,
2017,0046660,"Valdosta, GA",metro,39-9011,Childcare Workers,200.0,9.4,19550.0,7.9,8.32,9.02,9.73,12.52,16430.0,17300.0,18760.0,20240.0,26040.0,,
2017,0046700,"Vallejo-Fairfield, CA",metro,39-9011,Childcare Workers,370.0,13.1,27240.0,10.4,11.32,12.88,14.6,16.4,21630.0,23540.0,26800.0,30370.0,34120.0,,
2017,0047020,"Victoria, TX",metro,39-9011,Childcare Workers,240.0,8.99,18700.0,7.95,8.3,8.9,9.51,10.28,16530.0,17270.0,18520.0,19770.0,21390.0,,
2017,0047220,"Vineland-Bridgeton, NJ",metro,39-9011,Childcare Workers,,11.26,23420.0,9.17,9.89,11.03,12.43,14.39,19070.0,20570.0,22950.0,25850.0,29940.0,,
2017,0047260,"Virginia Beach-Norfolk-Newport News, VA-NC",metro,39-9011,Childcare Workers,2200.0,10.18,21170.0,7.89,8.52,9.68,11.45,13.69,16410.0,17730.0,20130.0,23820.0,28480.0,,
2017,0047300,"Visalia-Porterville, CA",metro,39-9011,Childcare Workers,560.0,12.67,26340.0,10.36,10.85,11.65,13.81,17.05,21560.0,22560.0,24230.0,28720.0,35460.0,,
2017,0047380,"Waco, TX",metro,39-9011,Childcare Workers,570.0,9.22,19180.0,7.78,8.2,8.88,9.76,11.74,16190.0,17050.0,18480.0,20310.0,24430.0,,
2017,0047460,"Walla Walla, WA",metro,39-9011,Childcare Workers,40.0,12.98,27000.0,11.25,11.62,12.22,14.02,16.55,23410.0,24170.0,25410.0,29150.0,34410.0,,
2017,0047580,"Warner Robins, GA",metro,39-9011,Childcare Workers,370.0,10.13,21070.0,7.8,8.22,8.91,9.93,16.88,16230.0,17100.0,18540.0,20660.0,35110.0,,
2017,0047664,"Warren-Troy-Farmington Hills, MI Metropolitan Division",metro,39-9011,Childcare Workers,3980.0,11.14,23160.0,9.1,9.41,10.43,11.81,14.41,18930.0,19570.0,21680.0,24570.0,29960.0,,
2017,0047894,"Washington-Arlington-Alexandria, DC-VA-MD-WV Metropolitan Division",metro,39-9011,Childcare Workers,10060.0,13.64,28360.0,8.56,9.64,13.12,16.11,19.38,17800.0,20060.0,27290.0,33510.0,40310.0,,
2017,0047940,"Waterloo-Cedar Falls, IA",metro,39-9011,Childcare Workers,710.0,9.51,19780.0,7.8,8.27,9.06,10.38,11.72,16220.0,17210.0,18840.0,21590.0,24370.0,,
2017,0048060,"Watertown-Fort Drum, NY",metro,39-9011,Childcare Workers,210.0,11.53,23980.0,9.71,9.78,10.71,12.13,15.66,20190.0,20350.0,22280.0,25230.0,32570.0,,
2017,0048140,"Wausau, WI",metro,39-9011,Childcare Workers,240.0,9.8,20390.0,8.04,8.6,9.52,11.16,12.29,16730.0,17880.0,19790.0,23220.0,25570.0,,
2017,0048260,"Weirton-Steubenville, WV-OH",metro,39-9011,Childcare Workers,90.0,10.46,21760.0,8.85,9.23,9.68,11.37,13.57,18400.0,19200.0,20130.0,23640.0,28220.0,,
2017,0048424,"West Palm Beach-Boca Raton-Delray Beach, FL Metropolitan Division",metro,39-9011,Childcare Workers,2350.0,11.24,23370.0,8.69,9.16,10.2,12.17,15.68,18080.0,19060.0,21220.0,25320.0,32620.0,,
2017,0048540,"Wheeling, WV-OH",metro,39-9011,Childcare Workers,230.0,9.88,20560.0,8.93,9.17,9.51,10.21,11.45,18580.0,19080.0,19780.0,21240.0,23820.0,,
2017,0048620,"Wichita, KS",metro,39-9011,Childcare Workers,,9.9,20600.0,8.09,8.68,9.67,11.15,12.17,16820.0,18060.0,20100.0,23190.0,25320.0,,
2017,0048660,"Wichita Falls, TX",metro,39-9011,Childcare Workers,320.0,8.71,18110.0,7.85,8.2,8.77,9.35,9.78,16340.0,17050.0,18240.0,19450.0,20340.0,,
2017,0048700,"Williamsport, PA",metro,39-9011,Childcare Workers,230.0,9.85,20500.0,7.86,8.37,9.24,10.81,12.46,16340.0,17420.0,19220.0,22490.0,25920.0,,
2017,0048864,"Wilmington, DE-MD-NJ Metropolitan Division",metro,39-9011,Childcare Workers,1080.0,10.76,22390.0,8.74,9.12,9.97,11.78,14.31,18180.0,18980.0,20740.0,24510.0,29760.0,,
2017,0048900,"Wilmington, NC",metro,39-9011,Childcare Workers,360.0,9.95,20690.0,8.02,8.56,9.45,11.15,12.83,16680.0,17800.0,19650.0,23190.0,26680.0,,
2017,0049020,"Winchester, VA-WV",metro,39-9011,Childcare Workers,80.0,10.53,21910.0,8.09,8.95,10.15,11.71,13.95,16830.0,18620.0,21110.0,24350.0,29010.0,,
2017,0049180,"Winston-Salem, NC",metro,39-9011,Childcare Workers,1190.0,10.67,22180.0,7.97,8.51,9.44,12.4,16.11,16570.0,17690.0,19640.0,25790.0,33500.0,,
2017,0049420,"Yakima, WA",metro,39-9011,Childcare Workers,340.0,12.58,26170.0,11.24,11.58,12.09,13.08,14.65,23370.0,24080.0,25150.0,27200.0,30470.0,,
2017,0049620,"York-Hanover, PA",metro,39-9011,Childcare Workers,640.0,9.73,20240.0,7.91,8.51,9.5,11.01,12.08,16450.0,17690.0,19770.0,22910.0,25120.0,,
2017,0049660,"Youngstown-Warren-Boardman, OH-PA",metro,39-9011,Childcare Workers,1030.0,10.28,21370.0,8.42,8.78,9.29,11.09,14.35,17510.0,18270.0,19330.0,23070.0,29850.0,,
2017,0049700,"Yuba City, CA",metro,39-9011,Childcare Workers,300.0,13.21,27470.0,10.35,11.05,12.34,14.99,17.55,21530.0,22990.0,25660.0,31180.0,36510.0,,
2017,0049740,"Yuma, AZ",metro,39-9011,Childcare Workers,110.0,10.51,21860.0,10.0,10.0,10.01,10.45,11.67,20800.0,20810.0,20820.0,21740.0,24270.0,,
2017,0070750,"Bangor, ME",metro,39-9011,Childcare Workers,280.0,11.58,24090.0,9.16,9.46,10.32,12.18,16.28,19050.0,19680.0,21460.0,25330.0,33870.0,,
2017,0070900,"Barnstable Town, MA",metro,39-9011,Childcare Workers,360.0,14.91,31010.0,11.04,11.79,13.54,15.64,21.1,22970.0,24530.0,28160.0,32530.0,43900.0,,
2017,0071654,"Boston-Cambridge-Newton, MA NECTA Division",metro,39-9011,Childcare Workers,6410.0,14.43,30020.0,11.01,11.5,13.42,16.7,18.94,22900.0,23920.0,27900.0,34730.0,39390.0,,
2017,0071950,"Bridgeport-Stamford-Norwalk, CT",metro,39-9011,Childcare Workers,3050.0,13.1,27250.0,10.27,10.94,12.05,14.46,17.37,21370.0,22740.0,25060.0,30070.0,36120.0,,
2017,0072104,"Brockton-Bridgewater-Easton, MA NECTA Division",metro,39-9011,Childcare Workers,320.0,12.21,25400.0,11.01,11.14,11.69,12.28,14.73,22890.0,23160.0,24320.0,25540.0,30630.0,,
2017,0072400,"Burlington-South Burlington, VT",metro,39-9011,Childcare Workers,610.0,13.11,27270.0,10.28,11.13,12.54,14.75,17.27,21390.0,23160.0,26090.0,30670.0,35920.0,,
2017,0072850,"Danbury, CT",metro,39-9011,Childcare Workers,330.0,12.38,25760.0,10.11,10.46,11.56,13.47,16.51,21020.0,21750.0,24050.0,28010.0,34340.0,,
2017,0073050,"Dover-Durham, NH-ME",metro,39-9011,Childcare Workers,310.0,10.76,22380.0,8.72,9.73,10.72,11.72,12.44,18140.0,20240.0,22290.0,24370.0,25880.0,,
2017,0073104,"Framingham, MA NECTA Division",metro,39-9011,Childcare Workers,1000.0,15.15,31500.0,11.47,12.63,14.5,17.25,19.94,23850.0,26280.0,30170.0,35890.0,41480.0,,
2017,0073450,"Hartford-West Hartford-East Hartford, CT",metro,39-9011,Childcare Workers,2430.0,12.67,26350.0,10.11,10.56,11.64,14.19,17.15,21020.0,21970.0,24200.0,29510.0,35680.0,,
2017,0073604,"Haverhill-Newburyport-Amesbury Town, MA-NH NECTA Division",metro,39-9011,Childcare Workers,330.0,11.72,24380.0,9.46,10.76,11.23,12.32,14.93,19680.0,22390.0,23360.0,25630.0,31060.0,,
2017,0074204,"Lawrence-Methuen Town-Salem, MA-NH NECTA Division",metro,39-9011,Childcare Workers,470.0,12.67,26350.0,11.0,11.28,12.12,14.2,15.42,22880.0,23450.0,25200.0,29540.0,32070.0,,
2017,0074500,"Leominster-Gardner, MA",metro,39-9011,Childcare Workers,140.0,13.0,27040.0,11.01,11.49,12.56,14.14,15.77,22900.0,23890.0,26120.0,29400.0,32810.0,,
2017,0074650,"Lewiston-Auburn, ME",metro,39-9011,Childcare Workers,260.0,10.58,22010.0,9.2,9.59,10.38,11.37,12.03,19140.0,19950.0,21580.0,23650.0,25020.0,,
2017,0074804,"Lowell-Billerica-Chelmsford, MA-NH NECTA Division",metro,39-9011,Childcare Workers,560.0,12.92,26870.0,11.02,11.3,11.78,13.62,16.5,22920.0,23500.0,24500.0,28320.0,34320.0,,
2017,0074854,"Lynn-Saugus-Marblehead, MA NECTA Division",metro,39-9011,Childcare Workers,220.0,14.2,29530.0,11.44,12.88,14.07,15.29,17.41,23790.0,26790.0,29270.0,31810.0,36220.0,,
2017,0074950,"Manchester, NH",metro,39-9011,Childcare Workers,380.0,10.69,22240.0,8.02,8.67,9.93,12.72,14.63,16680.0,18030.0,20660.0,26460.0,30430.0,,
2017,0075404,"Nashua, NH-MA NECTA Division",metro,39-9011,Childcare Workers,670.0,11.62,24180.0,8.38,9.54,11.11,13.49,15.88,17420.0,19850.0,23110.0,28070.0,33030.0,,
2017,0075550,"New Bedford, MA",metro,39-9011,Childcare Workers,380.0,12.74,26500.0,11.06,11.55,12.45,13.8,14.62,23010.0,24030.0,25890.0,28710.0,30420.0,,
2017,0075700,"New Haven, CT",metro,39-9011,Childcare Workers,1850.0,13.25,27570.0,10.28,10.94,12.1,14.52,18.08,21390.0,22760.0,25160.0,30210.0,37610.0,,
2017,0076450,"Norwich-New London-Westerly, CT-RI",metro,39-9011,Childcare Workers,780.0,12.42,25820.0,10.11,10.57,11.63,13.77,16.26,21020.0,21990.0,24200.0,28650.0,33820.0,,
2017,0076524,"Peabody-Salem-Beverly, MA NECTA Division",metro,39-9011,Childcare Workers,590.0,13.55,28180.0,11.19,11.6,12.68,14.76,17.77,23280.0,24130.0,26380.0,30700.0,36970.0,,
2017,0076600,"Pittsfield, MA",metro,39-9011,Childcare Workers,,12.24,25450.0,11.01,11.11,11.69,12.63,14.65,22890.0,23100.0,24310.0,26280.0,30480.0,,
2017,0076750,"Portland-South Portland, ME",metro,39-9011,Childcare Workers,1010.0,11.66,24250.0,9.32,10.03,11.33,13.17,14.84,19380.0,20870.0,23570.0,27390.0,30870.0,,
2017,0076900,"Portsmouth, NH-ME",metro,39-9011,Childcare Workers,210.0,11.36,23620.0,8.55,9.82,11.26,12.97,14.61,17790.0,20420.0,23420.0,26980.0,30400.0,,
2017,0077200,"Providence-Warwick, RI-MA",metro,39-9011,Childcare Workers,3000.0,12.65,26320.0,9.92,10.74,11.81,13.71,15.41,20630.0,22330.0,24560.0,28520.0,32050.0,,
2017,0078100,"Springfield, MA-CT",metro,39-9011,Childcare Workers,940.0,12.83,26680.0,11.0,11.25,11.81,13.68,16.14,22890.0,23400.0,24560.0,28450.0,33560.0,,
2017,0078254,"Taunton-Middleborough-Norton, MA NECTA Division",metro,39-9011,Childcare Workers,170.0,14.17,29480.0,11.09,11.43,12.02,16.14,19.4,23060.0,23780.0,25000.0,33570.0,40360.0,,
2017,0078700,"Waterbury, CT",metro,39-9011,Childcare Workers,440.0,12.13,25240.0,10.11,10.62,11.67,13.37,14.88,21020.0,22090.0,24270.0,27810.0,30960.0,,
2017,0079600,"Worcester, MA-CT",metro,39-9011,Childcare Workers,1340.0,13.75,28600.0,11.01,11.33,12.25,15.34,18.57,22900.0,23570.0,25480.0,31900.0,38630.0,,
2017,0100001,Northwest Alabama nonmetropolitan area,nonmetro,39-9011,Childcare Workers,340.0,9.36,19470.0,7.81,8.22,8.9,9.76,13.01,16240.0,17090.0,18510.0,20300.0,27060.0,,
2017,0100002,Northeast Alabama nonmetropolitan area,nonmetro,39-9011,Childcare Workers,830.0,10.32,21470.0,7.92,8.41,9.24,12.21,15.05,16470.0,17500.0,19210.0,25400.0,31300.0,,
2017,0100003,Southwest Alabama nonmetropolitan area,nonmetro,39-9011,Childcare Workers,240.0,8.83,18380.0,7.83,8.19,8.8,9.41,10.59,16280.0,17040.0,18310.0,19570.0,22030.0,,
2017,0100004,Southeast Alabama nonmetropolitan area,nonmetro,39-9011,Childcare Workers,280.0,8.6,17880.0,7.8,8.13,8.69,9.25,9.69,16220.0,16910.0,18070.0,19230.0,20150.0,,
2017,0200001,Southeast Alaska nonmetropolitan area,nonmetro,39-9011,Childcare Workers,130.0,12.49,25970.0,10.08,10.5,12.16,13.97,15.12,20960.0,21840.0,25300.0,29060.0,31440.0,,
2017,0200002,Balance of Alaska nonmetropolitan area,nonmetro,39-9011,Childcare Workers,180.0,14.17,29460.0,10.43,11.18,13.02,16.0,18.82,21680.0,23260.0,27090.0,33280.0,39150.0,,
2017,0400001,Arizona nonmetropolitan area,nonmetro,39-9011,Childcare Workers,,12.12,25200.0,10.0,10.01,11.13,13.05,16.07,20810.0,20820.0,23140.0,27130.0,33440.0,,
2017,0500001,North Arkansas nonmetropolitan area,nonmetro,39-9011,Childcare Workers,490.0,9.24,19230.0,8.63,8.81,9.13,9.44,9.81,17940.0,18330.0,18980.0,19640.0,20410.0,,
2017,0500002,East Arkansas nonmetropolitan area,nonmetro,39-9011,Childcare Workers,510.0,9.91,20620.0,8.69,8.97,9.51,10.72,11.89,18070.0,18660.0,19770.0,22290.0,24730.0,,
2017,0500003,West Arkansas nonmetropolitan area,nonmetro,39-9011,Childcare Workers,380.0,9.26,19260.0,8.63,8.82,9.14,9.53,9.81,17950.0,18340.0,19010.0,19820.0,20400.0,,
2017,0500004,South Arkansas nonmetropolitan area,nonmetro,39-9011,Childcare Workers,480.0,9.81,20410.0,8.65,8.88,9.25,10.06,11.99,17990.0,18460.0,19250.0,20930.0,24930.0,,
2017,0600001,Mother Lode Region of California nonmetropolitan area,nonmetro,39-9011,Childcare Workers,,14.3,29750.0,10.56,11.4,13.46,16.12,18.86,21970.0,23710.0,27990.0,33520.0,39220.0,,
2017,0600003,North Coast Region of California nonmetropolitan area,nonmetro,39-9011,Childcare Workers,450.0,12.6,26200.0,10.49,10.9,11.59,13.17,17.47,21820.0,22670.0,24100.0,27390.0,36340.0,,
2017,0600004,North Valley Region of California nonmetropolitan area,nonmetro,39-9011,Childcare Workers,120.0,14.48,30120.0,11.37,12.55,14.07,16.26,18.44,23660.0,26100.0,29270.0,33810.0,38350.0,,
2017,0600005,Northern Mountains Region of California nonmetropolitan area,nonmetro,39-9011,Childcare Workers,350.0,12.33,25650.0,10.37,10.83,11.59,12.6,16.48,21570.0,22520.0,24110.0,26210.0,34290.0,,
2017,0800001,Eastern and Southern Colorado nonmetropolitan area,nonmetro,39-9011,Childcare Workers,130.0,10.9,22680.0,9.34,9.39,9.8,11.52,13.76,19420.0,19530.0,20390.0,23960.0,28620.0,,
2017,0800002,Southwest Colorado nonmetropolitan area,nonmetro,39-9011,Childcare Workers,240.0,13.28,27610.0,9.78,10.6,12.09,15.2,18.45,20340.0,22050.0,25160.0,31610.0,38370.0,,
2017,0800003,Northwest Colorado nonmetropolitan area,nonmetro,39-9011,Childcare Workers,320.0,15.46,32150.0,9.37,12.46,16.3,18.25,19.71,19490.0,25920.0,33900.0,37970.0,41000.0,,
2017,0900001,Connecticut nonmetropolitan area,nonmetro,39-9011,Childcare Workers,180.0,13.05,27140.0,10.35,10.96,12.0,14.27,17.49,21520.0,22790.0,24950.0,29670.0,36370.0,,
2017,1200001,Northwest Florida nonmetropolitan area,nonmetro,39-9011,Childcare Workers,150.0,10.15,21120.0,8.73,9.07,9.64,11.04,12.18,18160.0,18860.0,20060.0,22970.0,25340.0,,
2017,1200002,Northeast Florida nonmetropolitan area,nonmetro,39-9011,Childcare Workers,500.0,9.74,20270.0,8.61,8.89,9.37,10.4,11.74,17900.0,18500.0,19490.0,21620.0,24420.0,,
2017,1200003,South Florida nonmetropolitan area,nonmetro,39-9011,Childcare Workers,350.0,10.62,22100.0,8.59,8.91,9.5,11.29,15.36,17870.0,18540.0,19750.0,23480.0,31950.0,,
2017,1300001,North Georgia nonmetropolitan area,nonmetro,39-9011,Childcare Workers,490.0,8.98,18670.0,7.66,8.03,8.63,9.23,11.7,15930.0,16710.0,17950.0,19190.0,24340.0,,
2017,1300002,Middle Georgia nonmetropolitan area,nonmetro,39-9011,Childcare Workers,430.0,10.85,22560.0,7.79,8.28,9.1,11.73,18.14,16200.0,17220.0,18930.0,24400.0,37730.0,,
2017,1300003,East Georgia nonmetropolitan area,nonmetro,39-9011,Childcare Workers,430.0,9.48,19710.0,7.85,8.26,8.96,9.76,12.67,16320.0,17190.0,18630.0,20300.0,26360.0,,
2017,1300004,South Georgia nonmetropolitan area,nonmetro,39-9011,Childcare Workers,440.0,8.89,18490.0,7.77,8.14,8.77,9.42,10.89,16160.0,16940.0,18240.0,19600.0,22660.0,,
2017,1500001,Hawaii / Kauai nonmetropolitan area,nonmetro,39-9011,Childcare Workers,350.0,10.62,22090.0,9.35,9.52,9.85,11.55,12.94,19460.0,19790.0,20490.0,24010.0,26920.0,,
2017,1600001,Panhandle of Idaho nonmetropolitan area,nonmetro,39-9011,Childcare Workers,170.0,10.19,21190.0,7.92,8.44,9.33,12.46,14.24,16470.0,17560.0,19410.0,25910.0,29630.0,,
2017,1600002,Southwest Idaho nonmetropolitan area,nonmetro,39-9011,Childcare Workers,70.0,9.77,20330.0,8.17,8.99,9.79,10.81,11.43,16990.0,18710.0,20360.0,22480.0,23770.0,,
2017,1600003,South Central Idaho nonmetropolitan area,nonmetro,39-9011,Childcare Workers,180.0,9.76,20310.0,7.88,8.48,9.61,11.15,12.05,16390.0,17640.0,19980.0,23190.0,25050.0,,
2017,1600004,Southeast Idaho nonmetropolitan area,nonmetro,39-9011,Childcare Workers,70.0,8.89,18500.0,7.77,8.15,8.78,9.39,10.93,16160.0,16940.0,18260.0,19540.0,22740.0,,
2017,1700001,Northwest Illinois nonmetropolitan area,nonmetro,39-9011,Childcare Workers,520.0,11.55,24020.0,8.9,9.35,10.52,12.4,15.44,18510.0,19450.0,21890.0,25790.0,32120.0,,
2017,1700002,West Central Illinois nonmetropolitan area,nonmetro,39-9011,Childcare Workers,330.0,10.1,21010.0,8.63,8.94,9.38,10.88,13.11,17950.0,18600.0,19520.0,22620.0,27260.0,,
2017,1700003,East Central Illinois nonmetropolitan area,nonmetro,39-9011,Childcare Workers,150.0,10.81,22480.0,8.77,9.06,9.62,11.52,16.46,18230.0,18840.0,20020.0,23960.0,34240.0,,
2017,1700004,South Illinois nonmetropolitan area,nonmetro,39-9011,Childcare Workers,300.0,11.8,24540.0,9.16,9.68,10.74,11.97,17.68,19050.0,20120.0,22330.0,24900.0,36770.0,,
2017,1800001,Northern Indiana nonmetropolitan area,nonmetro,39-9011,Childcare Workers,180.0,10.67,22200.0,7.95,8.5,9.42,12.31,15.8,16540.0,17680.0,19590.0,25610.0,32860.0,,
2017,1800002,Central Indiana nonmetropolitan area,nonmetro,39-9011,Childcare Workers,350.0,9.8,20390.0,7.86,8.33,9.11,10.99,13.91,16340.0,17320.0,18950.0,22850.0,28930.0,,
2017,1800003,Southern Indiana nonmetropolitan area,nonmetro,39-9011,Childcare Workers,690.0,10.85,22570.0,8.3,9.33,10.68,12.47,14.06,17270.0,19400.0,22210.0,25930.0,29240.0,,
2017,1900001,Northeast Iowa nonmetropolitan area,nonmetro,39-9011,Childcare Workers,580.0,8.78,18250.0,7.79,8.15,8.73,9.33,10.07,16210.0,16940.0,18170.0,19410.0,20940.0,,
2017,1900002,Northwest Iowa nonmetropolitan area,nonmetro,39-9011,Childcare Workers,690.0,9.12,18980.0,7.75,8.16,8.82,9.59,11.5,16130.0,16960.0,18360.0,19940.0,23920.0,,
2017,1900003,Southwest Iowa nonmetropolitan area,nonmetro,39-9011,Childcare Workers,320.0,8.86,18430.0,7.88,8.25,8.87,9.5,10.61,16390.0,17170.0,18460.0,19760.0,22070.0,,
2017,1900004,Southeast Iowa nonmetropolitan area,nonmetro,39-9011,Childcare Workers,900.0,8.75,18200.0,7.73,8.08,8.66,9.23,9.8,16090.0,16810.0,18010.0,19210.0,20380.0,,
2017,2000001,Southwest Kansas nonmetropolitan area,nonmetro,39-9011,Childcare Workers,130.0,9.97,20730.0,7.84,8.3,9.07,10.82,15.3,16300.0,17260.0,18860.0,22510.0,31810.0,,
2017,2000002,Northwest Kansas nonmetropolitan area,nonmetro,39-9011,Childcare Workers,240.0,8.94,18600.0,7.78,8.14,8.74,9.36,10.65,16170.0,16930.0,18180.0,19470.0,22140.0,,
2017,2000003,Northeast Kansas nonmetropolitan area,nonmetro,39-9011,Childcare Workers,720.0,9.18,19090.0,7.83,8.24,8.94,9.68,11.35,16280.0,17150.0,18580.0,20140.0,23600.0,,
2017,2000004,Southeast Kansas nonmetropolitan area,nonmetro,39-9011,Childcare Workers,390.0,9.62,20010.0,7.88,8.32,9.04,9.84,12.86,16400.0,17300.0,18800.0,20470.0,26740.0,,
2017,2100001,West Kentucky nonmetropolitan area,nonmetro,39-9011,Childcare Workers,680.0,9.71,20200.0,7.9,8.45,9.4,10.9,12.11,16440.0,17580.0,19540.0,22670.0,25190.0,,
2017,2100002,South Central Kentucky nonmetropolitan area,nonmetro,39-9011,Childcare Workers,1090.0,9.59,19940.0,7.93,8.46,9.32,10.65,11.84,16500.0,17600.0,19390.0,22140.0,24630.0,,
2017,2100003,Central Kentucky nonmetropolitan area,nonmetro,39-9011,Childcare Workers,1210.0,9.37,19490.0,7.84,8.28,9.01,10.08,11.89,16300.0,17220.0,18740.0,20970.0,24740.0,,
2017,2100004,East Kentucky nonmetropolitan area,nonmetro,39-9011,Childcare Workers,540.0,9.18,19090.0,7.71,8.12,8.8,9.66,11.79,16040.0,16900.0,18310.0,20100.0,24520.0,,
2017,2200002,Central Louisiana nonmetropolitan area,nonmetro,39-9011,Childcare Workers,360.0,9.29,19310.0,7.79,8.18,8.82,9.54,11.56,16200.0,17010.0,18350.0,19840.0,24050.0,,
2017,2200003,Northeast Louisiana nonmetropolitan area,nonmetro,39-9011,Childcare Workers,220.0,8.77,18250.0,7.76,8.1,8.67,9.24,9.73,16130.0,16850.0,18040.0,19230.0,20250.0,,
2017,2200004,Southwest Louisiana nonmetropolitan area,nonmetro,39-9011,Childcare Workers,370.0,8.55,17780.0,7.65,8.01,8.56,9.11,9.63,15920.0,16650.0,17800.0,18960.0,20040.0,,
2017,2300001,Northeast Maine nonmetropolitan area,nonmetro,39-9011,Childcare Workers,270.0,11.7,24340.0,9.3,9.88,11.78,13.42,14.49,19340.0,20540.0,24510.0,27910.0,30150.0,,
2017,2300002,Southwest Maine nonmetropolitan area,nonmetro,39-9011,Childcare Workers,1220.0,11.6,24140.0,9.68,10.29,11.29,12.36,14.26,20130.0,21410.0,23480.0,25700.0,29650.0,,
2017,2400001,Upper Eastern Shore of Maryland nonmetropolitan area,nonmetro,39-9011,Childcare Workers,170.0,13.67,28440.0,9.24,10.2,13.01,15.28,21.26,19220.0,21220.0,27050.0,31790.0,44230.0,,
2017,2500003,Northwest Massachusetts nonmetropolitan area,nonmetro,39-9011,Childcare Workers,90.0,11.91,24780.0,11.01,11.25,11.66,12.07,13.59,22900.0,23400.0,24250.0,25110.0,28280.0,,
2017,2600001,Upper Peninsula of Michigan nonmetropolitan area,nonmetro,39-9011,Childcare Workers,360.0,10.83,22530.0,9.09,9.42,10.36,11.61,12.86,18910.0,19590.0,21560.0,24150.0,26750.0,,
2017,2600002,Northeast Lower Peninsula of Michigan nonmetropolitan area,nonmetro,39-9011,Childcare Workers,420.0,9.9,20590.0,9.01,9.16,9.44,9.78,11.43,18730.0,19060.0,19640.0,20330.0,23780.0,,
2017,2600003,Northwest Lower Peninsula of Michigan nonmetropolitan area,nonmetro,39-9011,Childcare Workers,440.0,11.16,23220.0,9.06,9.3,9.97,11.39,14.96,18850.0,19350.0,20740.0,23690.0,31110.0,,
2017,2600004,Balance of Lower Peninsula of Michigan nonmetropolitan area,nonmetro,39-9011,Childcare Workers,1140.0,10.72,22290.0,9.07,9.33,10.06,11.6,13.45,18860.0,19400.0,20930.0,24130.0,27980.0,,
2017,2700001,Northwest Minnesota nonmetropolitan area,nonmetro,39-9011,Childcare Workers,360.0,13.0,27040.0,9.67,10.15,11.59,16.04,18.38,20110.0,21110.0,24110.0,33360.0,38240.0,,
2017,2700002,Northeast Minnesota nonmetropolitan area,nonmetro,39-9011,Childcare Workers,180.0,11.55,24020.0,9.7,9.88,10.9,12.16,15.16,20180.0,20550.0,22680.0,25290.0,31530.0,,
2017,2700003,Southwest Minnesota nonmetropolitan area,nonmetro,39-9011,Childcare Workers,,13.78,28660.0,9.67,10.49,13.4,16.77,18.62,20110.0,21820.0,27870.0,34880.0,38720.0,,
2017,2700004,Southeast Minnesota nonmetropolitan area,nonmetro,39-9011,Childcare Workers,390.0,11.21,23320.0,9.67,9.78,10.53,11.67,14.18,20110.0,20330.0,21900.0,24270.0,29500.0,,
2017,2800001,Northeast Mississippi nonmetropolitan area,nonmetro,39-9011,Childcare Workers,1220.0,8.77,18230.0,7.71,8.08,8.67,9.26,10.4,16040.0,16810.0,18030.0,19260.0,21620.0,,
2017,2800002,Northwest Mississippi nonmetropolitan area,nonmetro,39-9011,Childcare Workers,920.0,9.03,18780.0,7.72,8.08,8.68,9.29,11.08,16050.0,16810.0,18060.0,19320.0,23050.0,,
2017,2800003,Southeast Mississippi nonmetropolitan area,nonmetro,39-9011,Childcare Workers,1010.0,9.24,19210.0,7.85,8.27,8.97,9.87,11.81,16330.0,17210.0,18670.0,20540.0,24560.0,,
2017,2800004,Southwest Mississippi nonmetropolitan area,nonmetro,39-9011,Childcare Workers,670.0,8.66,18010.0,7.77,8.12,8.7,9.28,9.88,16170.0,16890.0,18090.0,19310.0,20550.0,,
2017,2900001,Central Missouri nonmetropolitan area,nonmetro,39-9011,Childcare Workers,850.0,9.92,20640.0,8.24,8.66,9.35,10.73,12.23,17150.0,18000.0,19440.0,22310.0,25430.0,,
2017,2900002,North Missouri nonmetropolitan area,nonmetro,39-9011,Childcare Workers,560.0,10.1,21020.0,8.15,8.52,9.14,11.03,14.39,16940.0,17720.0,19020.0,22950.0,29920.0,,
2017,2900003,Southeast Missouri nonmetropolitan area,nonmetro,39-9011,Childcare Workers,760.0,12.1,25180.0,8.36,9.02,10.2,11.55,25.91,17400.0,18760.0,21210.0,24020.0,53890.0,,
2017,2900004,Southwest Missouri nonmetropolitan area,nonmetro,39-9011,Childcare Workers,230.0,10.42,21670.0,8.39,8.98,10.05,11.71,13.45,17450.0,18690.0,20900.0,24350.0,27980.0,,
2017,3000001,East Montana nonmetropolitan area,nonmetro,39-9011,Childcare Workers,160.0,10.62,22080.0,8.94,9.46,10.28,11.38,12.38,18600.0,19680.0,21380.0,23670.0,25750.0,,
2017,3000002,Central Montana nonmetropolitan area,nonmetro,39-9011,Childcare Workers,130.0,10.28,21380.0,8.69,9.01,9.56,11.26,13.54,18070.0,18730.0,19890.0,23430.0,28150.0,,
2017,3000003,Southwest Montana nonmetropolitan area,nonmetro,39-9011,Childcare Workers,720.0,11.34,23590.0,8.68,9.06,9.77,13.57,15.0,18060.0,18840.0,20330.0,28230.0,31200.0,,
2017,3000004,West Montana nonmetropolitan area,nonmetro,39-9011,Childcare Workers,270.0,11.53,23990.0,8.81,9.66,11.17,12.98,15.13,18320.0,20100.0,23230.0,26990.0,31470.0,,
2017,3100001,Northwest Nebraska nonmetropolitan area,nonmetro,39-9011,Childcare Workers,140.0,11.07,23020.0,9.35,9.52,9.83,11.5,14.3,19460.0,19800.0,20440.0,23930.0,29740.0,,
2017,3100002,Central Nebraska nonmetropolitan area,nonmetro,39-9011,Childcare Workers,700.0,10.19,21190.0,9.32,9.41,9.59,10.45,11.88,19390.0,19580.0,19950.0,21730.0,24710.0,,
2017,3100003,Northeast Nebraska nonmetropolitan area,nonmetro,39-9011,Childcare Workers,640.0,10.12,21060.0,9.22,9.37,9.62,10.66,11.73,19180.0,19490.0,20010.0,22180.0,24400.0,,
2017,3100004,Southeast Nebraska nonmetropolitan area,nonmetro,39-9011,Childcare Workers,180.0,10.25,21320.0,9.28,9.38,9.65,10.87,12.26,19310.0,19510.0,20070.0,22600.0,25500.0,,
2017,3200001,South Nevada nonmetropolitan area,nonmetro,39-9011,Childcare Workers,190.0,11.27,23430.0,7.9,8.62,10.35,13.61,16.68,16440.0,17930.0,21540.0,28310.0,34690.0,,
2017,3200002,North Nevada nonmetropolitan area,nonmetro,39-9011,Childcare Workers,120.0,9.39,19530.0,8.04,8.57,9.39,10.3,11.26,16720.0,17830.0,19540.0,21420.0,23430.0,,
2017,3300001,Northern New Hampshire nonmetropolitan area,nonmetro,39-9011,Childcare Workers,,9.72,20210.0,8.03,8.63,9.59,10.92,11.85,16710.0,17950.0,19950.0,22710.0,24660.0,,
2017,3300002,Central New Hampshire nonmetropolitan area,nonmetro,39-9011,Childcare Workers,280.0,10.59,22030.0,8.21,9.08,10.47,11.87,13.74,17080.0,18880.0,21790.0,24690.0,28590.0,,
2017,3300003,West Central New Hampshire nonmetropolitan area,nonmetro,39-9011,Childcare Workers,240.0,11.42,23760.0,8.93,9.95,10.95,12.06,15.79,18580.0,20690.0,22780.0,25090.0,32840.0,,
2017,3300004,Southwest New Hampshire nonmetropolitan area,nonmetro,39-9011,Childcare Workers,150.0,12.04,25050.0,9.83,10.69,12.05,13.58,14.61,20440.0,22240.0,25060.0,28250.0,30390.0,,
2017,3500001,North and West Central New Mexico nonmetropolitan area,nonmetro,39-9011,Childcare Workers,190.0,11.0,22870.0,8.3,8.85,9.81,11.82,16.21,17260.0,18410.0,20400.0,24580.0,33720.0,,
2017,3500002,Eastern New Mexico nonmetropolitan area,nonmetro,39-9011,Childcare Workers,310.0,9.37,19490.0,7.95,8.34,8.98,9.89,11.5,16540.0,17350.0,18680.0,20570.0,23920.0,,
2017,3500003,Southwestern New Mexico nonmetropolitan area,nonmetro,39-9011,Childcare Workers,,9.85,20490.0,8.18,8.53,9.12,9.72,12.42,17000.0,17740.0,18980.0,20220.0,25830.0,,
2017,3600001,Capital/Northern New York nonmetropolitan area,nonmetro,39-9011,Childcare Workers,610.0,11.57,24070.0,9.72,9.8,10.77,12.11,14.6,20220.0,20380.0,22400.0,25190.0,30370.0,,
2017,3600002,East Central New York nonmetropolitan area,nonmetro,39-9011,Childcare Workers,130.0,16.59,34500.0,10.66,12.71,17.1,19.62,22.55,22170.0,26430.0,35570.0,40820.0,46910.0,,
2017,3600003,Central New York nonmetropolitan area,nonmetro,39-9011,Childcare Workers,650.0,11.51,23940.0,9.71,9.79,10.75,12.51,14.81,20200.0,20360.0,22370.0,26010.0,30810.0,,
2017,3600004,Southwest New York nonmetropolitan area,nonmetro,39-9011,Childcare Workers,800.0,11.85,24640.0,9.72,9.84,10.79,12.37,16.63,20210.0,20460.0,22440.0,25730.0,34600.0,,
2017,3700001,Southeast Coastal North Carolina nonmetropolitan area,nonmetro,39-9011,Childcare Workers,1070.0,10.06,20930.0,7.91,8.37,9.14,12.32,14.11,16450.0,17410.0,19000.0,25620.0,29340.0,,
2017,3700002,Northeast Coastal North Carolina nonmetropolitan area,nonmetro,39-9011,Childcare Workers,,11.49,23900.0,8.4,9.69,11.76,13.38,14.36,17480.0,20150.0,24470.0,27840.0,29880.0,,
2017,3700003,Piedmont North Carolina nonmetropolitan area,nonmetro,39-9011,Childcare Workers,1540.0,11.0,22880.0,8.06,8.83,10.44,12.76,15.06,16770.0,18360.0,21710.0,26540.0,31310.0,,
2017,3700004,Mountain North Carolina nonmetropolitan area,nonmetro,39-9011,Childcare Workers,470.0,11.11,23110.0,8.38,9.53,10.93,12.46,14.43,17420.0,19820.0,22740.0,25910.0,30020.0,,
2017,3800001,Far West North Dakota nonmetropolitan area,nonmetro,39-9011,Childcare Workers,230.0,14.19,29510.0,9.46,11.03,13.46,16.47,19.34,19680.0,22940.0,27990.0,34260.0,40230.0,,
2017,3800002,West Central North Dakota nonmetropolitan area,nonmetro,39-9011,Childcare Workers,250.0,10.68,22200.0,8.01,8.87,10.71,12.27,13.94,16670.0,18450.0,22290.0,25520.0,29000.0,,
2017,3800003,East Central North Dakota nonmetropolitan area,nonmetro,39-9011,Childcare Workers,340.0,10.39,21610.0,8.06,8.83,10.21,11.77,13.6,16770.0,18370.0,21230.0,24490.0,28280.0,,
2017,3800004,Far East North Dakota nonmetropolitan area,nonmetro,39-9011,Childcare Workers,140.0,9.77,20320.0,7.83,8.32,9.14,10.63,11.94,16290.0,17320.0,19020.0,22120.0,24840.0,,
2017,3900001,West Northwestern Ohio nonmetropolitan area,nonmetro,39-9011,Childcare Workers,790.0,10.27,21360.0,8.64,8.92,9.4,11.13,13.8,17960.0,18550.0,19550.0,23150.0,28710.0,,
2017,3900002,North Northeastern Ohio non-metropolitan area (non-contiguous),nonmetro,39-9011,Childcare Workers,940.0,9.98,20760.0,8.59,8.88,9.37,10.8,12.72,17860.0,18470.0,19490.0,22470.0,26460.0,,
2017,3900003,Eastern Ohio nonmetropolitan area,nonmetro,39-9011,Childcare Workers,330.0,9.91,20620.0,8.57,8.84,9.28,10.25,11.85,17830.0,18390.0,19300.0,21320.0,24650.0,,
2017,3900004,Southern Ohio non-metropolitan area,nonmetro,39-9011,Childcare Workers,460.0,9.88,20560.0,8.44,8.73,9.14,10.24,12.62,17560.0,18160.0,19010.0,21300.0,26250.0,,
2017,4000001,Northeast Oklahoma nonmetropolitan area,nonmetro,39-9011,Childcare Workers,680.0,10.02,20850.0,7.92,8.48,9.44,11.21,12.85,16480.0,17640.0,19630.0,23320.0,26730.0,,
2017,4000002,Northwest Oklahoma nonmetropolitan area,nonmetro,39-9011,Childcare Workers,370.0,8.76,18220.0,7.82,8.17,8.77,9.37,10.25,16260.0,17000.0,18240.0,19480.0,21330.0,,
2017,4000003,Southwest Oklahoma nonmetropolitan area,nonmetro,39-9011,Childcare Workers,280.0,10.3,21430.0,7.95,8.61,9.92,11.75,13.87,16540.0,17910.0,20630.0,24440.0,28840.0,,
2017,4000004,Southeast Oklahoma nonmetropolitan area,nonmetro,39-9011,Childcare Workers,770.0,9.7,20180.0,7.9,8.39,9.21,10.8,12.45,16420.0,17450.0,19150.0,22460.0,25900.0,,
2017,4100001,North Coast Oregon nonmetropolitan area,nonmetro,39-9011,Childcare Workers,40.0,11.38,23680.0,9.9,10.36,11.15,12.06,13.64,20590.0,21550.0,23180.0,25090.0,28380.0,,
2017,4100002,South Coast Oregon nonmetropolitan area,nonmetro,39-9011,Childcare Workers,150.0,11.42,23760.0,9.85,10.38,11.28,12.23,13.71,20490.0,21580.0,23450.0,25430.0,28510.0,,
2017,4100003,Central Oregon nonmetropolitan area,nonmetro,39-9011,Childcare Workers,200.0,11.78,24500.0,9.89,10.44,11.43,13.15,14.52,20580.0,21720.0,23770.0,27360.0,30190.0,,
2017,4100004,Eastern Oregon nonmetropolitan area,nonmetro,39-9011,Childcare Workers,160.0,12.25,25470.0,9.67,9.85,11.66,14.02,16.32,20100.0,20490.0,24260.0,29160.0,33940.0,,
2017,4200001,Western Pennsylvania nonmetropolitan area,nonmetro,39-9011,Childcare Workers,460.0,9.71,20190.0,7.89,8.38,9.2,10.88,12.84,16400.0,17430.0,19150.0,22620.0,26710.0,,
2017,4200002,Northern Pennsylvania nonmetropolitan area,nonmetro,39-9011,Childcare Workers,640.0,9.95,20710.0,7.91,8.38,9.16,10.59,14.58,16450.0,17420.0,19050.0,22030.0,30320.0,,
2017,4200003,Southern Pennsylvania nonmetropolitan area,nonmetro,39-9011,Childcare Workers,530.0,8.94,18590.0,7.68,8.07,8.71,9.4,11.37,15970.0,16790.0,18110.0,19560.0,23640.0,,
2017,4500001,Low Country South Carolina nonmetropolitan area,nonmetro,39-9011,Childcare Workers,240.0,9.28,19310.0,7.81,8.27,9.02,10.16,11.68,16250.0,17190.0,18770.0,21130.0,24300.0,,
2017,4500002,Upper Savannah South Carolina nonmetropolitan area,nonmetro,39-9011,Childcare Workers,400.0,9.93,20660.0,7.84,8.31,9.09,10.92,13.74,16310.0,17290.0,18910.0,22710.0,28570.0,,
2017,4500003,Pee Dee South Carolina nonmetropolitan area,nonmetro,39-9011,Childcare Workers,,9.67,20100.0,7.71,8.15,8.87,10.99,14.08,16040.0,16950.0,18450.0,22860.0,29280.0,,
2017,4500004,Lower Savannah South Carolina nonmetropolitan area,nonmetro,39-9011,Childcare Workers,,9.54,19850.0,7.71,8.18,8.96,10.63,12.3,16040.0,17020.0,18640.0,22100.0,25590.0,,
2017,4600002,East South Dakota nonmetropolitan area,nonmetro,39-9011,Childcare Workers,680.0,9.93,20640.0,8.93,9.15,9.47,10.59,11.79,18580.0,19030.0,19690.0,22020.0,24520.0,,
2017,4600003,West South Dakota nonmetropolitan area,nonmetro,39-9011,Childcare Workers,330.0,10.01,20810.0,8.89,9.09,9.38,10.07,11.86,18490.0,18900.0,19510.0,20940.0,24670.0,,
2017,4700001,West Tennessee nonmetropolitan area,nonmetro,39-9011,Childcare Workers,270.0,9.1,18920.0,7.85,8.23,8.87,9.52,11.45,16320.0,17120.0,18460.0,19800.0,23830.0,,
2017,4700002,South Central Tennessee nonmetropolitan area,nonmetro,39-9011,Childcare Workers,130.0,8.95,18620.0,7.78,8.15,8.78,9.44,11.07,16180.0,16960.0,18250.0,19640.0,23020.0,,
2017,4700003,North Central Tennessee nonmetropolitan area,nonmetro,39-9011,Childcare Workers,190.0,10.2,21220.0,8.15,8.88,10.07,11.53,12.62,16950.0,18470.0,20950.0,23980.0,26250.0,,
2017,4700004,East Tennessee nonmetropolitan area,nonmetro,39-9011,Childcare Workers,390.0,9.81,20400.0,7.82,8.26,9.01,10.3,14.7,16260.0,17190.0,18740.0,21420.0,30570.0,,
2017,4800001,West Texas Region of Texas nonmetropolitan area,nonmetro,39-9011,Childcare Workers,460.0,9.16,19060.0,7.79,8.21,8.89,9.76,11.58,16210.0,17070.0,18490.0,20310.0,24080.0,,
2017,4800002,North Texas Region of Texas nonmetropolitan area,nonmetro,39-9011,Childcare Workers,870.0,9.08,18880.0,7.84,8.23,8.87,9.54,11.42,16310.0,17110.0,18450.0,19850.0,23750.0,,
2017,4800003,Big Thicket Region of Texas nonmetropolitan area,nonmetro,39-9011,Childcare Workers,460.0,9.32,19390.0,7.8,8.2,8.87,9.67,12.81,16230.0,17060.0,18450.0,20120.0,26650.0,,
2017,4800004,Hill Country Region of Texas nonmetropolitan area,nonmetro,39-9011,Childcare Workers,1300.0,9.81,20410.0,7.93,8.4,9.17,10.46,13.36,16500.0,17470.0,19080.0,21760.0,27800.0,,
2017,4800005,Border Region of Texas nonmetropolitan area,nonmetro,39-9011,Childcare Workers,210.0,10.98,22830.0,8.06,8.86,11.12,13.21,14.25,16760.0,18430.0,23130.0,27480.0,29640.0,,
2017,4800006,Coastal Plains Region of Texas nonmetropolitan area,nonmetro,39-9011,Childcare Workers,780.0,8.98,18680.0,7.67,8.07,8.7,9.37,11.57,15960.0,16780.0,18090.0,19490.0,24070.0,,
2017,4900001,Wasatch Back nonmetropolitan area,nonmetro,39-9011,Childcare Workers,260.0,11.49,23890.0,8.1,9.02,10.68,13.31,16.76,16850.0,18760.0,22220.0,27690.0,34870.0,,
2017,4900002,Central Utah nonmetropolitan area,nonmetro,39-9011,Childcare Workers,120.0,11.92,24800.0,7.95,8.66,11.29,14.85,17.76,16540.0,18020.0,23490.0,30880.0,36930.0,,
2017,4900003,Southwest Utah nonmetropolitan area,nonmetro,39-9011,Childcare Workers,,9.75,20280.0,8.13,8.67,9.46,10.27,11.25,16900.0,18030.0,19670.0,21370.0,23400.0,,
2017,4900004,Eastern Utah nonmetropolitan area,nonmetro,39-9011,Childcare Workers,110.0,10.15,21100.0,7.78,8.38,9.51,11.68,13.8,16190.0,17440.0,19780.0,24290.0,28710.0,,
2017,5000001,Southern Vermont nonmetropolitan area,nonmetro,39-9011,Childcare Workers,,13.31,27690.0,10.12,10.74,11.78,15.62,18.69,21050.0,22350.0,24510.0,32490.0,38870.0,,
2017,5000002,Northern Vermont nonmetropolitan area,nonmetro,39-9011,Childcare Workers,240.0,14.73,30650.0,10.5,12.52,14.69,17.32,19.04,21840.0,26030.0,30550.0,36030.0,39600.0,,
2017,5100001,Southwest Virginia nonmetropolitan area,nonmetro,39-9011,Childcare Workers,140.0,10.99,22850.0,7.87,8.53,10.12,12.41,15.02,16370.0,17750.0,21050.0,25810.0,31250.0,,
2017,5100002,Southside Virginia nonmetropolitan area,nonmetro,39-9011,Childcare Workers,230.0,8.79,18280.0,7.69,8.06,8.65,9.23,10.41,16000.0,16770.0,17990.0,19210.0,21640.0,,
2017,5100003,Northeast Virginia nonmetropolitan area,nonmetro,39-9011,Childcare Workers,230.0,9.29,19320.0,7.85,8.26,8.96,9.77,11.48,16320.0,17180.0,18630.0,20320.0,23890.0,,
2017,5100004,Northwest Virginia nonmetropolitan area,nonmetro,39-9011,Childcare Workers,150.0,9.83,20440.0,7.98,8.45,9.25,10.85,13.37,16590.0,17580.0,19240.0,22560.0,27810.0,,
2017,5300001,Northwest Washington nonmetropolitan area,nonmetro,39-9011,Childcare Workers,100.0,13.74,28580.0,11.22,11.87,13.15,14.96,17.98,23330.0,24690.0,27340.0,31110.0,37410.0,,
2017,5300002,Southwest Washington nonmetropolitan area,nonmetro,39-9011,Childcare Workers,350.0,12.99,27010.0,11.28,11.68,12.38,14.05,15.37,23450.0,24280.0,25750.0,29220.0,31960.0,,
2017,5300003,Central Washington nonmetropolitan area,nonmetro,39-9011,Childcare Workers,140.0,12.6,26210.0,11.19,11.46,11.92,12.53,15.41,23280.0,23840.0,24790.0,26070.0,32040.0,,
2017,5300004,East Washington nonmetropolitan area,nonmetro,39-9011,Childcare Workers,80.0,12.56,26130.0,11.21,11.52,12.02,12.6,15.09,23320.0,23950.0,25000.0,26210.0,31380.0,,
2017,5400001,Southern West Virginia nonmetropolitan area,nonmetro,39-9011,Childcare Workers,330.0,10.54,21930.0,9.12,9.48,10.3,11.29,12.11,18960.0,19720.0,21430.0,23470.0,25190.0,,
2017,5400002,Northern West Virginia nonmetropolitan area,nonmetro,39-9011,Childcare Workers,,9.89,20570.0,9.1,9.21,9.38,9.64,11.44,18940.0,19150.0,19520.0,20040.0,23780.0,,
2017,5500001,Northwestern Wisconsin nonmetropolitan area,nonmetro,39-9011,Childcare Workers,,9.64,20060.0,8.02,8.4,9.05,9.7,14.04,16670.0,17480.0,18830.0,20180.0,29200.0,,
2017,5500002,Northeastern Wisconsin nonmetropolitan area,nonmetro,39-9011,Childcare Workers,420.0,10.35,21520.0,8.03,8.59,9.54,11.57,15.09,16710.0,17870.0,19850.0,24060.0,31390.0,,
2017,5500003,South Central Wisconsin nonmetropolitan area,nonmetro,39-9011,Childcare Workers,260.0,9.53,19830.0,7.92,8.37,9.12,10.44,12.47,16470.0,17400.0,18960.0,21720.0,25940.0,,
2017,5500004,Western Wisconsin nonmetropolitan area,nonmetro,39-9011,Childcare Workers,,11.94,24820.0,8.75,10.22,12.01,13.62,14.69,18190.0,21250.0,24970.0,28330.0,30550.0,,
2017,5600001,Northwest Wyoming nonmetropolitan area,nonmetro,39-9011,Childcare Workers,200.0,10.52,21880.0,8.14,8.97,10.07,11.38,13.64,16930.0,18660.0,20950.0,23670.0,28370.0,,
2017,5600002,Southwest Wyoming nonmetropolitan area,nonmetro,39-9011,Childcare Workers,,13.56,28200.0,10.27,11.46,13.26,15.03,17.93,21360.0,23830.0,27570.0,31260.0,37290.0,,
2017,5600003,Northeast Wyoming nonmetropolitan area,nonmetro,39-9011,Childcare Workers,380.0,11.94,24840.0,8.66,10.0,11.56,13.69,16.02,18000.0,20800.0,24050.0,28470.0,33320.0,,
2017,5600004,Central-Southeast Wyoming nonmetropolitan area,nonmetro,39-9011,Childcare Workers,430.0,11.87,24690.0,8.46,9.78,11.23,13.98,16.76,17600.0,20330.0,23370.0,29070.0,34870.0,,
2017,7200002,East Puerto Rico nonmetropolitan area,nonmetro,39-9011,Childcare Workers,30.0,8.64,17980.0,7.89,8.22,8.78,9.33,9.66,16420.0,17110.0,18260.0,19410.0,20100.0,,
2018,0010180,"Abilene, TX",metro,39-9011,Childcare Workers,280.0,9.25,19240.0,7.92,8.33,9.02,9.85,11.41,16480.0,17330.0,18750.0,20480.0,23730.0,,
2018,0010380,"Aguadilla-Isabela, PR",metro,39-9011,Childcare Workers,50.0,8.5,17680.0,7.78,8.11,8.65,9.18,9.56,16190.0,16870.0,17980.0,19090.0,19880.0,,
2018,0010420,"Akron, OH",metro,39-9011,Childcare Workers,,11.85,24650.0,8.82,9.31,10.93,14.02,16.98,18350.0,19360.0,22740.0,29170.0,35330.0,,
2018,0010500,"Albany, GA",metro,39-9011,Childcare Workers,,9.08,18890.0,7.88,8.26,8.91,9.6,11.33,16380.0,17190.0,18530.0,19970.0,23570.0,,
2018,0010540,"Albany, OR",metro,39-9011,Childcare Workers,110.0,12.11,25190.0,10.46,10.89,11.59,12.5,15.39,21760.0,22640.0,24110.0,25990.0,32010.0,,
2018,0010580,"Albany-Schenectady-Troy, NY",metro,39-9011,Childcare Workers,3460.0,12.96,26960.0,10.41,10.73,11.79,14.32,17.7,21640.0,22320.0,24520.0,29790.0,36810.0,,
2018,0010740,"Albuquerque, NM",metro,39-9011,Childcare Workers,1040.0,11.15,23190.0,8.31,8.83,9.7,12.58,17.32,17280.0,18360.0,20170.0,26170.0,36020.0,,
2018,0010780,"Alexandria, LA",metro,39-9011,Childcare Workers,480.0,9.89,20570.0,7.89,8.37,9.15,10.81,13.78,16420.0,17400.0,19030.0,22480.0,28660.0,,
2018,0010900,"Allentown-Bethlehem-Easton, PA-NJ",metro,39-9011,Childcare Workers,1710.0,11.49,23910.0,8.42,9.36,10.91,13.3,15.1,17510.0,19460.0,22700.0,27660.0,31410.0,,
2018,0011020,"Altoona, PA",metro,39-9011,Childcare Workers,200.0,9.12,18970.0,7.75,8.19,8.91,9.81,11.27,16120.0,17040.0,18540.0,20410.0,23440.0,,
2018,0011100,"Amarillo, TX",metro,39-9011,Childcare Workers,440.0,9.19,19110.0,7.82,8.26,8.98,9.9,11.41,16260.0,17190.0,18670.0,20600.0,23730.0,,
2018,0011180,"Ames, IA",metro,39-9011,Childcare Workers,250.0,8.97,18650.0,7.68,8.09,8.75,9.48,11.27,15980.0,16820.0,18190.0,19710.0,23430.0,,
2018,0011260,"Anchorage, AK",metro,39-9011,Childcare Workers,970.0,13.27,27600.0,10.5,11.23,12.85,14.62,17.06,21840.0,23360.0,26720.0,30420.0,35480.0,,
2018,0011460,"Ann Arbor, MI",metro,39-9011,Childcare Workers,560.0,11.1,23080.0,9.45,9.9,10.82,11.75,12.68,19650.0,20590.0,22510.0,24450.0,26380.0,,
2018,0011500,"Anniston-Oxford-Jacksonville, AL",metro,39-9011,Childcare Workers,170.0,9.13,19000.0,7.85,8.22,8.82,9.42,10.34,16320.0,17100.0,18340.0,19600.0,21500.0,,
2018,0011540,"Appleton, WI",metro,39-9011,Childcare Workers,290.0,9.94,20670.0,7.77,8.24,8.99,12.09,14.19,16160.0,17140.0,18690.0,25150.0,29520.0,,
2018,0011640,"Arecibo, PR",metro,39-9011,Childcare Workers,60.0,8.65,17990.0,7.98,8.3,8.83,9.37,9.7,16590.0,17260.0,18370.0,19490.0,20170.0,,
2018,0011700,"Asheville, NC",metro,39-9011,Childcare Workers,1000.0,11.84,24630.0,8.5,9.77,11.56,13.63,15.32,17680.0,20330.0,24050.0,28360.0,31870.0,,
2018,0012020,"Athens-Clarke County, GA",metro,39-9011,Childcare Workers,240.0,10.08,20960.0,8.01,8.61,9.67,11.43,13.29,16660.0,17910.0,20120.0,23770.0,27630.0,,
2018,0012060,"Atlanta-Sandy Springs-Roswell, GA",metro,39-9011,Childcare Workers,8800.0,11.01,22910.0,7.99,8.65,9.85,11.92,16.64,16620.0,17990.0,20480.0,24790.0,34610.0,,
2018,0012100,"Atlantic City-Hammonton, NJ",metro,39-9011,Childcare Workers,250.0,12.22,25430.0,9.34,10.14,11.84,13.81,15.59,19430.0,21090.0,24620.0,28720.0,32420.0,,
2018,0012220,"Auburn-Opelika, AL",metro,39-9011,Childcare Workers,480.0,9.54,19840.0,7.81,8.29,9.06,10.65,12.3,16240.0,17240.0,18840.0,22150.0,25590.0,,
2018,0012260,"Augusta-Richmond County, GA-SC",metro,39-9011,Childcare Workers,830.0,9.31,19370.0,7.88,8.31,9.0,9.8,11.67,16400.0,17280.0,18720.0,20390.0,24280.0,,
2018,0012420,"Austin-Round Rock, TX",metro,39-9011,Childcare Workers,4650.0,11.71,24360.0,8.39,9.51,11.23,13.22,15.19,17450.0,19790.0,23360.0,27500.0,31600.0,,
2018,0012540,"Bakersfield, CA",metro,39-9011,Childcare Workers,1280.0,13.07,27180.0,10.83,11.29,12.11,14.27,16.89,22540.0,23470.0,25180.0,29680.0,35120.0,,
2018,0012580,"Baltimore-Columbia-Towson, MD",metro,39-9011,Childcare Workers,4470.0,11.81,24560.0,9.45,9.8,11.0,12.65,15.13,19650.0,20380.0,22870.0,26320.0,31470.0,,
2018,0012940,"Baton Rouge, LA",metro,39-9011,Childcare Workers,1860.0,9.43,19620.0,7.94,8.39,9.15,10.07,11.48,16510.0,17450.0,19030.0,20950.0,23890.0,,
2018,0012980,"Battle Creek, MI",metro,39-9011,Childcare Workers,350.0,11.04,22950.0,9.47,9.82,10.65,11.56,13.36,19690.0,20430.0,22150.0,24040.0,27790.0,,
2018,0013020,"Bay City, MI",metro,39-9011,Childcare Workers,150.0,9.8,20380.0,9.31,9.41,9.59,9.86,10.79,19370.0,19570.0,19940.0,20510.0,22450.0,,
2018,0013140,"Beaumont-Port Arthur, TX",metro,39-9011,Childcare Workers,640.0,9.92,20640.0,7.9,8.45,9.39,11.13,13.08,16430.0,17580.0,19540.0,23150.0,27200.0,,
2018,0013220,"Beckley, WV",metro,39-9011,Childcare Workers,140.0,10.09,20980.0,9.19,9.44,9.73,10.5,11.65,19110.0,19630.0,20240.0,21830.0,24240.0,,
2018,0013380,"Bellingham, WA",metro,39-9011,Childcare Workers,230.0,12.81,26640.0,11.71,12.01,12.51,13.49,14.81,24350.0,24990.0,26030.0,28050.0,30800.0,,
2018,0013460,"Bend-Redmond, OR",metro,39-9011,Childcare Workers,120.0,13.13,27320.0,10.6,11.17,12.15,14.85,17.77,22040.0,23240.0,25280.0,30890.0,36960.0,,
2018,0013740,"Billings, MT",metro,39-9011,Childcare Workers,630.0,10.65,22160.0,8.87,9.4,10.31,11.52,13.31,18450.0,19550.0,21440.0,23950.0,27690.0,,
2018,0013780,"Binghamton, NY",metro,39-9011,Childcare Workers,580.0,13.2,27460.0,10.61,11.28,12.61,14.69,17.19,22060.0,23460.0,26230.0,30550.0,35760.0,,
2018,0013820,"Birmingham-Hoover, AL",metro,39-9011,Childcare Workers,1870.0,10.04,20880.0,7.94,8.44,9.27,11.27,13.87,16510.0,17560.0,19290.0,23440.0,28850.0,,
2018,0013900,"Bismarck, ND",metro,39-9011,Childcare Workers,620.0,11.41,23730.0,8.9,9.93,10.98,12.14,15.23,18510.0,20660.0,22830.0,25250.0,31670.0,,
2018,0013980,"Blacksburg-Christiansburg-Radford, VA",metro,39-9011,Childcare Workers,460.0,9.58,19920.0,7.81,8.29,9.1,10.64,12.06,16230.0,17240.0,18920.0,22130.0,25080.0,,
2018,0014010,"Bloomington, IL",metro,39-9011,Childcare Workers,330.0,9.73,20240.0,8.84,9.05,9.36,9.69,11.21,18390.0,18820.0,19470.0,20150.0,23320.0,,
2018,0014020,"Bloomington, IN",metro,39-9011,Childcare Workers,190.0,9.22,19190.0,7.96,8.36,9.02,9.68,11.65,16560.0,17380.0,18750.0,20140.0,24230.0,,
2018,0014100,"Bloomsburg-Berwick, PA",metro,39-9011,Childcare Workers,200.0,9.46,19680.0,7.88,8.33,9.07,10.21,12.31,16390.0,17330.0,18870.0,21240.0,25610.0,,
2018,0014260,"Boise City, ID",metro,39-9011,Childcare Workers,690.0,10.2,21220.0,8.04,8.68,9.68,11.6,13.49,16730.0,18050.0,20120.0,24120.0,28050.0,,
2018,0014500,"Boulder, CO",metro,39-9011,Childcare Workers,700.0,14.57,30310.0,10.6,11.59,13.62,16.65,19.36,22050.0,24100.0,28340.0,34640.0,40280.0,,
2018,0014540,"Bowling Green, KY",metro,39-9011,Childcare Workers,410.0,9.39,19530.0,7.96,8.43,9.21,10.37,11.66,16550.0,17530.0,19160.0,21580.0,24250.0,,
2018,0014740,"Bremerton-Silverdale, WA",metro,39-9011,Childcare Workers,150.0,14.64,30460.0,11.59,11.72,12.24,16.45,18.97,24110.0,24370.0,25460.0,34210.0,39460.0,,
2018,0015180,"Brownsville-Harlingen, TX",metro,39-9011,Childcare Workers,780.0,9.18,19090.0,7.87,8.27,8.93,9.64,11.36,16360.0,17200.0,18560.0,20060.0,23630.0,,
2018,0015260,"Brunswick, GA",metro,39-9011,Childcare Workers,110.0,10.47,21770.0,7.97,8.49,9.35,11.16,15.91,16590.0,17660.0,19460.0,23220.0,33090.0,,
2018,0015380,"Buffalo-Cheektowaga-Niagara Falls, NY",metro,39-9011,Childcare Workers,3140.0,11.72,24390.0,10.41,10.63,11.28,11.95,13.89,21650.0,22110.0,23450.0,24850.0,28900.0,,
2018,0015500,"Burlington, NC",metro,39-9011,Childcare Workers,290.0,10.53,21910.0,8.07,8.72,9.92,11.85,14.19,16790.0,18140.0,20630.0,24660.0,29510.0,,
2018,0015680,"California-Lexington Park, MD",metro,39-9011,Childcare Workers,140.0,11.68,24290.0,9.4,9.65,10.65,12.38,15.41,19550.0,20060.0,22150.0,25740.0,32060.0,,
2018,0015940,"Canton-Massillon, OH",metro,39-9011,Childcare Workers,560.0,10.97,22810.0,8.9,9.24,9.9,12.02,14.94,18500.0,19230.0,20600.0,25010.0,31070.0,,
2018,0015980,"Cape Coral-Fort Myers, FL",metro,39-9011,Childcare Workers,680.0,10.68,22220.0,8.83,9.3,10.25,11.6,12.93,18370.0,19350.0,21320.0,24130.0,26890.0,,
2018,0016020,"Cape Girardeau, MO-IL",metro,39-9011,Childcare Workers,240.0,10.0,20800.0,8.32,8.7,9.36,10.74,13.1,17300.0,18100.0,19470.0,22340.0,27250.0,,
2018,0016060,"Carbondale-Marion, IL",metro,39-9011,Childcare Workers,240.0,11.27,23430.0,9.05,9.41,10.3,12.22,15.86,18820.0,19580.0,21420.0,25420.0,32990.0,,
2018,0016180,"Carson City, NV",metro,39-9011,Childcare Workers,100.0,10.43,21680.0,7.87,8.43,9.37,11.04,13.68,16360.0,17530.0,19490.0,22970.0,28450.0,,
2018,0016220,"Casper, WY",metro,39-9011,Childcare Workers,240.0,11.29,23490.0,8.37,9.64,11.16,13.01,14.84,17410.0,20060.0,23220.0,27060.0,30870.0,,
2018,0016300,"Cedar Rapids, IA",metro,39-9011,Childcare Workers,820.0,11.72,24380.0,8.33,9.31,11.06,13.51,16.84,17340.0,19360.0,23010.0,28100.0,35030.0,,
2018,0016540,"Chambersburg-Waynesboro, PA",metro,39-9011,Childcare Workers,260.0,8.73,18170.0,7.55,7.93,8.56,9.19,11.06,15700.0,16490.0,17800.0,19110.0,23000.0,,
2018,0016580,"Champaign-Urbana, IL",metro,39-9011,Childcare Workers,380.0,11.76,24470.0,8.95,9.58,10.97,13.1,15.86,18620.0,19920.0,22810.0,27250.0,33000.0,,
2018,0016620,"Charleston, WV",metro,39-9011,Childcare Workers,310.0,10.24,21290.0,8.96,9.2,9.58,10.78,12.61,18630.0,19130.0,19930.0,22430.0,26220.0,,
2018,0016700,"Charleston-North Charleston, SC",metro,39-9011,Childcare Workers,1700.0,10.12,21060.0,7.98,8.56,9.57,11.76,13.42,16600.0,17800.0,19900.0,24460.0,27920.0,,
2018,0016740,"Charlotte-Concord-Gastonia, NC-SC",metro,39-9011,Childcare Workers,5190.0,11.32,23540.0,8.3,9.33,10.98,12.8,14.64,17250.0,19400.0,22830.0,26630.0,30460.0,,
2018,0016820,"Charlottesville, VA",metro,39-9011,Childcare Workers,520.0,11.73,24410.0,8.18,9.0,10.7,14.02,17.36,17020.0,18730.0,22250.0,29150.0,36110.0,,
2018,0016860,"Chattanooga, TN-GA",metro,39-9011,Childcare Workers,940.0,10.22,21260.0,8.03,8.68,9.88,11.61,12.95,16710.0,18050.0,20550.0,24140.0,26930.0,,
2018,0016940,"Cheyenne, WY",metro,39-9011,Childcare Workers,,9.37,19490.0,7.85,8.24,8.86,9.57,11.91,16320.0,17140.0,18430.0,19910.0,24780.0,,
2018,0016980,"Chicago-Naperville-Elgin, IL-IN-WI",metro,39-9011,Childcare Workers,13450.0,11.7,24330.0,8.92,9.44,10.86,13.04,15.95,18550.0,19630.0,22580.0,27130.0,33190.0,,
2018,0017020,"Chico, CA",metro,39-9011,Childcare Workers,440.0,12.79,26610.0,10.7,10.71,11.59,13.95,17.39,22260.0,22280.0,24120.0,29010.0,36180.0,,
2018,0017140,"Cincinnati, OH-KY-IN",metro,39-9011,Childcare Workers,4850.0,11.56,24050.0,8.73,9.48,11.27,13.38,15.01,18150.0,19730.0,23430.0,27830.0,31220.0,,
2018,0017300,"Clarksville, TN-KY",metro,39-9011,Childcare Workers,600.0,9.0,18720.0,7.71,8.13,8.81,9.62,11.12,16040.0,16920.0,18330.0,20010.0,23140.0,,
2018,0017420,"Cleveland, TN",metro,39-9011,Childcare Workers,150.0,8.7,18090.0,7.65,8.03,8.66,9.28,10.44,15920.0,16710.0,18000.0,19300.0,21710.0,,
2018,0017460,"Cleveland-Elyria, OH",metro,39-9011,Childcare Workers,3880.0,10.47,21770.0,8.74,9.1,9.82,11.34,12.73,18170.0,18930.0,20420.0,23590.0,26490.0,,
2018,0017660,"Coeur d'Alene, ID",metro,39-9011,Childcare Workers,120.0,11.18,23250.0,8.61,9.88,11.16,12.36,13.78,17900.0,20540.0,23210.0,25700.0,28660.0,,
2018,0017780,"College Station-Bryan, TX",metro,39-9011,Childcare Workers,340.0,9.85,20500.0,7.71,8.19,8.94,10.6,14.5,16030.0,17040.0,18600.0,22050.0,30150.0,,
2018,0017820,"Colorado Springs, CO",metro,39-9011,Childcare Workers,,12.93,26890.0,10.2,10.23,11.49,14.55,18.15,21220.0,21290.0,23890.0,30260.0,37750.0,,
2018,0017860,"Columbia, MO",metro,39-9011,Childcare Workers,620.0,11.59,24110.0,8.29,8.8,9.82,15.13,18.07,17240.0,18310.0,20420.0,31470.0,37590.0,,
2018,0017900,"Columbia, SC",metro,39-9011,Childcare Workers,850.0,10.05,20900.0,8.12,8.64,9.48,10.93,12.77,16890.0,17960.0,19710.0,22730.0,26570.0,,
2018,0017980,"Columbus, GA-AL",metro,39-9011,Childcare Workers,440.0,10.78,22420.0,8.03,8.66,9.85,11.97,15.12,16700.0,18010.0,20490.0,24890.0,31440.0,,
2018,0018140,"Columbus, OH",metro,39-9011,Childcare Workers,4470.0,10.98,22830.0,8.83,9.19,9.88,12.39,14.78,18360.0,19120.0,20540.0,25770.0,30740.0,,
2018,0018580,"Corpus Christi, TX",metro,39-9011,Childcare Workers,990.0,9.54,19840.0,7.91,8.46,9.43,10.65,11.61,16460.0,17590.0,19610.0,22150.0,24150.0,,
2018,0018700,"Corvallis, OR",metro,39-9011,Childcare Workers,120.0,11.5,23920.0,10.43,10.78,11.36,11.96,12.36,21700.0,22420.0,23620.0,24870.0,25710.0,,
2018,0018880,"Crestview-Fort Walton Beach-Destin, FL",metro,39-9011,Childcare Workers,440.0,10.99,22850.0,8.8,9.15,9.74,11.79,15.37,18310.0,19030.0,20270.0,24520.0,31970.0,,
2018,0019060,"Cumberland, MD-WV",metro,39-9011,Childcare Workers,120.0,11.54,24010.0,9.37,9.5,9.83,11.5,17.9,19480.0,19760.0,20450.0,23930.0,37240.0,,
2018,0019100,"Dallas-Fort Worth-Arlington, TX",metro,39-9011,Childcare Workers,12500.0,10.82,22510.0,8.01,8.61,9.7,11.91,14.56,16660.0,17920.0,20170.0,24780.0,30290.0,,
2018,0019140,"Dalton, GA",metro,39-9011,Childcare Workers,,11.08,23050.0,8.75,9.73,10.89,12.3,13.92,18200.0,20240.0,22640.0,25580.0,28960.0,,
2018,0019180,"Danville, IL",metro,39-9011,Childcare Workers,90.0,13.24,27540.0,8.95,9.41,11.67,17.61,19.44,18610.0,19570.0,24280.0,36620.0,40430.0,,
2018,0019300,"Daphne-Fairhope-Foley, AL",metro,39-9011,Childcare Workers,230.0,8.63,17940.0,7.7,8.08,8.65,9.22,9.79,16020.0,16820.0,18000.0,19170.0,20370.0,,
2018,0019340,"Davenport-Moline-Rock Island, IA-IL",metro,39-9011,Childcare Workers,660.0,10.75,22370.0,8.33,8.95,9.94,11.85,14.86,17320.0,18610.0,20670.0,24640.0,30910.0,,
2018,0019380,"Dayton, OH",metro,39-9011,Childcare Workers,930.0,11.26,23430.0,8.75,9.13,10.07,12.65,15.02,18200.0,19000.0,20950.0,26310.0,31230.0,,
2018,0019460,"Decatur, AL",metro,39-9011,Childcare Workers,200.0,8.54,17760.0,7.8,8.14,8.68,9.22,9.59,16220.0,16930.0,18050.0,19170.0,19950.0,,
2018,0019500,"Decatur, IL",metro,39-9011,Childcare Workers,50.0,9.71,20190.0,8.59,9.04,9.47,9.98,11.23,17880.0,18810.0,19700.0,20750.0,23350.0,,
2018,0019660,"Deltona-Daytona Beach-Ormond Beach, FL",metro,39-9011,Childcare Workers,520.0,11.1,23090.0,8.84,9.39,10.44,11.63,14.05,18380.0,19540.0,21710.0,24190.0,29220.0,,
2018,0019740,"Denver-Aurora-Lakewood, CO",metro,39-9011,Childcare Workers,5860.0,13.92,28950.0,10.28,11.34,13.14,15.14,19.07,21380.0,23580.0,27330.0,31490.0,39660.0,,
2018,0019780,"Des Moines-West Des Moines, IA",metro,39-9011,Childcare Workers,2290.0,11.92,24790.0,8.15,8.99,12.27,14.45,15.92,16950.0,18690.0,25520.0,30060.0,33110.0,,
2018,0019820,"Detroit-Warren-Dearborn, MI",metro,39-9011,Childcare Workers,7510.0,11.5,23920.0,9.36,9.58,10.62,12.13,14.66,19460.0,19920.0,22080.0,25230.0,30490.0,,
2018,0020020,"Dothan, AL",metro,39-9011,Childcare Workers,,8.7,18090.0,7.75,8.11,8.69,9.28,9.81,16120.0,16860.0,18070.0,19290.0,20400.0,,
2018,0020100,"Dover, DE",metro,39-9011,Childcare Workers,50.0,12.19,25360.0,8.91,9.23,9.88,13.58,19.15,18520.0,19200.0,20550.0,28250.0,39820.0,,
2018,0020220,"Dubuque, IA",metro,39-9011,Childcare Workers,250.0,9.12,18980.0,7.65,8.12,8.81,9.78,11.49,15920.0,16880.0,18320.0,20340.0,23900.0,,
2018,0020260,"Duluth, MN-WI",metro,39-9011,Childcare Workers,340.0,12.57,26140.0,10.35,10.95,11.98,13.48,15.78,21530.0,22790.0,24920.0,28050.0,32830.0,,
2018,0020500,"Durham-Chapel Hill, NC",metro,39-9011,Childcare Workers,1140.0,12.25,25490.0,8.31,9.31,11.66,14.2,17.83,17280.0,19360.0,24260.0,29530.0,37080.0,,
2018,0020700,"East Stroudsburg, PA",metro,39-9011,Childcare Workers,130.0,9.12,18970.0,7.84,8.24,8.89,9.59,11.22,16310.0,17140.0,18490.0,19940.0,23340.0,,
2018,0020740,"Eau Claire, WI",metro,39-9011,Childcare Workers,120.0,10.91,22700.0,8.17,8.99,10.53,12.57,14.37,16990.0,18700.0,21900.0,26140.0,29890.0,,
2018,0020940,"El Centro, CA",metro,39-9011,Childcare Workers,310.0,12.21,25390.0,10.75,11.07,11.59,12.59,15.0,22360.0,23020.0,24110.0,26190.0,31210.0,,
2018,0021060,"Elizabethtown-Fort Knox, KY",metro,39-9011,Childcare Workers,440.0,10.17,21150.0,8.06,8.74,9.77,11.37,13.17,16770.0,18180.0,20330.0,23650.0,27380.0,,
2018,0021140,"Elkhart-Goshen, IN",metro,39-9011,Childcare Workers,,11.17,23240.0,8.07,8.99,10.69,12.12,15.14,16790.0,18690.0,22230.0,25200.0,31500.0,,
2018,0021300,"Elmira, NY",metro,39-9011,Childcare Workers,80.0,11.24,23380.0,10.41,10.57,11.15,11.72,12.19,21640.0,21990.0,23190.0,24380.0,25360.0,,
2018,0021340,"El Paso, TX",metro,39-9011,Childcare Workers,1110.0,8.99,18690.0,7.84,8.22,8.83,9.47,10.77,16310.0,17090.0,18360.0,19690.0,22400.0,,
2018,0021420,"Enid, OK",metro,39-9011,Childcare Workers,110.0,8.95,18620.0,7.82,8.22,8.84,9.47,10.89,16270.0,17090.0,18390.0,19700.0,22650.0,,
2018,0021500,"Erie, PA",metro,39-9011,Childcare Workers,660.0,11.02,22920.0,8.12,8.81,10.13,13.0,15.4,16880.0,18320.0,21070.0,27050.0,32020.0,,
2018,0021660,"Eugene, OR",metro,39-9011,Childcare Workers,620.0,12.73,26480.0,10.22,10.85,11.97,14.38,16.67,21260.0,22580.0,24900.0,29920.0,34670.0,,
2018,0021780,"Evansville, IN-KY",metro,39-9011,Childcare Workers,590.0,9.98,20760.0,8.11,8.72,9.81,11.18,12.12,16870.0,18140.0,20400.0,23250.0,25200.0,,
2018,0021820,"Fairbanks, AK",metro,39-9011,Childcare Workers,150.0,16.62,34570.0,11.02,12.96,16.66,19.64,22.98,22920.0,26960.0,34660.0,40850.0,47810.0,,
2018,0022020,"Fargo, ND-MN",metro,39-9011,Childcare Workers,990.0,11.99,24940.0,9.37,10.25,11.25,12.42,16.47,19500.0,21330.0,23410.0,25830.0,34250.0,,
2018,0022140,"Farmington, NM",metro,39-9011,Childcare Workers,260.0,10.44,21720.0,8.3,8.99,10.13,11.41,12.34,17270.0,18690.0,21070.0,23730.0,25670.0,,
2018,0022180,"Fayetteville, NC",metro,39-9011,Childcare Workers,620.0,10.21,21240.0,7.85,8.4,9.32,11.41,14.64,16320.0,17470.0,19390.0,23740.0,30440.0,,
2018,0022220,"Fayetteville-Springdale-Rogers, AR-MO",metro,39-9011,Childcare Workers,1220.0,9.88,20540.0,8.81,9.0,9.35,10.1,11.76,18330.0,18720.0,19440.0,21020.0,24460.0,,
2018,0022380,"Flagstaff, AZ",metro,39-9011,Childcare Workers,110.0,12.22,25420.0,10.51,10.86,11.45,12.19,14.56,21860.0,22590.0,23810.0,25360.0,30290.0,,
2018,0022420,"Flint, MI",metro,39-9011,Childcare Workers,800.0,10.86,22600.0,9.36,9.55,10.25,11.68,13.34,19460.0,19860.0,21310.0,24290.0,27750.0,,
2018,0022500,"Florence, SC",metro,39-9011,Childcare Workers,400.0,9.24,19220.0,7.84,8.26,8.92,9.7,11.87,16310.0,17170.0,18560.0,20170.0,24690.0,,
2018,0022520,"Florence-Muscle Shoals, AL",metro,39-9011,Childcare Workers,210.0,9.07,18860.0,7.85,8.25,8.89,9.56,10.91,16320.0,17150.0,18500.0,19880.0,22690.0,,
2018,0022540,"Fond du Lac, WI",metro,39-9011,Childcare Workers,100.0,10.17,21150.0,8.12,8.75,9.78,11.44,12.62,16890.0,18190.0,20340.0,23790.0,26240.0,,
2018,0022660,"Fort Collins, CO",metro,39-9011,Childcare Workers,280.0,13.62,28320.0,10.21,10.64,12.81,15.62,18.23,21230.0,22120.0,26650.0,32490.0,37920.0,,
2018,0022900,"Fort Smith, AR-OK",metro,39-9011,Childcare Workers,400.0,9.65,20080.0,8.55,8.88,9.23,10.04,11.72,17780.0,18470.0,19190.0,20890.0,24380.0,,
2018,0023060,"Fort Wayne, IN",metro,39-9011,Childcare Workers,490.0,9.98,20760.0,7.84,8.36,9.2,11.37,13.72,16310.0,17390.0,19140.0,23650.0,28530.0,,
2018,0023420,"Fresno, CA",metro,39-9011,Childcare Workers,1390.0,12.68,26370.0,10.77,11.19,11.9,13.75,15.43,22390.0,23280.0,24760.0,28600.0,32090.0,,
2018,0023460,"Gadsden, AL",metro,39-9011,Childcare Workers,100.0,8.66,18010.0,7.83,8.18,8.75,9.32,9.78,16290.0,17020.0,18190.0,19390.0,20340.0,,
2018,0023540,"Gainesville, FL",metro,39-9011,Childcare Workers,560.0,11.44,23780.0,8.99,9.54,10.62,12.07,14.69,18700.0,19840.0,22090.0,25100.0,30560.0,,
2018,0023580,"Gainesville, GA",metro,39-9011,Childcare Workers,200.0,9.35,19450.0,7.86,8.26,8.91,9.69,12.7,16340.0,17180.0,18520.0,20150.0,26420.0,,
2018,0023900,"Gettysburg, PA",metro,39-9011,Childcare Workers,,10.95,22770.0,9.19,9.89,10.81,11.72,13.47,19110.0,20580.0,22480.0,24380.0,28020.0,,
2018,0024020,"Glens Falls, NY",metro,39-9011,Childcare Workers,140.0,13.15,27350.0,10.74,11.44,12.34,14.19,17.07,22340.0,23800.0,25670.0,29510.0,35510.0,,
2018,0024140,"Goldsboro, NC",metro,39-9011,Childcare Workers,130.0,11.44,23800.0,7.96,8.55,9.61,13.82,18.14,16550.0,17790.0,19990.0,28740.0,37740.0,,
2018,0024220,"Grand Forks, ND-MN",metro,39-9011,Childcare Workers,320.0,10.37,21570.0,8.51,9.51,10.05,10.22,11.66,17690.0,19770.0,20900.0,21250.0,24240.0,,
2018,0024260,"Grand Island, NE",metro,39-9011,Childcare Workers,250.0,11.26,23420.0,9.59,9.81,10.61,11.77,14.97,19950.0,20410.0,22080.0,24470.0,31140.0,,
2018,0024300,"Grand Junction, CO",metro,39-9011,Childcare Workers,170.0,12.23,25430.0,10.21,10.7,11.64,13.31,15.57,21230.0,22260.0,24220.0,27680.0,32380.0,,
2018,0024340,"Grand Rapids-Wyoming, MI",metro,39-9011,Childcare Workers,1910.0,11.3,23510.0,9.52,9.97,10.92,11.9,13.91,19810.0,20730.0,22710.0,24750.0,28920.0,,
2018,0024420,"Grants Pass, OR",metro,39-9011,Childcare Workers,,11.84,24640.0,10.49,10.91,11.62,12.42,14.06,21820.0,22700.0,24160.0,25830.0,29240.0,,
2018,0024500,"Great Falls, MT",metro,39-9011,Childcare Workers,290.0,10.41,21660.0,8.75,9.24,10.17,11.32,12.16,18190.0,19210.0,21150.0,23550.0,25290.0,,
2018,0024540,"Greeley, CO",metro,39-9011,Childcare Workers,110.0,11.52,23960.0,10.2,10.28,11.15,12.09,13.58,21230.0,21380.0,23200.0,25140.0,28250.0,,
2018,0024580,"Green Bay, WI",metro,39-9011,Childcare Workers,550.0,11.01,22890.0,8.09,8.86,10.3,12.28,15.48,16820.0,18430.0,21430.0,25550.0,32190.0,,
2018,0024660,"Greensboro-High Point, NC",metro,39-9011,Childcare Workers,1490.0,9.6,19970.0,7.85,8.37,9.22,10.85,12.09,16330.0,17400.0,19190.0,22570.0,25150.0,,
2018,0024780,"Greenville, NC",metro,39-9011,Childcare Workers,,10.47,21780.0,8.23,8.94,9.87,11.39,13.92,17120.0,18590.0,20520.0,23690.0,28940.0,,
2018,0024860,"Greenville-Anderson-Mauldin, SC",metro,39-9011,Childcare Workers,970.0,9.73,20230.0,7.85,8.36,9.19,10.73,12.21,16330.0,17380.0,19120.0,22320.0,25390.0,,
2018,0025060,"Gulfport-Biloxi-Pascagoula, MS",metro,39-9011,Childcare Workers,770.0,10.17,21160.0,7.88,8.39,9.24,11.48,14.35,16390.0,17460.0,19220.0,23870.0,29860.0,,
2018,0025180,"Hagerstown-Martinsburg, MD-WV",metro,39-9011,Childcare Workers,330.0,11.29,23490.0,9.36,9.56,10.24,11.67,14.95,19460.0,19880.0,21300.0,24270.0,31090.0,,
2018,0025220,"Hammond, LA",metro,39-9011,Childcare Workers,510.0,9.74,20250.0,7.95,8.44,9.25,10.53,11.89,16540.0,17550.0,19240.0,21900.0,24730.0,,
2018,0025260,"Hanford-Corcoran, CA",metro,39-9011,Childcare Workers,310.0,12.49,25980.0,10.83,11.25,11.97,13.67,15.04,22520.0,23400.0,24890.0,28430.0,31290.0,,
2018,0025420,"Harrisburg-Carlisle, PA",metro,39-9011,Childcare Workers,1180.0,10.55,21950.0,8.28,9.1,10.37,12.05,13.55,17230.0,18930.0,21560.0,25060.0,28170.0,,
2018,0025500,"Harrisonburg, VA",metro,39-9011,Childcare Workers,180.0,9.38,19510.0,7.79,8.26,9.02,10.36,11.85,16200.0,17170.0,18760.0,21540.0,24640.0,,
2018,0025620,"Hattiesburg, MS",metro,39-9011,Childcare Workers,300.0,8.94,18600.0,7.8,8.21,8.84,9.54,10.79,16230.0,17080.0,18390.0,19850.0,22440.0,,
2018,0025860,"Hickory-Lenoir-Morganton, NC",metro,39-9011,Childcare Workers,360.0,10.55,21950.0,7.97,8.56,9.64,11.6,14.0,16570.0,17810.0,20060.0,24140.0,29120.0,,
2018,0025940,"Hilton Head Island-Bluffton-Beaufort, SC",metro,39-9011,Childcare Workers,140.0,10.72,22290.0,8.11,8.7,9.67,12.69,15.23,16870.0,18100.0,20120.0,26400.0,31670.0,,
2018,0025980,"Hinesville, GA",metro,39-9011,Childcare Workers,130.0,9.29,19330.0,7.95,8.36,9.06,9.85,11.55,16530.0,17400.0,18840.0,20500.0,24020.0,,
2018,0026140,"Homosassa Springs, FL",metro,39-9011,Childcare Workers,,9.33,19410.0,8.66,8.91,9.27,9.65,10.33,18000.0,18540.0,19280.0,20060.0,21480.0,,
2018,0026300,"Hot Springs, AR",metro,39-9011,Childcare Workers,,9.8,20390.0,8.74,8.94,9.2,9.65,12.58,18180.0,18590.0,19140.0,20070.0,26170.0,,
2018,0026380,"Houma-Thibodaux, LA",metro,39-9011,Childcare Workers,310.0,10.2,21220.0,7.93,8.46,9.37,11.14,14.03,16500.0,17600.0,19480.0,23170.0,29170.0,,
2018,0026420,"Houston-The Woodlands-Sugar Land, TX",metro,39-9011,Childcare Workers,10780.0,11.46,23840.0,8.01,8.69,10.28,12.79,16.76,16660.0,18070.0,21380.0,26610.0,34860.0,,
2018,0026580,"Huntington-Ashland, WV-KY-OH",metro,39-9011,Childcare Workers,500.0,10.07,20940.0,8.68,9.18,9.58,10.71,11.93,18050.0,19100.0,19920.0,22270.0,24820.0,,
2018,0026620,"Huntsville, AL",metro,39-9011,Childcare Workers,600.0,9.02,18760.0,7.96,8.32,8.93,9.55,10.15,16560.0,17310.0,18570.0,19870.0,21110.0,,
2018,0026820,"Idaho Falls, ID",metro,39-9011,Childcare Workers,260.0,9.85,20490.0,8.05,8.62,9.62,11.05,12.2,16750.0,17930.0,20010.0,22980.0,25380.0,,
2018,0026900,"Indianapolis-Carmel-Anderson, IN",metro,39-9011,Childcare Workers,2770.0,10.35,21530.0,8.07,8.67,9.65,11.75,13.97,16790.0,18040.0,20080.0,24430.0,29070.0,,
2018,0026980,"Iowa City, IA",metro,39-9011,Childcare Workers,870.0,10.63,22110.0,7.95,8.7,10.31,12.02,14.16,16540.0,18090.0,21450.0,24990.0,29460.0,,
2018,0027060,"Ithaca, NY",metro,39-9011,Childcare Workers,470.0,13.05,27140.0,10.43,11.61,12.79,14.15,15.21,21690.0,24160.0,26600.0,29430.0,31630.0,,
2018,0027100,"Jackson, MI",metro,39-9011,Childcare Workers,,11.67,24270.0,9.36,9.62,10.89,12.71,15.57,19480.0,20020.0,22640.0,26440.0,32390.0,,
2018,0027140,"Jackson, MS",metro,39-9011,Childcare Workers,1650.0,9.3,19340.0,7.87,8.31,9.04,10.08,11.72,16370.0,17280.0,18800.0,20970.0,24370.0,,
2018,0027180,"Jackson, TN",metro,39-9011,Childcare Workers,260.0,8.85,18420.0,7.7,8.13,8.73,9.39,10.47,16010.0,16900.0,18170.0,19530.0,21780.0,,
2018,0027260,"Jacksonville, FL",metro,39-9011,Childcare Workers,2530.0,12.18,25340.0,9.1,9.77,11.45,13.73,16.11,18930.0,20310.0,23810.0,28570.0,33500.0,,
2018,0027340,"Jacksonville, NC",metro,39-9011,Childcare Workers,,9.09,18920.0,7.88,8.28,8.95,9.66,11.2,16390.0,17230.0,18620.0,20100.0,23290.0,,
2018,0027500,"Janesville-Beloit, WI",metro,39-9011,Childcare Workers,,10.78,22410.0,8.26,8.95,10.22,12.41,14.6,17170.0,18620.0,21270.0,25800.0,30380.0,,
2018,0027620,"Jefferson City, MO",metro,39-9011,Childcare Workers,610.0,10.82,22510.0,8.3,8.78,9.79,12.14,15.47,17250.0,18270.0,20360.0,25250.0,32170.0,,
2018,0027740,"Johnson City, TN",metro,39-9011,Childcare Workers,200.0,10.89,22650.0,7.94,8.56,9.7,12.71,14.92,16510.0,17800.0,20190.0,26440.0,31040.0,,
2018,0027780,"Johnstown, PA",metro,39-9011,Childcare Workers,440.0,9.06,18840.0,7.78,8.2,8.87,9.67,11.13,16180.0,17060.0,18450.0,20110.0,23150.0,,
2018,0027860,"Jonesboro, AR",metro,39-9011,Childcare Workers,,10.54,21920.0,8.99,9.29,9.86,11.47,13.3,18700.0,19320.0,20500.0,23860.0,27670.0,,
2018,0027900,"Joplin, MO",metro,39-9011,Childcare Workers,360.0,10.74,22350.0,8.25,8.69,9.57,12.64,15.0,17170.0,18080.0,19900.0,26280.0,31200.0,,
2018,0027980,"Kahului-Wailuku-Lahaina, HI",metro,39-9011,Childcare Workers,300.0,12.04,25040.0,10.1,10.11,11.08,12.26,16.48,21020.0,21030.0,23040.0,25500.0,34290.0,,
2018,0028020,"Kalamazoo-Portage, MI",metro,39-9011,Childcare Workers,500.0,12.23,25430.0,9.26,9.46,10.73,13.85,18.98,19260.0,19670.0,22320.0,28800.0,39480.0,,
2018,0028100,"Kankakee, IL",metro,39-9011,Childcare Workers,30.0,11.15,23200.0,9.18,10.16,11.21,12.24,13.2,19080.0,21140.0,23320.0,25450.0,27460.0,,
2018,0028140,"Kansas City, MO-KS",metro,39-9011,Childcare Workers,5260.0,10.88,22630.0,8.22,8.9,10.27,12.22,14.58,17090.0,18520.0,21350.0,25420.0,30320.0,,
2018,0028420,"Kennewick-Richland, WA",metro,39-9011,Childcare Workers,,12.29,25560.0,11.61,11.75,12.05,12.42,13.65,24140.0,24440.0,25070.0,25820.0,28400.0,,
2018,0028660,"Killeen-Temple, TX",metro,39-9011,Childcare Workers,220.0,8.57,17830.0,7.89,8.21,8.74,9.27,9.59,16410.0,17070.0,18180.0,19290.0,19950.0,,
2018,0028700,"Kingsport-Bristol-Bristol, TN-VA",metro,39-9011,Childcare Workers,200.0,9.55,19860.0,7.86,8.38,9.24,10.64,11.79,16340.0,17420.0,19210.0,22140.0,24520.0,,
2018,0028740,"Kingston, NY",metro,39-9011,Childcare Workers,320.0,13.31,27690.0,10.69,11.52,12.82,14.38,17.02,22240.0,23960.0,26660.0,29900.0,35400.0,,
2018,0028940,"Knoxville, TN",metro,39-9011,Childcare Workers,1530.0,9.53,19810.0,7.79,8.22,8.92,9.88,12.76,16210.0,17110.0,18550.0,20550.0,26540.0,,
2018,0029020,"Kokomo, IN",metro,39-9011,Childcare Workers,40.0,9.4,19560.0,7.91,8.36,9.11,10.38,11.83,16450.0,17380.0,18940.0,21600.0,24600.0,,
2018,0029100,"La Crosse-Onalaska, WI-MN",metro,39-9011,Childcare Workers,270.0,9.78,20350.0,7.95,8.61,9.69,10.85,11.57,16540.0,17910.0,20160.0,22570.0,24060.0,,
2018,0029180,"Lafayette, LA",metro,39-9011,Childcare Workers,1160.0,9.34,19430.0,7.8,8.23,8.94,9.95,12.07,16230.0,17120.0,18590.0,20700.0,25110.0,,
2018,0029200,"Lafayette-West Lafayette, IN",metro,39-9011,Childcare Workers,370.0,12.22,25420.0,9.55,10.35,11.51,13.68,15.36,19860.0,21530.0,23940.0,28450.0,31960.0,,
2018,0029340,"Lake Charles, LA",metro,39-9011,Childcare Workers,280.0,8.99,18700.0,7.79,8.18,8.82,9.48,11.15,16210.0,17020.0,18350.0,19730.0,23190.0,,
2018,0029420,"Lake Havasu City-Kingman, AZ",metro,39-9011,Childcare Workers,,11.46,23840.0,10.5,10.5,10.51,11.84,14.15,21840.0,21850.0,21860.0,24620.0,29440.0,,
2018,0029460,"Lakeland-Winter Haven, FL",metro,39-9011,Childcare Workers,830.0,10.25,21330.0,8.81,9.14,9.71,11.11,12.34,18320.0,19020.0,20190.0,23120.0,25670.0,,
2018,0029540,"Lancaster, PA",metro,39-9011,Childcare Workers,720.0,11.08,23050.0,8.59,9.64,10.88,12.37,14.25,17860.0,20040.0,22620.0,25730.0,29640.0,,
2018,0029620,"Lansing-East Lansing, MI",metro,39-9011,Childcare Workers,1120.0,11.38,23670.0,9.39,9.65,10.57,12.09,14.77,19530.0,20060.0,21990.0,25150.0,30720.0,,
2018,0029700,"Laredo, TX",metro,39-9011,Childcare Workers,420.0,9.35,19450.0,7.89,8.3,8.98,9.74,11.46,16420.0,17270.0,18670.0,20250.0,23830.0,,
2018,0029740,"Las Cruces, NM",metro,39-9011,Childcare Workers,210.0,8.85,18400.0,7.98,8.35,8.83,9.32,9.86,16610.0,17360.0,18370.0,19380.0,20500.0,,
2018,0029820,"Las Vegas-Henderson-Paradise, NV",metro,39-9011,Childcare Workers,2890.0,10.42,21670.0,8.04,8.75,10.03,11.56,13.33,16730.0,18200.0,20860.0,24040.0,27720.0,,
2018,0029940,"Lawrence, KS",metro,39-9011,Childcare Workers,230.0,10.02,20840.0,8.01,8.68,9.82,11.22,12.19,16660.0,18050.0,20410.0,23340.0,25350.0,,
2018,0030020,"Lawton, OK",metro,39-9011,Childcare Workers,240.0,8.91,18530.0,7.73,8.14,8.78,9.49,10.83,16070.0,16940.0,18260.0,19740.0,22520.0,,
2018,0030140,"Lebanon, PA",metro,39-9011,Childcare Workers,140.0,9.77,20310.0,8.07,8.63,9.64,10.93,11.97,16780.0,17950.0,20050.0,22740.0,24890.0,,
2018,0030300,"Lewiston, ID-WA",metro,39-9011,Childcare Workers,70.0,11.6,24130.0,10.59,11.53,11.61,11.7,11.75,22030.0,23980.0,24160.0,24330.0,24430.0,,
2018,0030460,"Lexington-Fayette, KY",metro,39-9011,Childcare Workers,1690.0,10.43,21690.0,8.12,8.75,9.86,11.85,14.07,16880.0,18200.0,20520.0,24640.0,29260.0,,
2018,0030620,"Lima, OH",metro,39-9011,Childcare Workers,100.0,9.49,19750.0,8.61,8.84,9.18,9.57,11.35,17910.0,18380.0,19100.0,19910.0,23600.0,,
2018,0030700,"Lincoln, NE",metro,39-9011,Childcare Workers,1470.0,11.48,23880.0,9.57,9.8,10.57,12.73,15.0,19900.0,20380.0,21980.0,26470.0,31210.0,,
2018,0030780,"Little Rock-North Little Rock-Conway, AR",metro,39-9011,Childcare Workers,1700.0,10.36,21560.0,8.95,9.22,9.71,11.18,12.95,18610.0,19180.0,20200.0,23250.0,26930.0,,
2018,0030860,"Logan, UT-ID",metro,39-9011,Childcare Workers,460.0,10.33,21500.0,8.01,8.55,9.47,11.61,13.59,16660.0,17790.0,19700.0,24140.0,28260.0,,
2018,0030980,"Longview, TX",metro,39-9011,Childcare Workers,380.0,10.42,21680.0,8.27,9.04,10.25,11.7,12.85,17200.0,18800.0,21330.0,24340.0,26730.0,,
2018,0031020,"Longview, WA",metro,39-9011,Childcare Workers,30.0,13.63,28340.0,11.56,11.64,11.93,14.36,19.37,24050.0,24210.0,24810.0,29870.0,40290.0,,
2018,0031080,"Los Angeles-Long Beach-Anaheim, CA",metro,39-9011,Childcare Workers,22250.0,13.41,27880.0,10.84,11.3,12.22,14.78,17.6,22550.0,23500.0,25410.0,30740.0,36600.0,,
2018,0031140,"Louisville/Jefferson County, KY-IN",metro,39-9011,Childcare Workers,3320.0,10.39,21610.0,7.87,8.38,9.23,11.28,15.0,16360.0,17430.0,19200.0,23470.0,31200.0,,
2018,0031180,"Lubbock, TX",metro,39-9011,Childcare Workers,390.0,11.33,23560.0,8.36,9.32,10.53,11.92,16.44,17390.0,19380.0,21890.0,24780.0,34190.0,,
2018,0031340,"Lynchburg, VA",metro,39-9011,Childcare Workers,410.0,8.87,18460.0,7.95,8.31,8.91,9.55,10.12,16530.0,17280.0,18540.0,19860.0,21050.0,,
2018,0031420,"Macon, GA",metro,39-9011,Childcare Workers,200.0,10.5,21850.0,8.41,9.42,10.29,11.2,11.74,17490.0,19590.0,21400.0,23290.0,24420.0,,
2018,0031460,"Madera, CA",metro,39-9011,Childcare Workers,80.0,13.3,27670.0,10.91,11.46,12.37,14.91,17.64,22690.0,23840.0,25730.0,31010.0,36690.0,,
2018,0031540,"Madison, WI",metro,39-9011,Childcare Workers,780.0,12.74,26490.0,8.48,9.82,11.77,15.61,18.54,17640.0,20430.0,24480.0,32470.0,38560.0,,
2018,0031740,"Manhattan, KS",metro,39-9011,Childcare Workers,280.0,9.24,19220.0,7.97,8.37,9.04,9.7,11.38,16580.0,17420.0,18810.0,20170.0,23660.0,,
2018,0031860,"Mankato-North Mankato, MN",metro,39-9011,Childcare Workers,350.0,11.58,24100.0,10.03,10.43,11.25,12.15,14.17,20850.0,21690.0,23410.0,25260.0,29470.0,,
2018,0031900,"Mansfield, OH",metro,39-9011,Childcare Workers,190.0,10.09,20990.0,8.52,8.78,9.16,10.18,13.43,17710.0,18250.0,19050.0,21180.0,27940.0,,
2018,0032420,"Mayaguez, PR",metro,39-9011,Childcare Workers,60.0,8.68,18050.0,7.94,8.27,8.82,9.37,9.77,16510.0,17200.0,18350.0,19500.0,20320.0,,
2018,0032580,"McAllen-Edinburg-Mission, TX",metro,39-9011,Childcare Workers,1470.0,9.5,19770.0,7.92,8.37,9.12,10.04,11.84,16470.0,17410.0,18970.0,20890.0,24620.0,,
2018,0032780,"Medford, OR",metro,39-9011,Childcare Workers,190.0,11.87,24700.0,10.22,10.58,11.3,12.09,14.86,21250.0,22000.0,23500.0,25150.0,30920.0,,
2018,0032820,"Memphis, TN-MS-AR",metro,39-9011,Childcare Workers,2310.0,10.05,20900.0,7.88,8.44,9.25,10.71,12.7,16380.0,17560.0,19230.0,22280.0,26410.0,,
2018,0032900,"Merced, CA",metro,39-9011,Childcare Workers,390.0,14.51,30180.0,11.33,12.76,14.28,15.72,18.48,23570.0,26540.0,29710.0,32700.0,38430.0,,
2018,0033100,"Miami-Fort Lauderdale-West Palm Beach, FL",metro,39-9011,Childcare Workers,11680.0,11.73,24400.0,8.89,9.47,10.93,13.03,15.66,18480.0,19700.0,22740.0,27100.0,32570.0,,
2018,0033140,"Michigan City-La Porte, IN",metro,39-9011,Childcare Workers,70.0,13.75,28600.0,8.15,8.68,9.55,16.92,28.22,16960.0,18050.0,19870.0,35190.0,58690.0,,
2018,0033220,"Midland, MI",metro,39-9011,Childcare Workers,160.0,10.37,21570.0,9.34,9.47,9.78,10.76,11.83,19420.0,19690.0,20340.0,22390.0,24610.0,,
2018,0033260,"Midland, TX",metro,39-9011,Childcare Workers,300.0,11.24,23390.0,8.14,9.48,11.08,12.53,14.55,16940.0,19710.0,23040.0,26060.0,30260.0,,
2018,0033340,"Milwaukee-Waukesha-West Allis, WI",metro,39-9011,Childcare Workers,2260.0,10.55,21950.0,8.14,8.85,10.16,11.82,13.78,16930.0,18400.0,21140.0,24580.0,28670.0,,
2018,0033460,"Minneapolis-St. Paul-Bloomington, MN-WI",metro,39-9011,Childcare Workers,8560.0,12.64,26300.0,9.86,10.44,11.94,14.31,16.91,20510.0,21710.0,24830.0,29760.0,35160.0,,
2018,0033540,"Missoula, MT",metro,39-9011,Childcare Workers,390.0,10.54,21920.0,8.8,9.2,9.92,11.38,13.28,18310.0,19140.0,20630.0,23670.0,27630.0,,
2018,0033660,"Mobile, AL",metro,39-9011,Childcare Workers,700.0,8.95,18610.0,7.72,8.14,8.74,9.42,11.0,16070.0,16930.0,18190.0,19590.0,22870.0,,
2018,0033700,"Modesto, CA",metro,39-9011,Childcare Workers,720.0,13.31,27690.0,10.84,11.3,12.17,14.69,17.83,22550.0,23500.0,25310.0,30550.0,37100.0,,
2018,0033740,"Monroe, LA",metro,39-9011,Childcare Workers,320.0,9.35,19460.0,7.81,8.27,9.01,10.2,11.84,16240.0,17200.0,18740.0,21230.0,24620.0,,
2018,0033780,"Monroe, MI",metro,39-9011,Childcare Workers,120.0,11.23,23360.0,9.43,9.7,10.75,12.02,13.97,19610.0,20170.0,22360.0,25010.0,29050.0,,
2018,0033860,"Montgomery, AL",metro,39-9011,Childcare Workers,880.0,9.6,19970.0,8.02,8.4,9.04,9.72,11.71,16680.0,17470.0,18800.0,20220.0,24360.0,,
2018,0034060,"Morgantown, WV",metro,39-9011,Childcare Workers,310.0,9.89,20580.0,9.09,9.32,9.61,10.18,11.29,18900.0,19380.0,19980.0,21180.0,23490.0,,
2018,0034100,"Morristown, TN",metro,39-9011,Childcare Workers,40.0,9.13,18980.0,7.7,8.13,8.82,9.73,11.42,16010.0,16910.0,18350.0,20250.0,23750.0,,
2018,0034580,"Mount Vernon-Anacortes, WA",metro,39-9011,Childcare Workers,,13.14,27340.0,11.62,11.85,12.57,14.05,15.27,24170.0,24650.0,26140.0,29220.0,31750.0,,
2018,0034620,"Muncie, IN",metro,39-9011,Childcare Workers,510.0,11.68,24290.0,8.52,9.58,11.77,13.66,14.87,17730.0,19920.0,24490.0,28420.0,30930.0,,
2018,0034740,"Muskegon, MI",metro,39-9011,Childcare Workers,300.0,10.98,22850.0,9.52,9.93,10.68,11.44,12.01,19800.0,20650.0,22220.0,23780.0,24980.0,,
2018,0034820,"Myrtle Beach-Conway-North Myrtle Beach, SC-NC",metro,39-9011,Childcare Workers,480.0,11.05,22980.0,8.3,9.26,10.47,11.88,15.73,17260.0,19270.0,21780.0,24720.0,32720.0,,
2018,0034900,"Napa, CA",metro,39-9011,Childcare Workers,,13.4,27870.0,10.76,11.13,11.74,15.63,18.36,22380.0,23140.0,24410.0,32510.0,38180.0,,
2018,0034940,"Naples-Immokalee-Marco Island, FL",metro,39-9011,Childcare Workers,350.0,11.7,24340.0,9.23,10.13,11.17,12.38,15.46,19200.0,21080.0,23230.0,25740.0,32150.0,,
2018,0034980,"Nashville-Davidson--Murfreesboro--Franklin, TN",metro,39-9011,Childcare Workers,3250.0,11.04,22970.0,8.18,9.24,10.77,12.4,14.48,17020.0,19210.0,22410.0,25800.0,30120.0,,
2018,0035100,"New Bern, NC",metro,39-9011,Childcare Workers,250.0,9.25,19240.0,7.74,8.22,8.95,10.22,11.71,16090.0,17090.0,18610.0,21260.0,24350.0,,
2018,0035380,"New Orleans-Metairie, LA",metro,39-9011,Childcare Workers,2010.0,9.4,19560.0,7.93,8.34,9.01,9.83,12.16,16490.0,17340.0,18750.0,20450.0,25300.0,,
2018,0035620,"New York-Newark-Jersey City, NY-NJ-PA",metro,39-9011,Childcare Workers,45800.0,13.98,29080.0,10.3,11.15,13.3,16.49,19.02,21430.0,23180.0,27660.0,34300.0,39560.0,,
2018,0035660,"Niles-Benton Harbor, MI",metro,39-9011,Childcare Workers,190.0,11.99,24940.0,9.36,9.64,10.57,12.06,18.39,19460.0,20060.0,21980.0,25090.0,38240.0,,
2018,0035840,"North Port-Sarasota-Bradenton, FL",metro,39-9011,Childcare Workers,430.0,11.04,22960.0,8.64,9.05,10.03,12.77,14.7,17970.0,18830.0,20870.0,26560.0,30570.0,,
2018,0036100,"Ocala, FL",metro,39-9011,Childcare Workers,,11.76,24460.0,8.9,9.75,11.24,13.31,15.65,18510.0,20280.0,23370.0,27680.0,32560.0,,
2018,0036140,"Ocean City, NJ",metro,39-9011,Childcare Workers,140.0,12.53,26070.0,9.44,10.26,12.46,14.25,15.24,19630.0,21340.0,25920.0,29640.0,31700.0,,
2018,0036220,"Odessa, TX",metro,39-9011,Childcare Workers,,10.82,22500.0,8.61,9.62,10.63,11.69,13.27,17910.0,20000.0,22110.0,24320.0,27590.0,,
2018,0036260,"Ogden-Clearfield, UT",metro,39-9011,Childcare Workers,1100.0,9.53,19830.0,7.93,8.34,9.03,9.84,12.9,16490.0,17350.0,18770.0,20480.0,26830.0,,
2018,0036420,"Oklahoma City, OK",metro,39-9011,Childcare Workers,2320.0,9.86,20520.0,8.01,8.53,9.4,11.0,12.83,16650.0,17740.0,19540.0,22890.0,26690.0,,
2018,0036500,"Olympia-Tumwater, WA",metro,39-9011,Childcare Workers,250.0,12.47,25950.0,11.61,11.76,12.11,12.52,13.61,24150.0,24450.0,25190.0,26030.0,28300.0,,
2018,0036540,"Omaha-Council Bluffs, NE-IA",metro,39-9011,Childcare Workers,5730.0,11.77,24480.0,9.41,9.83,11.16,12.96,15.2,19580.0,20450.0,23220.0,26950.0,31620.0,,
2018,0036740,"Orlando-Kissimmee-Sanford, FL",metro,39-9011,Childcare Workers,3100.0,10.74,22340.0,8.78,9.21,10.32,11.77,13.3,18250.0,19160.0,21470.0,24480.0,27650.0,,
2018,0036980,"Owensboro, KY",metro,39-9011,Childcare Workers,,9.49,19740.0,7.71,8.15,8.87,10.5,13.25,16040.0,16950.0,18450.0,21850.0,27550.0,,
2018,0037100,"Oxnard-Thousand Oaks-Ventura, CA",metro,39-9011,Childcare Workers,1230.0,14.78,30750.0,11.09,11.86,14.09,17.17,19.84,23060.0,24670.0,29300.0,35700.0,41270.0,,
2018,0037340,"Palm Bay-Melbourne-Titusville, FL",metro,39-9011,Childcare Workers,760.0,10.84,22550.0,8.86,9.47,10.66,11.8,13.19,18420.0,19700.0,22180.0,24540.0,27420.0,,
2018,0037460,"Panama City, FL",metro,39-9011,Childcare Workers,350.0,9.64,20050.0,8.63,8.93,9.35,10.05,11.55,17940.0,18570.0,19450.0,20900.0,24020.0,,
2018,0037620,"Parkersburg-Vienna, WV",metro,39-9011,Childcare Workers,170.0,10.38,21590.0,9.18,9.43,9.75,10.97,12.32,19100.0,19610.0,20280.0,22810.0,25630.0,,
2018,0037860,"Pensacola-Ferry Pass-Brent, FL",metro,39-9011,Childcare Workers,860.0,10.14,21090.0,8.82,9.15,9.71,10.92,12.04,18350.0,19020.0,20200.0,22720.0,25040.0,,
2018,0037900,"Peoria, IL",metro,39-9011,Childcare Workers,750.0,10.57,21990.0,8.75,9.14,9.79,11.4,13.6,18200.0,19010.0,20360.0,23700.0,28280.0,,
2018,0037980,"Philadelphia-Camden-Wilmington, PA-NJ-DE-MD",metro,39-9011,Childcare Workers,13680.0,11.65,24240.0,8.32,9.17,10.64,13.2,16.77,17290.0,19080.0,22130.0,27450.0,34890.0,,
2018,0038060,"Phoenix-Mesa-Scottsdale, AZ",metro,39-9011,Childcare Workers,7570.0,12.2,25370.0,10.62,11.01,11.66,12.74,14.54,22080.0,22900.0,24250.0,26510.0,30240.0,,
2018,0038220,"Pine Bluff, AR",metro,39-9011,Childcare Workers,180.0,10.08,20970.0,8.8,8.99,9.31,10.16,13.0,18300.0,18690.0,19370.0,21140.0,27040.0,,
2018,0038300,"Pittsburgh, PA",metro,39-9011,Childcare Workers,5390.0,11.1,23090.0,8.12,8.91,10.5,12.89,15.05,16880.0,18530.0,21840.0,26800.0,31300.0,,
2018,0038540,"Pocatello, ID",metro,39-9011,Childcare Workers,120.0,9.9,20590.0,7.95,8.47,9.35,11.34,13.47,16530.0,17610.0,19460.0,23580.0,28030.0,,
2018,0038660,"Ponce, PR",metro,39-9011,Childcare Workers,70.0,8.65,18000.0,7.89,8.22,8.77,9.32,9.7,16410.0,17100.0,18250.0,19390.0,20170.0,,
2018,0038900,"Portland-Vancouver-Hillsboro, OR-WA",metro,39-9011,Childcare Workers,4400.0,13.37,27810.0,10.47,11.21,12.28,15.21,18.26,21780.0,23310.0,25540.0,31640.0,37980.0,,
2018,0038940,"Port St. Lucie, FL",metro,39-9011,Childcare Workers,590.0,11.65,24230.0,8.76,9.31,10.75,12.53,16.18,18220.0,19360.0,22360.0,26070.0,33650.0,,
2018,0039140,"Prescott, AZ",metro,39-9011,Childcare Workers,180.0,11.57,24060.0,10.53,10.82,11.29,11.76,12.84,21910.0,22500.0,23480.0,24470.0,26710.0,,
2018,0039340,"Provo-Orem, UT",metro,39-9011,Childcare Workers,550.0,10.42,21680.0,7.88,8.53,9.78,11.6,14.43,16390.0,17740.0,20340.0,24130.0,30020.0,,
2018,0039380,"Pueblo, CO",metro,39-9011,Childcare Workers,130.0,12.68,26380.0,10.21,10.87,12.03,13.79,15.28,21240.0,22620.0,25030.0,28690.0,31780.0,,
2018,0039460,"Punta Gorda, FL",metro,39-9011,Childcare Workers,110.0,11.8,24540.0,9.24,10.22,11.37,12.55,15.77,19230.0,21260.0,23640.0,26110.0,32790.0,,
2018,0039540,"Racine, WI",metro,39-9011,Childcare Workers,90.0,9.84,20470.0,7.95,8.41,9.16,10.38,13.47,16540.0,17480.0,19060.0,21580.0,28010.0,,
2018,0039580,"Raleigh, NC",metro,39-9011,Childcare Workers,3170.0,11.03,22940.0,8.01,8.66,9.87,13.05,16.08,16670.0,18020.0,20520.0,27140.0,33450.0,,
2018,0039660,"Rapid City, SD",metro,39-9011,Childcare Workers,360.0,10.22,21250.0,9.04,9.27,9.71,10.93,12.08,18810.0,19290.0,20190.0,22740.0,25130.0,,
2018,0039740,"Reading, PA",metro,39-9011,Childcare Workers,640.0,10.39,21610.0,7.99,8.56,9.53,11.36,14.3,16610.0,17810.0,19830.0,23630.0,29740.0,,
2018,0039820,"Redding, CA",metro,39-9011,Childcare Workers,270.0,13.41,27900.0,11.04,11.79,13.17,14.6,16.61,22960.0,24520.0,27390.0,30370.0,34540.0,,
2018,0039900,"Reno, NV",metro,39-9011,Childcare Workers,1030.0,11.46,23840.0,8.28,9.29,11.13,13.24,14.87,17220.0,19320.0,23160.0,27540.0,30930.0,,
2018,0040060,"Richmond, VA",metro,39-9011,Childcare Workers,1930.0,10.33,21490.0,8.05,8.66,9.7,11.72,13.78,16750.0,18010.0,20180.0,24380.0,28660.0,,
2018,0040140,"Riverside-San Bernardino-Ontario, CA",metro,39-9011,Childcare Workers,5960.0,13.34,27760.0,10.82,11.32,12.21,14.89,17.84,22500.0,23550.0,25400.0,30960.0,37110.0,,
2018,0040220,"Roanoke, VA",metro,39-9011,Childcare Workers,640.0,9.17,19080.0,7.9,8.3,8.96,9.65,11.36,16440.0,17260.0,18630.0,20060.0,23620.0,,
2018,0040340,"Rochester, MN",metro,39-9011,Childcare Workers,520.0,12.12,25200.0,10.02,10.05,11.24,13.31,16.62,20850.0,20900.0,23380.0,27680.0,34560.0,,
2018,0040380,"Rochester, NY",metro,39-9011,Childcare Workers,2560.0,12.36,25720.0,10.41,10.54,11.36,12.76,16.44,21640.0,21920.0,23630.0,26550.0,34190.0,,
2018,0040420,"Rockford, IL",metro,39-9011,Childcare Workers,400.0,10.48,21790.0,8.55,8.88,9.37,11.34,14.27,17780.0,18470.0,19490.0,23580.0,29680.0,,
2018,0040580,"Rocky Mount, NC",metro,39-9011,Childcare Workers,210.0,11.07,23030.0,8.06,8.71,9.89,13.34,15.14,16770.0,18120.0,20570.0,27750.0,31500.0,,
2018,0040660,"Rome, GA",metro,39-9011,Childcare Workers,,8.9,18520.0,7.92,8.26,8.83,9.4,9.74,16470.0,17180.0,18360.0,19540.0,20250.0,,
2018,0040900,"Sacramento--Roseville--Arden-Arcade, CA",metro,39-9011,Childcare Workers,4080.0,12.98,27010.0,10.94,11.43,12.26,14.02,16.66,22750.0,23760.0,25490.0,29170.0,34650.0,,
2018,0040980,"Saginaw, MI",metro,39-9011,Childcare Workers,160.0,10.71,22280.0,9.32,9.43,9.64,11.31,13.45,19390.0,19610.0,20060.0,23520.0,27990.0,,
2018,0041060,"St. Cloud, MN",metro,39-9011,Childcare Workers,300.0,10.85,22570.0,10.02,10.03,10.4,11.37,11.97,20850.0,20850.0,21640.0,23650.0,24900.0,,
2018,0041100,"St. George, UT",metro,39-9011,Childcare Workers,310.0,10.68,22210.0,8.13,8.9,10.17,11.68,13.96,16900.0,18510.0,21160.0,24300.0,29040.0,,
2018,0041140,"St. Joseph, MO-KS",metro,39-9011,Childcare Workers,280.0,9.32,19380.0,8.22,8.56,9.11,9.73,11.29,17110.0,17810.0,18950.0,20230.0,23490.0,,
2018,0041180,"St. Louis, MO-IL",metro,39-9011,Childcare Workers,5160.0,12.05,25070.0,8.62,9.38,11.43,14.18,17.02,17930.0,19510.0,23770.0,29490.0,35410.0,,
2018,0041420,"Salem, OR",metro,39-9011,Childcare Workers,770.0,11.45,23820.0,10.43,10.77,11.34,11.92,12.52,21690.0,22400.0,23580.0,24790.0,26030.0,,
2018,0041500,"Salinas, CA",metro,39-9011,Childcare Workers,460.0,15.09,31390.0,11.51,12.89,15.34,17.34,18.59,23940.0,26810.0,31910.0,36060.0,38670.0,,
2018,0041540,"Salisbury, MD-DE",metro,39-9011,Childcare Workers,510.0,10.77,22410.0,9.15,9.49,10.07,11.36,12.59,19030.0,19740.0,20950.0,23630.0,26180.0,,
2018,0041620,"Salt Lake City, UT",metro,39-9011,Childcare Workers,2910.0,11.1,23090.0,8.27,9.17,10.6,12.03,13.74,17190.0,19080.0,22060.0,25010.0,28580.0,,
2018,0041660,"San Angelo, TX",metro,39-9011,Childcare Workers,270.0,9.14,19000.0,7.93,8.33,9.0,9.68,11.32,16490.0,17330.0,18730.0,20130.0,23540.0,,
2018,0041700,"San Antonio-New Braunfels, TX",metro,39-9011,Childcare Workers,4620.0,10.15,21110.0,7.98,8.61,9.7,11.23,12.37,16610.0,17910.0,20170.0,23360.0,25730.0,,
2018,0041740,"San Diego-Carlsbad, CA",metro,39-9011,Childcare Workers,5060.0,13.49,28070.0,10.86,11.41,12.64,14.67,17.79,22580.0,23730.0,26290.0,30510.0,37000.0,,
2018,0041860,"San Francisco-Oakland-Hayward, CA",metro,39-9011,Childcare Workers,7360.0,16.13,33550.0,11.59,13.33,16.09,18.33,21.32,24100.0,27720.0,33470.0,38120.0,44340.0,,
2018,0041900,"San German, PR",metro,39-9011,Childcare Workers,70.0,8.67,18040.0,7.84,8.2,8.76,9.34,9.79,16300.0,17050.0,18230.0,19420.0,20360.0,,
2018,0041940,"San Jose-Sunnyvale-Santa Clara, CA",metro,39-9011,Childcare Workers,1860.0,15.1,31420.0,11.02,11.89,15.0,17.75,19.34,22910.0,24740.0,31190.0,36910.0,40230.0,,
2018,0041980,"San Juan-Carolina-Caguas, PR",metro,39-9011,Childcare Workers,1130.0,8.67,18040.0,7.72,8.06,8.62,9.18,9.6,16050.0,16770.0,17930.0,19090.0,19970.0,,
2018,0042020,"San Luis Obispo-Paso Robles-Arroyo Grande, CA",metro,39-9011,Childcare Workers,370.0,12.32,25630.0,10.8,11.17,11.78,13.01,14.91,22460.0,23220.0,24510.0,27050.0,31020.0,,
2018,0042100,"Santa Cruz-Watsonville, CA",metro,39-9011,Childcare Workers,490.0,12.87,26780.0,10.91,11.43,12.27,14.05,16.03,22690.0,23770.0,25520.0,29230.0,33340.0,,
2018,0042140,"Santa Fe, NM",metro,39-9011,Childcare Workers,180.0,11.76,24450.0,8.3,9.02,11.51,13.96,17.06,17260.0,18770.0,23940.0,29040.0,35470.0,,
2018,0042200,"Santa Maria-Santa Barbara, CA",metro,39-9011,Childcare Workers,850.0,13.53,28130.0,10.71,11.13,12.45,15.49,18.09,22270.0,23160.0,25900.0,32220.0,37620.0,,
2018,0042220,"Santa Rosa, CA",metro,39-9011,Childcare Workers,890.0,15.45,32130.0,11.27,12.58,15.05,17.55,19.49,23450.0,26160.0,31310.0,36500.0,40550.0,,
2018,0042340,"Savannah, GA",metro,39-9011,Childcare Workers,750.0,9.39,19540.0,7.87,8.33,9.09,10.32,11.85,16370.0,17330.0,18900.0,21470.0,24650.0,,
2018,0042540,"Scranton--Wilkes-Barre--Hazleton, PA",metro,39-9011,Childcare Workers,880.0,10.44,21710.0,8.07,8.72,9.85,11.71,13.76,16780.0,18130.0,20490.0,24350.0,28610.0,,
2018,0042660,"Seattle-Tacoma-Bellevue, WA",metro,39-9011,Childcare Workers,4780.0,14.9,30990.0,11.82,12.39,14.5,16.85,18.65,24590.0,25760.0,30160.0,35050.0,38790.0,,
2018,0042680,"Sebastian-Vero Beach, FL",metro,39-9011,Childcare Workers,130.0,11.24,23380.0,8.81,9.62,10.64,11.72,15.5,18330.0,20010.0,22130.0,24370.0,32250.0,,
2018,0042700,"Sebring, FL",metro,39-9011,Childcare Workers,120.0,10.76,22380.0,8.63,9.03,9.98,11.88,14.61,17940.0,18780.0,20760.0,24710.0,30390.0,,
2018,0043100,"Sheboygan, WI",metro,39-9011,Childcare Workers,140.0,9.87,20530.0,7.95,8.52,9.49,10.85,11.8,16530.0,17730.0,19750.0,22570.0,24540.0,,
2018,0043300,"Sherman-Denison, TX",metro,39-9011,Childcare Workers,140.0,9.16,19050.0,7.74,8.2,8.91,9.89,11.45,16100.0,17060.0,18540.0,20570.0,23810.0,,
2018,0043340,"Shreveport-Bossier City, LA",metro,39-9011,Childcare Workers,680.0,10.9,22660.0,7.85,8.41,9.41,11.61,14.61,16320.0,17500.0,19580.0,24150.0,30400.0,,
2018,0043420,"Sierra Vista-Douglas, AZ",metro,39-9011,Childcare Workers,110.0,11.52,23960.0,10.5,10.51,11.06,12.14,13.83,21850.0,21860.0,23000.0,25250.0,28770.0,,
2018,0043580,"Sioux City, IA-NE-SD",metro,39-9011,Childcare Workers,280.0,10.18,21170.0,8.1,8.82,9.49,11.33,13.74,16850.0,18340.0,19740.0,23560.0,28590.0,,
2018,0043620,"Sioux Falls, SD",metro,39-9011,Childcare Workers,1170.0,10.38,21580.0,9.06,9.31,9.88,11.27,12.35,18850.0,19370.0,20550.0,23450.0,25690.0,,
2018,0043780,"South Bend-Mishawaka, IN-MI",metro,39-9011,Childcare Workers,190.0,9.83,20450.0,7.86,8.43,9.37,11.04,12.08,16350.0,17530.0,19490.0,22950.0,25130.0,,
2018,0043900,"Spartanburg, SC",metro,39-9011,Childcare Workers,130.0,12.29,25560.0,8.14,8.85,10.08,12.47,23.09,16930.0,18420.0,20960.0,25930.0,48020.0,,
2018,0044060,"Spokane-Spokane Valley, WA",metro,39-9011,Childcare Workers,700.0,13.01,27050.0,11.58,11.68,12.04,13.16,15.41,24080.0,24290.0,25050.0,27370.0,32060.0,,
2018,0044100,"Springfield, IL",metro,39-9011,Childcare Workers,300.0,11.21,23310.0,8.98,9.5,10.59,11.82,13.8,18680.0,19750.0,22020.0,24580.0,28700.0,,
2018,0044180,"Springfield, MO",metro,39-9011,Childcare Workers,1320.0,9.76,20300.0,8.25,8.63,9.24,10.65,12.15,17170.0,17950.0,19220.0,22150.0,25280.0,,
2018,0044220,"Springfield, OH",metro,39-9011,Childcare Workers,,10.64,22120.0,8.69,9.05,10.01,11.68,13.76,18070.0,18830.0,20810.0,24290.0,28620.0,,
2018,0044300,"State College, PA",metro,39-9011,Childcare Workers,210.0,11.0,22880.0,8.55,9.46,10.58,12.17,14.52,17780.0,19670.0,22010.0,25320.0,30200.0,,
2018,0044420,"Staunton-Waynesboro, VA",metro,39-9011,Childcare Workers,190.0,9.4,19560.0,7.92,8.38,9.15,10.42,11.79,16480.0,17440.0,19040.0,21680.0,24530.0,,
2018,0044700,"Stockton-Lodi, CA",metro,39-9011,Childcare Workers,1220.0,12.88,26800.0,10.79,11.19,11.87,14.02,16.86,22440.0,23270.0,24690.0,29170.0,35070.0,,
2018,0044940,"Sumter, SC",metro,39-9011,Childcare Workers,220.0,9.34,19420.0,7.86,8.31,9.04,10.02,11.65,16340.0,17290.0,18810.0,20840.0,24230.0,,
2018,0045060,"Syracuse, NY",metro,39-9011,Childcare Workers,1320.0,12.7,26430.0,10.41,10.92,11.9,13.88,15.6,21650.0,22720.0,24740.0,28880.0,32450.0,,
2018,0045220,"Tallahassee, FL",metro,39-9011,Childcare Workers,,11.5,23910.0,8.79,9.25,10.15,11.69,15.86,18280.0,19240.0,21120.0,24310.0,32990.0,,
2018,0045300,"Tampa-St. Petersburg-Clearwater, FL",metro,39-9011,Childcare Workers,4410.0,11.1,23090.0,8.68,9.09,9.91,11.56,15.47,18060.0,18900.0,20620.0,24040.0,32190.0,,
2018,0045460,"Terre Haute, IN",metro,39-9011,Childcare Workers,370.0,9.75,20280.0,7.91,8.48,9.44,10.96,12.08,16450.0,17640.0,19640.0,22800.0,25120.0,,
2018,0045500,"Texarkana, TX-AR",metro,39-9011,Childcare Workers,160.0,9.47,19690.0,8.09,8.8,9.24,9.68,11.45,16830.0,18310.0,19220.0,20130.0,23810.0,,
2018,0045540,"The Villages, FL",metro,39-9011,Childcare Workers,70.0,11.54,24000.0,8.82,9.18,9.78,14.85,17.5,18340.0,19090.0,20340.0,30880.0,36400.0,,
2018,0045780,"Toledo, OH",metro,39-9011,Childcare Workers,1200.0,11.53,23990.0,8.74,9.23,10.66,12.77,15.77,18180.0,19190.0,22170.0,26560.0,32800.0,,
2018,0045820,"Topeka, KS",metro,39-9011,Childcare Workers,410.0,10.25,21320.0,8.16,8.9,9.94,11.32,12.9,16970.0,18510.0,20680.0,23550.0,26840.0,,
2018,0045940,"Trenton, NJ",metro,39-9011,Childcare Workers,970.0,12.77,26570.0,9.52,10.63,12.19,14.06,16.21,19810.0,22100.0,25360.0,29240.0,33720.0,,
2018,0046060,"Tucson, AZ",metro,39-9011,Childcare Workers,2010.0,11.76,24470.0,10.5,10.57,11.1,11.62,13.38,21850.0,21980.0,23080.0,24180.0,27840.0,,
2018,0046140,"Tulsa, OK",metro,39-9011,Childcare Workers,1900.0,10.18,21180.0,7.92,8.45,9.32,11.43,14.06,16480.0,17570.0,19390.0,23780.0,29250.0,,
2018,0046220,"Tuscaloosa, AL",metro,39-9011,Childcare Workers,540.0,10.06,20910.0,7.98,8.52,9.5,11.6,13.21,16590.0,17710.0,19760.0,24130.0,27480.0,,
2018,0046340,"Tyler, TX",metro,39-9011,Childcare Workers,470.0,10.03,20870.0,8.1,8.63,9.51,11.42,13.34,16840.0,17940.0,19780.0,23740.0,27750.0,,
2018,0046520,"Urban Honolulu, HI",metro,39-9011,Childcare Workers,1240.0,12.93,26900.0,10.1,10.11,12.29,14.55,16.77,21010.0,21020.0,25550.0,30270.0,34880.0,,
2018,0046540,"Utica-Rome, NY",metro,39-9011,Childcare Workers,650.0,12.87,26770.0,10.41,10.81,12.36,14.29,15.76,21640.0,22480.0,25720.0,29710.0,32780.0,,
2018,0046660,"Valdosta, GA",metro,39-9011,Childcare Workers,230.0,9.28,19300.0,7.98,8.37,9.02,9.78,11.73,16610.0,17420.0,18760.0,20350.0,24400.0,,
2018,0046700,"Vallejo-Fairfield, CA",metro,39-9011,Childcare Workers,610.0,13.44,27950.0,10.92,11.45,12.8,15.14,17.53,22700.0,23810.0,26630.0,31480.0,36460.0,,
2018,0047020,"Victoria, TX",metro,39-9011,Childcare Workers,140.0,9.04,18810.0,7.67,8.12,8.77,9.61,11.32,15950.0,16880.0,18240.0,19990.0,23540.0,,
2018,0047220,"Vineland-Bridgeton, NJ",metro,39-9011,Childcare Workers,,10.59,22020.0,9.09,9.51,10.56,11.61,12.24,18910.0,19790.0,21970.0,24140.0,25450.0,,
2018,0047260,"Virginia Beach-Norfolk-Newport News, VA-NC",metro,39-9011,Childcare Workers,2720.0,10.32,21470.0,8.08,8.81,9.99,11.46,13.11,16800.0,18320.0,20770.0,23830.0,27260.0,,
2018,0047300,"Visalia-Porterville, CA",metro,39-9011,Childcare Workers,1190.0,12.76,26550.0,10.82,11.24,12.05,13.85,15.69,22510.0,23380.0,25070.0,28800.0,32630.0,,
2018,0047380,"Waco, TX",metro,39-9011,Childcare Workers,530.0,9.64,20060.0,7.9,8.34,9.07,10.29,12.95,16430.0,17350.0,18870.0,21410.0,26940.0,,
2018,0047460,"Walla Walla, WA",metro,39-9011,Childcare Workers,60.0,13.58,28240.0,11.58,11.68,11.92,15.63,18.05,24080.0,24290.0,24790.0,32510.0,37550.0,,
2018,0047580,"Warner Robins, GA",metro,39-9011,Childcare Workers,,10.36,21550.0,7.73,8.12,8.78,9.54,18.61,16070.0,16900.0,18260.0,19840.0,38710.0,,
2018,0047900,"Washington-Arlington-Alexandria, DC-VA-MD-WV",metro,39-9011,Childcare Workers,12330.0,14.14,29410.0,9.19,10.9,13.72,16.64,19.87,19120.0,22660.0,28550.0,34620.0,41330.0,,
2018,0047940,"Waterloo-Cedar Falls, IA",metro,39-9011,Childcare Workers,650.0,9.46,19680.0,7.85,8.31,9.08,10.42,11.81,16330.0,17290.0,18880.0,21670.0,24550.0,,
2018,0048060,"Watertown-Fort Drum, NY",metro,39-9011,Childcare Workers,200.0,12.21,25400.0,10.41,10.69,11.25,11.98,16.91,21650.0,22240.0,23390.0,24910.0,35170.0,,
2018,0048140,"Wausau, WI",metro,39-9011,Childcare Workers,120.0,11.18,23260.0,8.3,9.13,10.92,13.1,14.93,17260.0,18980.0,22700.0,27250.0,31060.0,,
2018,0048260,"Weirton-Steubenville, WV-OH",metro,39-9011,Childcare Workers,80.0,10.68,22200.0,8.83,9.18,10.12,11.6,13.54,18370.0,19100.0,21050.0,24120.0,28160.0,,
2018,0048300,"Wenatchee, WA",metro,39-9011,Childcare Workers,,12.77,26560.0,11.56,11.64,11.89,13.5,14.68,24050.0,24210.0,24740.0,28080.0,30530.0,,
2018,0048540,"Wheeling, WV-OH",metro,39-9011,Childcare Workers,150.0,10.63,22110.0,9.18,9.46,10.08,11.44,12.33,19100.0,19680.0,20960.0,23790.0,25650.0,,
2018,0048620,"Wichita, KS",metro,39-9011,Childcare Workers,670.0,9.66,20080.0,7.73,8.25,9.09,10.85,12.24,16080.0,17150.0,18910.0,22570.0,25460.0,,
2018,0048660,"Wichita Falls, TX",metro,39-9011,Childcare Workers,250.0,8.87,18440.0,7.74,8.13,8.76,9.45,10.85,16110.0,16900.0,18210.0,19660.0,22570.0,,
2018,0048700,"Williamsport, PA",metro,39-9011,Childcare Workers,260.0,9.74,20260.0,7.88,8.37,9.2,10.82,12.31,16380.0,17420.0,19130.0,22500.0,25600.0,,
2018,0048900,"Wilmington, NC",metro,39-9011,Childcare Workers,350.0,10.4,21630.0,8.05,8.67,9.7,11.37,14.1,16750.0,18040.0,20170.0,23650.0,29340.0,,
2018,0049020,"Winchester, VA-WV",metro,39-9011,Childcare Workers,50.0,11.12,23120.0,8.29,8.99,10.23,12.49,16.34,17250.0,18710.0,21270.0,25970.0,33980.0,,
2018,0049180,"Winston-Salem, NC",metro,39-9011,Childcare Workers,1260.0,11.58,24080.0,7.95,8.65,10.41,14.6,17.56,16550.0,17980.0,21650.0,30360.0,36530.0,,
2018,0049420,"Yakima, WA",metro,39-9011,Childcare Workers,310.0,12.84,26710.0,11.56,11.64,11.89,13.54,15.17,24040.0,24210.0,24730.0,28160.0,31550.0,,
2018,0049620,"York-Hanover, PA",metro,39-9011,Childcare Workers,510.0,10.24,21310.0,8.1,8.77,9.92,11.51,12.82,16840.0,18240.0,20630.0,23950.0,26670.0,,
2018,0049660,"Youngstown-Warren-Boardman, OH-PA",metro,39-9011,Childcare Workers,890.0,10.66,22160.0,8.65,9.01,9.63,11.66,14.57,17990.0,18730.0,20020.0,24260.0,30300.0,,
2018,0049700,"Yuba City, CA",metro,39-9011,Childcare Workers,380.0,12.97,26980.0,10.74,11.12,11.74,14.42,17.47,22330.0,23120.0,24430.0,30000.0,36340.0,,
2018,0049740,"Yuma, AZ",metro,39-9011,Childcare Workers,80.0,11.33,23570.0,10.5,10.51,10.51,11.66,12.48,21840.0,21850.0,21860.0,24250.0,25950.0,,
2018,0070750,"Bangor, ME",metro,39-9011,Childcare Workers,360.0,12.55,26090.0,10.01,10.24,11.37,13.56,17.61,20810.0,21290.0,23650.0,28200.0,36640.0,,
2018,0070900,"Barnstable Town, MA",metro,39-9011,Childcare Workers,240.0,15.36,31950.0,11.58,12.15,13.69,15.25,25.94,24080.0,25270.0,28470.0,31730.0,53950.0,,
2018,0071650,"Boston-Cambridge-Nashua, MA-NH",metro,39-9011,Childcare Workers,10300.0,14.45,30050.0,11.41,11.82,13.51,16.74,19.11,23730.0,24590.0,28100.0,34820.0,39750.0,,
2018,0071950,"Bridgeport-Stamford-Norwalk, CT",metro,39-9011,Childcare Workers,2630.0,13.61,28310.0,10.77,11.49,12.81,15.02,17.85,22400.0,23900.0,26650.0,31250.0,37120.0,,
2018,0072400,"Burlington-South Burlington, VT",metro,39-9011,Childcare Workers,730.0,13.94,29000.0,10.87,11.62,13.44,15.57,18.4,22610.0,24160.0,27960.0,32370.0,38270.0,,
2018,0072850,"Danbury, CT",metro,39-9011,Childcare Workers,,13.03,27110.0,10.79,11.4,12.54,14.35,16.45,22450.0,23710.0,26080.0,29840.0,34210.0,,
2018,0073050,"Dover-Durham, NH-ME",metro,39-9011,Childcare Workers,310.0,11.22,23340.0,9.66,10.11,10.99,11.91,12.8,20100.0,21040.0,22860.0,24780.0,26620.0,,
2018,0073450,"Hartford-West Hartford-East Hartford, CT",metro,39-9011,Childcare Workers,2810.0,12.87,26780.0,10.68,11.2,12.12,14.13,16.52,22210.0,23290.0,25210.0,29400.0,34370.0,,
2018,0074500,"Leominster-Gardner, MA",metro,39-9011,Childcare Workers,130.0,13.5,28070.0,11.69,12.17,13.17,14.58,15.8,24310.0,25320.0,27390.0,30320.0,32870.0,,
2018,0074650,"Lewiston-Auburn, ME",metro,39-9011,Childcare Workers,230.0,11.69,24320.0,10.03,10.45,11.39,12.33,14.08,20860.0,21730.0,23690.0,25640.0,29290.0,,
2018,0074950,"Manchester, NH",metro,39-9011,Childcare Workers,440.0,11.02,22930.0,8.01,8.6,9.78,13.55,15.42,16660.0,17890.0,20330.0,28190.0,32060.0,,
2018,0075550,"New Bedford, MA",metro,39-9011,Childcare Workers,440.0,13.89,28890.0,11.59,12.08,13.31,14.8,17.29,24110.0,25130.0,27680.0,30780.0,35970.0,,
2018,0075700,"New Haven, CT",metro,39-9011,Childcare Workers,1840.0,13.27,27600.0,10.77,11.39,12.49,14.48,17.09,22410.0,23690.0,25980.0,30120.0,35550.0,,
2018,0076450,"Norwich-New London-Westerly, CT-RI",metro,39-9011,Childcare Workers,870.0,12.93,26900.0,10.58,11.11,12.06,14.2,17.15,22000.0,23110.0,25090.0,29540.0,35670.0,,
2018,0076600,"Pittsfield, MA",metro,39-9011,Childcare Workers,70.0,12.54,26080.0,11.37,11.61,12.01,13.36,14.46,23660.0,24140.0,24990.0,27800.0,30070.0,,
2018,0076750,"Portland-South Portland, ME",metro,39-9011,Childcare Workers,690.0,11.5,23930.0,10.01,10.07,11.19,12.34,13.99,20810.0,20950.0,23270.0,25660.0,29100.0,,
2018,0076900,"Portsmouth, NH-ME",metro,39-9011,Childcare Workers,,10.87,22610.0,8.22,9.12,10.48,12.37,14.4,17090.0,18970.0,21790.0,25720.0,29960.0,,
2018,0077200,"Providence-Warwick, RI-MA",metro,39-9011,Childcare Workers,3090.0,13.35,27770.0,10.62,11.33,12.35,14.37,17.01,22080.0,23560.0,25690.0,29900.0,35380.0,,
2018,0078100,"Springfield, MA-CT",metro,39-9011,Childcare Workers,1100.0,13.82,28740.0,11.29,11.61,12.17,14.03,19.08,23470.0,24150.0,25300.0,29190.0,39680.0,,
2018,0078700,"Waterbury, CT",metro,39-9011,Childcare Workers,420.0,12.59,26180.0,10.52,10.96,11.68,13.94,15.58,21880.0,22790.0,24300.0,28990.0,32410.0,,
2018,0079600,"Worcester, MA-CT",metro,39-9011,Childcare Workers,1410.0,14.0,29110.0,11.41,11.67,12.28,15.55,19.06,23730.0,24280.0,25540.0,32350.0,39640.0,,
2018,0100001,Northwest Alabama nonmetropolitan area,nonmetro,39-9011,Childcare Workers,270.0,9.44,19640.0,7.87,8.28,8.96,9.78,13.09,16370.0,17220.0,18630.0,20340.0,27220.0,,
2018,0100002,Northeast Alabama nonmetropolitan area,nonmetro,39-9011,Childcare Workers,610.0,11.18,23260.0,8.14,8.72,9.74,13.84,16.59,16940.0,18150.0,20250.0,28790.0,34510.0,,
2018,0100003,Southwest Alabama nonmetropolitan area,nonmetro,39-9011,Childcare Workers,,8.68,18060.0,7.81,8.15,8.71,9.27,9.76,16240.0,16960.0,18110.0,19280.0,20300.0,,
2018,0100004,Southeast Alabama nonmetropolitan area,nonmetro,39-9011,Childcare Workers,290.0,8.58,17840.0,7.72,8.1,8.64,9.19,9.65,16060.0,16850.0,17980.0,19100.0,20070.0,,
2018,0200006,Alaska nonmetropolitan area,nonmetro,39-9011,Childcare Workers,750.0,12.95,26940.0,10.63,11.57,12.79,14.06,15.21,22110.0,24070.0,26590.0,29240.0,31640.0,,
2018,0400001,Arizona nonmetropolitan area,nonmetro,39-9011,Childcare Workers,,12.83,26690.0,10.51,10.88,11.79,13.92,17.06,21850.0,22640.0,24520.0,28960.0,35490.0,,
2018,0500001,North Arkansas nonmetropolitan area,nonmetro,39-9011,Childcare Workers,,9.3,19340.0,8.84,8.98,9.22,9.49,9.77,18390.0,18680.0,19180.0,19730.0,20320.0,,
2018,0500002,East Arkansas nonmetropolitan area,nonmetro,39-9011,Childcare Workers,530.0,10.0,20800.0,8.84,9.04,9.38,10.8,11.97,18380.0,18800.0,19500.0,22470.0,24910.0,,
2018,0500003,West Arkansas nonmetropolitan area,nonmetro,39-9011,Childcare Workers,200.0,9.26,19250.0,8.75,8.91,9.13,9.38,9.64,18210.0,18530.0,18980.0,19500.0,20050.0,,
2018,0500004,South Arkansas nonmetropolitan area,nonmetro,39-9011,Childcare Workers,340.0,10.16,21130.0,8.93,9.15,9.52,10.71,12.28,18580.0,19030.0,19810.0,22290.0,25530.0,,
2018,0600003,North Coast Region of California nonmetropolitan area,nonmetro,39-9011,Childcare Workers,340.0,13.13,27310.0,10.81,11.26,12.07,14.71,17.34,22480.0,23420.0,25100.0,30610.0,36060.0,,
2018,0600006,Eastern Sierra-Mother Lode Region of California nonmetropolitan area,nonmetro,39-9011,Childcare Workers,,13.86,28820.0,10.91,11.44,12.46,16.14,18.66,22690.0,23790.0,25920.0,33580.0,38810.0,,
2018,0600007,North Valley-Northern Mountains Region of California nonmetropolitan area,nonmetro,39-9011,Childcare Workers,320.0,14.02,29170.0,11.07,11.81,13.46,16.11,18.36,23020.0,24570.0,28000.0,33510.0,38200.0,,
2018,0800001,Eastern and Southern Colorado nonmetropolitan area,nonmetro,39-9011,Childcare Workers,170.0,11.49,23900.0,10.2,10.21,10.52,11.52,13.23,21220.0,21230.0,21890.0,23950.0,27510.0,,
2018,0800002,Southwest Colorado nonmetropolitan area,nonmetro,39-9011,Childcare Workers,280.0,13.31,27690.0,10.48,11.07,12.1,14.97,18.16,21800.0,23020.0,25160.0,31130.0,37780.0,,
2018,0800003,Northwest Colorado nonmetropolitan area,nonmetro,39-9011,Childcare Workers,370.0,15.81,32880.0,10.21,11.65,16.7,18.75,20.35,21230.0,24240.0,34740.0,38990.0,42330.0,,
2018,0900001,Connecticut nonmetropolitan area,nonmetro,39-9011,Childcare Workers,140.0,13.51,28110.0,10.87,11.52,12.7,14.86,17.84,22600.0,23970.0,26420.0,30910.0,37100.0,,
2018,1200003,South Florida nonmetropolitan area,nonmetro,39-9011,Childcare Workers,270.0,10.78,22410.0,8.73,9.12,9.85,11.45,13.64,18160.0,18970.0,20490.0,23810.0,28370.0,,
2018,1200006,North Florida nonmetropolitan area,nonmetro,39-9011,Childcare Workers,350.0,10.55,21940.0,8.81,9.2,9.99,11.59,12.7,18330.0,19140.0,20790.0,24120.0,26410.0,,
2018,1300001,North Georgia nonmetropolitan area,nonmetro,39-9011,Childcare Workers,640.0,9.74,20260.0,7.92,8.42,9.25,10.71,12.61,16470.0,17500.0,19230.0,22270.0,26230.0,,
2018,1300002,Middle Georgia nonmetropolitan area,nonmetro,39-9011,Childcare Workers,580.0,10.27,21360.0,7.75,8.2,8.92,10.59,16.98,16110.0,17050.0,18540.0,22020.0,35330.0,,
2018,1300003,East Georgia nonmetropolitan area,nonmetro,39-9011,Childcare Workers,350.0,9.7,20170.0,8.03,8.47,9.22,10.22,12.68,16690.0,17620.0,19170.0,21270.0,26380.0,,
2018,1300004,South Georgia nonmetropolitan area,nonmetro,39-9011,Childcare Workers,590.0,9.14,19010.0,7.76,8.17,8.84,9.64,11.58,16130.0,16990.0,18380.0,20040.0,24080.0,,
2018,1500001,Hawaii / Kauai nonmetropolitan area,nonmetro,39-9011,Childcare Workers,,11.2,23300.0,10.1,10.11,10.24,11.92,13.83,21010.0,21020.0,21300.0,24790.0,28760.0,,
2018,1600006,Northwestern Idaho nonmetropolitan area,nonmetro,39-9011,Childcare Workers,240.0,11.39,23700.0,8.24,9.03,10.49,13.55,15.34,17140.0,18780.0,21820.0,28190.0,31910.0,,
2018,1600007,Southeast-Central Idaho nonmetropolitan area,nonmetro,39-9011,Childcare Workers,260.0,10.68,22210.0,8.22,9.06,10.27,11.87,14.13,17090.0,18850.0,21370.0,24690.0,29380.0,,
2018,1700001,Northwest Illinois nonmetropolitan area,nonmetro,39-9011,Childcare Workers,380.0,13.06,27170.0,9.16,9.93,11.46,14.76,21.25,19040.0,20660.0,23830.0,30710.0,44210.0,,
2018,1700002,West Central Illinois nonmetropolitan area,nonmetro,39-9011,Childcare Workers,370.0,11.2,23300.0,8.67,8.98,9.54,13.34,16.56,18040.0,18690.0,19850.0,27750.0,34430.0,,
2018,1700003,East Central Illinois nonmetropolitan area,nonmetro,39-9011,Childcare Workers,330.0,10.03,20860.0,8.63,8.94,9.34,10.52,12.04,17950.0,18600.0,19440.0,21880.0,25040.0,,
2018,1700004,South Illinois nonmetropolitan area,nonmetro,39-9011,Childcare Workers,230.0,11.44,23780.0,9.72,10.23,11.05,11.87,12.69,20210.0,21280.0,22990.0,24700.0,26390.0,,
2018,1800001,Northern Indiana nonmetropolitan area,nonmetro,39-9011,Childcare Workers,260.0,10.68,22220.0,7.81,8.47,9.74,11.67,15.03,16240.0,17620.0,20250.0,24270.0,31260.0,,
2018,1800002,Central Indiana nonmetropolitan area,nonmetro,39-9011,Childcare Workers,420.0,9.83,20440.0,7.85,8.34,9.16,10.96,13.26,16320.0,17350.0,19060.0,22800.0,27580.0,,
2018,1800003,Southern Indiana nonmetropolitan area,nonmetro,39-9011,Childcare Workers,,11.51,23940.0,8.67,9.92,11.39,13.23,14.7,18030.0,20630.0,23680.0,27510.0,30580.0,,
2018,1900001,Northeast Iowa nonmetropolitan area,nonmetro,39-9011,Childcare Workers,600.0,9.03,18780.0,7.78,8.16,8.81,9.51,11.34,16180.0,16980.0,18310.0,19780.0,23590.0,,
2018,1900002,Northwest Iowa nonmetropolitan area,nonmetro,39-9011,Childcare Workers,810.0,9.36,19470.0,7.88,8.32,9.05,9.93,11.54,16390.0,17310.0,18820.0,20660.0,23990.0,,
2018,1900003,Southwest Iowa nonmetropolitan area,nonmetro,39-9011,Childcare Workers,,9.02,18760.0,7.8,8.23,8.88,9.66,10.94,16220.0,17110.0,18460.0,20090.0,22750.0,,
2018,1900004,Southeast Iowa nonmetropolitan area,nonmetro,39-9011,Childcare Workers,1150.0,9.13,19000.0,7.88,8.28,8.94,9.63,10.99,16390.0,17220.0,18580.0,20030.0,22860.0,,
2018,2000006,Kansas nonmetropolitan area,nonmetro,39-9011,Childcare Workers,1450.0,9.64,20040.0,7.92,8.39,9.17,10.39,12.06,16480.0,17450.0,19070.0,21610.0,25090.0,,
2018,2100001,West Kentucky nonmetropolitan area,nonmetro,39-9011,Childcare Workers,620.0,10.23,21280.0,8.07,8.78,9.96,11.41,12.77,16790.0,18250.0,20720.0,23720.0,26560.0,,
2018,2100002,South Central Kentucky nonmetropolitan area,nonmetro,39-9011,Childcare Workers,1160.0,9.69,20160.0,7.95,8.47,9.34,10.79,12.07,16540.0,17620.0,19420.0,22450.0,25100.0,,
2018,2100003,Central Kentucky nonmetropolitan area,nonmetro,39-9011,Childcare Workers,1310.0,10.15,21100.0,8.11,8.71,9.65,11.4,13.35,16870.0,18110.0,20070.0,23700.0,27770.0,,
2018,2100004,East Kentucky nonmetropolitan area,nonmetro,39-9011,Childcare Workers,520.0,9.56,19890.0,7.92,8.38,9.14,10.38,12.17,16470.0,17420.0,19010.0,21600.0,25320.0,,
2018,2200002,Central Louisiana nonmetropolitan area,nonmetro,39-9011,Childcare Workers,420.0,9.44,19630.0,7.78,8.19,8.84,9.56,11.49,16180.0,17030.0,18380.0,19890.0,23890.0,,
2018,2200003,Northeast Louisiana nonmetropolitan area,nonmetro,39-9011,Childcare Workers,320.0,9.08,18890.0,7.81,8.19,8.79,9.44,12.61,16240.0,17040.0,18280.0,19640.0,26230.0,,
2018,2200006,Southwest Louisiana nonmetropolitan area,nonmetro,39-9011,Childcare Workers,480.0,8.71,18110.0,7.79,8.15,8.73,9.31,9.83,16210.0,16960.0,18160.0,19360.0,20450.0,,
2018,2300001,Northeast Maine nonmetropolitan area,nonmetro,39-9011,Childcare Workers,180.0,12.67,26360.0,10.01,10.89,12.97,14.34,15.18,20810.0,22640.0,26970.0,29830.0,31570.0,,
2018,2300002,Southwest Maine nonmetropolitan area,nonmetro,39-9011,Childcare Workers,1220.0,12.19,25350.0,10.14,10.74,11.74,13.07,14.98,21100.0,22340.0,24420.0,27190.0,31170.0,,
2018,2400006,Maryland nonmetropolitan area,nonmetro,39-9011,Childcare Workers,230.0,12.0,24960.0,9.5,9.93,11.09,13.52,16.6,19760.0,20660.0,23070.0,28110.0,34530.0,,
2018,2500006,Massachusetts nonmetropolitan area,nonmetro,39-9011,Childcare Workers,190.0,12.95,26930.0,11.29,11.49,11.96,13.62,16.93,23470.0,23890.0,24890.0,28320.0,35220.0,,
2018,2600001,Upper Peninsula of Michigan nonmetropolitan area,nonmetro,39-9011,Childcare Workers,380.0,11.11,23110.0,9.4,9.74,10.7,11.72,12.88,19550.0,20260.0,22260.0,24390.0,26790.0,,
2018,2600002,Northeast Lower Peninsula of Michigan nonmetropolitan area,nonmetro,39-9011,Childcare Workers,440.0,10.94,22750.0,9.41,9.68,10.5,11.36,12.3,19570.0,20140.0,21830.0,23620.0,25570.0,,
2018,2600003,Northwest Lower Peninsula of Michigan nonmetropolitan area,nonmetro,39-9011,Childcare Workers,340.0,11.82,24580.0,9.42,9.67,10.56,11.66,18.95,19600.0,20110.0,21960.0,24250.0,39410.0,,
2018,2600004,Balance of Lower Peninsula of Michigan nonmetropolitan area,nonmetro,39-9011,Childcare Workers,950.0,11.14,23160.0,9.3,9.49,10.32,11.87,14.5,19350.0,19740.0,21470.0,24690.0,30170.0,,
2018,2700001,Northwest Minnesota nonmetropolitan area,nonmetro,39-9011,Childcare Workers,370.0,12.09,25140.0,10.03,10.41,11.33,12.97,16.07,20850.0,21650.0,23570.0,26970.0,33420.0,,
2018,2700002,Northeast Minnesota nonmetropolitan area,nonmetro,39-9011,Childcare Workers,160.0,12.06,25080.0,10.06,10.56,11.47,12.8,15.29,20920.0,21970.0,23860.0,26620.0,31800.0,,
2018,2700003,Southwest Minnesota nonmetropolitan area,nonmetro,39-9011,Childcare Workers,540.0,12.88,26790.0,9.86,10.14,11.69,14.73,18.16,20500.0,21080.0,24320.0,30630.0,37780.0,,
2018,2700004,Southeast Minnesota nonmetropolitan area,nonmetro,39-9011,Childcare Workers,610.0,11.09,23070.0,9.7,9.71,10.55,11.67,13.6,20180.0,20200.0,21950.0,24270.0,28290.0,,
2018,2800001,Northeast Mississippi nonmetropolitan area,nonmetro,39-9011,Childcare Workers,1110.0,9.22,19170.0,7.74,8.13,8.77,9.46,12.51,16090.0,16910.0,18250.0,19670.0,26020.0,,
2018,2800002,Northwest Mississippi nonmetropolitan area,nonmetro,39-9011,Childcare Workers,1010.0,9.1,18930.0,7.81,8.18,8.78,9.43,10.99,16240.0,17020.0,18270.0,19620.0,22850.0,,
2018,2800003,Southeast Mississippi nonmetropolitan area,nonmetro,39-9011,Childcare Workers,740.0,9.12,18970.0,7.87,8.28,8.94,9.71,11.49,16380.0,17220.0,18590.0,20200.0,23900.0,,
2018,2800004,Southwest Mississippi nonmetropolitan area,nonmetro,39-9011,Childcare Workers,530.0,8.59,17860.0,7.78,8.12,8.67,9.21,9.68,16190.0,16900.0,18030.0,19150.0,20140.0,,
2018,2900001,Central Missouri nonmetropolitan area,nonmetro,39-9011,Childcare Workers,730.0,9.76,20290.0,8.28,8.66,9.29,10.67,12.08,17230.0,18020.0,19320.0,22190.0,25120.0,,
2018,2900002,North Missouri nonmetropolitan area,nonmetro,39-9011,Childcare Workers,610.0,10.57,21980.0,8.4,8.83,9.58,11.7,14.7,17470.0,18370.0,19930.0,24340.0,30570.0,,
2018,2900003,Southeast Missouri nonmetropolitan area,nonmetro,39-9011,Childcare Workers,810.0,12.11,25180.0,8.31,8.83,9.96,11.78,26.35,17280.0,18360.0,20710.0,24490.0,54810.0,,
2018,2900004,Southwest Missouri nonmetropolitan area,nonmetro,39-9011,Childcare Workers,280.0,10.94,22760.0,8.58,9.26,10.53,12.37,14.26,17850.0,19260.0,21910.0,25730.0,29660.0,,
2018,3000003,Southwest Montana nonmetropolitan area,nonmetro,39-9011,Childcare Workers,780.0,11.2,23310.0,8.82,9.18,9.91,13.47,14.89,18350.0,19090.0,20620.0,28030.0,30970.0,,
2018,3000004,West Montana nonmetropolitan area,nonmetro,39-9011,Childcare Workers,380.0,10.52,21870.0,8.65,9.13,10.24,11.38,12.79,18000.0,18990.0,21300.0,23670.0,26610.0,,
2018,3000006,East-Central Montana nonmetropolitan area,nonmetro,39-9011,Childcare Workers,220.0,10.77,22390.0,9.09,9.72,10.61,11.55,12.35,18910.0,20220.0,22080.0,24010.0,25690.0,,
2018,3100001,Northwest Nebraska nonmetropolitan area,nonmetro,39-9011,Childcare Workers,150.0,11.61,24140.0,9.39,9.79,10.8,12.07,15.29,19520.0,20370.0,22460.0,25110.0,31800.0,,
2018,3100003,Northeast Nebraska nonmetropolitan area,nonmetro,39-9011,Childcare Workers,610.0,10.44,21710.0,9.24,9.58,9.86,11.0,12.18,19210.0,19930.0,20500.0,22880.0,25330.0,,
2018,3100006,South Nebraska nonmetropolitan area,nonmetro,39-9011,Childcare Workers,1060.0,10.63,22110.0,9.37,9.68,9.99,11.22,12.25,19490.0,20130.0,20780.0,23350.0,25480.0,,
2018,3200006,Nevada nonmetropolitan area,nonmetro,39-9011,Childcare Workers,320.0,11.02,22930.0,8.26,9.16,10.37,12.1,15.02,17190.0,19040.0,21560.0,25170.0,31240.0,,
2018,3300001,Northern New Hampshire nonmetropolitan area,nonmetro,39-9011,Childcare Workers,120.0,10.3,21430.0,8.1,8.78,9.99,11.68,13.32,16860.0,18260.0,20780.0,24290.0,27700.0,,
2018,3300002,Central New Hampshire nonmetropolitan area,nonmetro,39-9011,Childcare Workers,310.0,11.65,24230.0,8.77,10.21,11.44,13.07,15.0,18240.0,21230.0,23800.0,27180.0,31200.0,,
2018,3300006,West Central-Southwest New Hampshire nonmetropolitan area,nonmetro,39-9011,Childcare Workers,380.0,12.06,25080.0,9.38,10.55,11.99,13.71,14.97,19510.0,21950.0,24940.0,28520.0,31140.0,,
2018,3500006,Northern New Mexico nonmetropolitan area,nonmetro,39-9011,Childcare Workers,170.0,11.08,23040.0,8.33,9.29,10.57,11.71,14.33,17330.0,19330.0,21980.0,24360.0,29810.0,,
2018,3500007,Eastern New Mexico nonmetropolitan area,nonmetro,39-9011,Childcare Workers,520.0,9.49,19740.0,8.01,8.38,9.0,9.86,11.64,16660.0,17430.0,18710.0,20500.0,24210.0,,
2018,3600001,Capital/Northern New York nonmetropolitan area,nonmetro,39-9011,Childcare Workers,600.0,12.49,25970.0,10.41,10.76,11.54,12.82,15.84,21650.0,22380.0,24010.0,26660.0,32940.0,,
2018,3600004,Southwest New York nonmetropolitan area,nonmetro,39-9011,Childcare Workers,970.0,12.53,26060.0,10.42,10.84,11.54,13.22,16.79,21680.0,22550.0,24000.0,27500.0,34910.0,,
2018,3600006,Central East New York nonmetropolitan area,nonmetro,39-9011,Childcare Workers,1030.0,12.6,26200.0,10.41,10.81,11.52,13.16,16.64,21650.0,22490.0,23960.0,27380.0,34620.0,,
2018,3700001,Southeast Coastal North Carolina nonmetropolitan area,nonmetro,39-9011,Childcare Workers,1210.0,10.66,22160.0,7.88,8.56,9.87,12.78,14.6,16390.0,17810.0,20520.0,26580.0,30360.0,,
2018,3700002,Northeast Coastal North Carolina nonmetropolitan area,nonmetro,39-9011,Childcare Workers,240.0,12.11,25180.0,8.85,10.42,12.53,13.98,14.86,18410.0,21670.0,26060.0,29080.0,30910.0,,
2018,3700003,Piedmont North Carolina nonmetropolitan area,nonmetro,39-9011,Childcare Workers,1420.0,10.28,21390.0,7.83,8.38,9.31,11.82,14.73,16280.0,17430.0,19360.0,24590.0,30640.0,,
2018,3700004,Mountain North Carolina nonmetropolitan area,nonmetro,39-9011,Childcare Workers,570.0,12.94,26920.0,8.51,9.83,11.32,14.01,21.74,17700.0,20450.0,23560.0,29140.0,45230.0,,
2018,3800006,West North Dakota nonmetropolitan area,nonmetro,39-9011,Childcare Workers,570.0,13.58,28240.0,8.7,10.3,12.79,16.01,19.41,18100.0,21430.0,26610.0,33290.0,40380.0,,
2018,3800007,East North Dakota nonmetropolitan area,nonmetro,39-9011,Childcare Workers,500.0,12.13,25220.0,8.41,9.48,11.67,13.79,15.82,17500.0,19720.0,24260.0,28680.0,32900.0,,
2018,3900001,West Northwestern Ohio nonmetropolitan area,nonmetro,39-9011,Childcare Workers,690.0,10.71,22270.0,8.72,9.05,9.68,11.62,14.66,18140.0,18820.0,20130.0,24170.0,30490.0,,
2018,3900002,North Northeastern Ohio non-metropolitan area (non-contiguous),nonmetro,39-9011,Childcare Workers,850.0,10.18,21180.0,8.65,8.94,9.42,11.06,12.9,18000.0,18590.0,19590.0,23000.0,26820.0,,
2018,3900003,Eastern Ohio nonmetropolitan area,nonmetro,39-9011,Childcare Workers,250.0,10.5,21850.0,8.78,9.08,9.54,10.9,13.88,18260.0,18890.0,19840.0,22680.0,28870.0,,
2018,3900004,Southern Ohio non-metropolitan area,nonmetro,39-9011,Childcare Workers,470.0,10.08,20960.0,8.61,8.86,9.24,9.9,13.76,17900.0,18430.0,19220.0,20590.0,28620.0,,
2018,4000001,Northeast Oklahoma nonmetropolitan area,nonmetro,39-9011,Childcare Workers,660.0,10.07,20940.0,8.02,8.55,9.44,11.32,12.73,16670.0,17790.0,19640.0,23550.0,26490.0,,
2018,4000002,Northwest Oklahoma nonmetropolitan area,nonmetro,39-9011,Childcare Workers,320.0,9.29,19320.0,7.99,8.4,9.07,9.78,11.7,16630.0,17470.0,18870.0,20340.0,24340.0,,
2018,4000003,Southwest Oklahoma nonmetropolitan area,nonmetro,39-9011,Childcare Workers,290.0,9.41,19560.0,7.76,8.21,8.9,10.0,12.49,16130.0,17070.0,18520.0,20810.0,25970.0,,
2018,4000004,Southeast Oklahoma nonmetropolitan area,nonmetro,39-9011,Childcare Workers,1140.0,9.55,19860.0,7.87,8.38,9.22,10.47,11.64,16370.0,17440.0,19180.0,21770.0,24210.0,,
2018,4100006,Coast Oregon nonmetropolitan area,nonmetro,39-9011,Childcare Workers,240.0,11.65,24240.0,10.33,10.7,11.32,12.2,14.1,21500.0,22260.0,23540.0,25370.0,29320.0,,
2018,4100007,Central Oregon nonmetropolitan area,nonmetro,39-9011,Childcare Workers,290.0,11.64,24210.0,10.44,10.8,11.4,12.06,13.77,21720.0,22470.0,23720.0,25090.0,28640.0,,
2018,4100008,Eastern Oregon nonmetropolitan area,nonmetro,39-9011,Childcare Workers,,12.31,25610.0,10.22,10.45,11.87,13.81,15.18,21250.0,21730.0,24700.0,28730.0,31580.0,,
2018,4200001,Western Pennsylvania nonmetropolitan area,nonmetro,39-9011,Childcare Workers,410.0,9.75,20290.0,7.86,8.36,9.17,10.74,12.83,16350.0,17380.0,19080.0,22350.0,26690.0,,
2018,4200002,Northern Pennsylvania nonmetropolitan area,nonmetro,39-9011,Childcare Workers,710.0,10.95,22780.0,8.18,9.05,10.34,11.82,15.51,17010.0,18820.0,21500.0,24580.0,32270.0,,
2018,4200003,Southern Pennsylvania nonmetropolitan area,nonmetro,39-9011,Childcare Workers,430.0,9.36,19470.0,7.81,8.24,8.96,9.98,12.12,16250.0,17150.0,18640.0,20750.0,25210.0,,
2018,4500002,Upper Savannah South Carolina nonmetropolitan area,nonmetro,39-9011,Childcare Workers,360.0,10.4,21640.0,8.07,8.61,9.53,11.43,14.2,16780.0,17910.0,19820.0,23770.0,29530.0,,
2018,4500004,Lower Savannah South Carolina nonmetropolitan area,nonmetro,39-9011,Childcare Workers,170.0,9.49,19740.0,7.95,8.4,9.15,10.29,12.02,16540.0,17480.0,19030.0,21400.0,25000.0,,
2018,4500006,Northeast South Carolina nonmetropolitan area,nonmetro,39-9011,Childcare Workers,380.0,8.97,18650.0,7.86,8.25,8.87,9.51,10.71,16340.0,17150.0,18450.0,19780.0,22280.0,,
2018,4600002,East South Dakota nonmetropolitan area,nonmetro,39-9011,Childcare Workers,690.0,10.17,21150.0,9.11,9.32,9.7,10.96,11.92,18950.0,19390.0,20180.0,22790.0,24800.0,,
2018,4600003,West South Dakota nonmetropolitan area,nonmetro,39-9011,Childcare Workers,380.0,10.13,21070.0,9.04,9.23,9.5,10.39,11.88,18800.0,19190.0,19760.0,21610.0,24700.0,,
2018,4700001,West Tennessee nonmetropolitan area,nonmetro,39-9011,Childcare Workers,270.0,9.63,20040.0,7.99,8.47,9.25,10.49,12.3,16630.0,17610.0,19250.0,21820.0,25590.0,,
2018,4700002,South Central Tennessee nonmetropolitan area,nonmetro,39-9011,Childcare Workers,250.0,9.15,19030.0,7.72,8.15,8.83,9.68,11.7,16070.0,16960.0,18370.0,20140.0,24340.0,,
2018,4700003,North Central Tennessee nonmetropolitan area,nonmetro,39-9011,Childcare Workers,190.0,10.0,20810.0,7.82,8.39,9.36,11.6,13.19,16270.0,17460.0,19460.0,24120.0,27430.0,,
2018,4700004,East Tennessee nonmetropolitan area,nonmetro,39-9011,Childcare Workers,350.0,10.52,21880.0,7.88,8.44,9.39,11.83,15.86,16400.0,17560.0,19530.0,24600.0,33000.0,,
2018,4800001,West Texas Region of Texas nonmetropolitan area,nonmetro,39-9011,Childcare Workers,460.0,9.13,19000.0,7.79,8.21,8.89,9.69,11.57,16190.0,17080.0,18490.0,20150.0,24060.0,,
2018,4800002,North Texas Region of Texas nonmetropolitan area,nonmetro,39-9011,Childcare Workers,740.0,9.27,19290.0,7.85,8.27,8.95,9.73,11.66,16330.0,17190.0,18610.0,20240.0,24250.0,,
2018,4800003,Big Thicket Region of Texas nonmetropolitan area,nonmetro,39-9011,Childcare Workers,380.0,9.21,19150.0,7.96,8.38,9.06,9.74,11.15,16570.0,17420.0,18850.0,20260.0,23190.0,,
2018,4800004,Hill Country Region of Texas nonmetropolitan area,nonmetro,39-9011,Childcare Workers,1240.0,10.21,21240.0,8.08,8.6,9.46,11.12,14.37,16800.0,17890.0,19670.0,23120.0,29890.0,,
2018,4800005,Border Region of Texas nonmetropolitan area,nonmetro,39-9011,Childcare Workers,240.0,10.2,21210.0,7.77,8.3,9.19,12.5,14.19,16160.0,17270.0,19120.0,26010.0,29520.0,,
2018,4800006,Coastal Plains Region of Texas nonmetropolitan area,nonmetro,39-9011,Childcare Workers,750.0,8.82,18350.0,7.86,8.22,8.82,9.41,10.16,16340.0,17100.0,18340.0,19580.0,21130.0,,
2018,4900006,Eastern Utah nonmetropolitan area,nonmetro,39-9011,Childcare Workers,430.0,12.12,25210.0,8.39,9.44,11.2,14.23,17.61,17450.0,19630.0,23300.0,29610.0,36630.0,,
2018,4900007,Central Utah nonmetropolitan area,nonmetro,39-9011,Childcare Workers,230.0,12.14,25250.0,8.22,9.19,11.1,14.51,18.06,17100.0,19110.0,23080.0,30170.0,37560.0,,
2018,5000001,Southern Vermont nonmetropolitan area,nonmetro,39-9011,Childcare Workers,560.0,13.68,28440.0,10.86,11.44,12.56,15.3,18.25,22590.0,23800.0,26120.0,31820.0,37960.0,,
2018,5000002,Northern Vermont nonmetropolitan area,nonmetro,39-9011,Childcare Workers,190.0,16.32,33950.0,10.63,11.51,14.72,19.67,25.94,22100.0,23950.0,30620.0,40910.0,53960.0,,
2018,5100001,Southwest Virginia nonmetropolitan area,nonmetro,39-9011,Childcare Workers,120.0,10.47,21780.0,7.88,8.4,9.26,12.19,15.74,16390.0,17470.0,19250.0,25350.0,32730.0,,
2018,5100002,Southside Virginia nonmetropolitan area,nonmetro,39-9011,Childcare Workers,200.0,9.93,20660.0,7.85,8.26,8.94,9.73,14.55,16320.0,17190.0,18600.0,20230.0,30260.0,,
2018,5100003,Northeast Virginia nonmetropolitan area,nonmetro,39-9011,Childcare Workers,210.0,10.85,22560.0,8.05,8.64,9.63,12.12,14.99,16750.0,17960.0,20030.0,25210.0,31180.0,,
2018,5100004,Northwest Virginia nonmetropolitan area,nonmetro,39-9011,Childcare Workers,130.0,10.46,21750.0,8.05,8.79,10.23,11.88,13.85,16740.0,18290.0,21270.0,24710.0,28800.0,,
2018,5300006,Western Washington nonmetropolitan area,nonmetro,39-9011,Childcare Workers,500.0,13.82,28750.0,11.69,12.35,13.55,14.83,16.94,24320.0,25700.0,28180.0,30840.0,35230.0,,
2018,5300007,Eastern Washington nonmetropolitan area,nonmetro,39-9011,Childcare Workers,,12.06,25090.0,11.56,11.64,11.82,12.31,12.65,24050.0,24210.0,24580.0,25610.0,26310.0,,
2018,5400001,Southern West Virginia nonmetropolitan area,nonmetro,39-9011,Childcare Workers,410.0,10.89,22650.0,9.08,9.48,10.51,11.64,12.67,18880.0,19710.0,21870.0,24210.0,26350.0,,
2018,5400002,Northern West Virginia nonmetropolitan area,nonmetro,39-9011,Childcare Workers,500.0,9.98,20770.0,9.08,9.35,9.59,9.87,11.28,18880.0,19440.0,19950.0,20520.0,23450.0,,
2018,5500001,Northwestern Wisconsin nonmetropolitan area,nonmetro,39-9011,Childcare Workers,,10.7,22260.0,9.54,9.95,10.65,11.36,11.78,19850.0,20700.0,22160.0,23620.0,24500.0,,
2018,5500002,Northeastern Wisconsin nonmetropolitan area,nonmetro,39-9011,Childcare Workers,250.0,10.71,22270.0,7.86,8.42,9.4,11.67,17.19,16340.0,17520.0,19560.0,24270.0,35760.0,,
2018,5500003,South Central Wisconsin nonmetropolitan area,nonmetro,39-9011,Childcare Workers,,10.38,21590.0,7.81,8.39,9.37,12.67,14.42,16250.0,17450.0,19490.0,26360.0,29990.0,,
2018,5500004,Western Wisconsin nonmetropolitan area,nonmetro,39-9011,Childcare Workers,160.0,12.08,25130.0,8.76,10.21,12.08,13.82,15.07,18220.0,21240.0,25120.0,28750.0,31340.0,,
2018,5600006,Western Wyoming nonmetropolitan area,nonmetro,39-9011,Childcare Workers,660.0,12.54,26090.0,9.47,10.61,12.19,13.96,15.75,19700.0,22060.0,25350.0,29050.0,32750.0,,
2018,5600007,Eastern Wyoming nonmetropolitan area,nonmetro,39-9011,Childcare Workers,770.0,12.06,25090.0,9.02,10.16,11.45,13.68,16.15,18770.0,21120.0,23810.0,28460.0,33590.0,,
2019,0010180,"Abilene, TX",metro,39-9011,Childcare Workers,320.0,9.95,20690.0,7.89,8.45,9.35,11.38,13.27,16420.0,17570.0,19450.0,23680.0,27600.0,,
2019,0010380,"Aguadilla-Isabela, PR",metro,39-9011,Childcare Workers,80.0,8.52,17730.0,7.8,8.13,8.67,9.2,9.58,16220.0,16920.0,18030.0,19140.0,19920.0,,
2019,0010420,"Akron, OH",metro,39-9011,Childcare Workers,1050.0,11.89,24740.0,8.8,9.15,10.64,14.2,17.66,18300.0,19040.0,22130.0,29530.0,36740.0,,
2019,0010500,"Albany, GA",metro,39-9011,Childcare Workers,410.0,9.46,19670.0,8.06,8.52,9.3,10.15,11.57,16770.0,17730.0,19340.0,21120.0,24060.0,,
2019,0010540,"Albany, OR",metro,39-9011,Childcare Workers,170.0,12.1,25170.0,11.13,11.3,11.59,12.02,14.16,23140.0,23510.0,24120.0,25000.0,29450.0,,
2019,0010580,"Albany-Schenectady-Troy, NY",metro,39-9011,Childcare Workers,3600.0,13.55,28180.0,11.17,11.47,12.15,15.04,18.08,23230.0,23860.0,25280.0,31290.0,37610.0,,
2019,0010740,"Albuquerque, NM",metro,39-9011,Childcare Workers,810.0,12.46,25920.0,8.66,9.51,10.88,16.64,18.96,18010.0,19770.0,22640.0,34620.0,39430.0,,
2019,0010780,"Alexandria, LA",metro,39-9011,Childcare Workers,440.0,9.67,20120.0,8.0,8.41,9.11,9.92,12.45,16630.0,17500.0,18950.0,20630.0,25900.0,,
2019,0010900,"Allentown-Bethlehem-Easton, PA-NJ",metro,39-9011,Childcare Workers,1920.0,11.54,24010.0,8.18,9.17,11.04,13.69,15.68,17010.0,19070.0,22960.0,28480.0,32620.0,,
2019,0011020,"Altoona, PA",metro,39-9011,Childcare Workers,290.0,9.65,20070.0,8.04,8.58,9.48,10.69,11.7,16730.0,17850.0,19710.0,22230.0,24340.0,,
2019,0011100,"Amarillo, TX",metro,39-9011,Childcare Workers,550.0,10.11,21020.0,7.98,8.57,9.58,11.24,13.25,16600.0,17830.0,19930.0,23380.0,27550.0,,
2019,0011180,"Ames, IA",metro,39-9011,Childcare Workers,280.0,9.05,18820.0,7.82,8.22,8.9,9.65,11.13,16260.0,17110.0,18500.0,20080.0,23160.0,,
2019,0011260,"Anchorage, AK",metro,39-9011,Childcare Workers,820.0,13.54,28170.0,10.82,11.46,12.7,14.89,17.76,22500.0,23840.0,26410.0,30980.0,36940.0,,
2019,0011460,"Ann Arbor, MI",metro,39-9011,Childcare Workers,490.0,11.65,24230.0,9.81,10.25,11.21,12.18,13.92,20410.0,21330.0,23310.0,25330.0,28950.0,,
2019,0011500,"Anniston-Oxford-Jacksonville, AL",metro,39-9011,Childcare Workers,170.0,10.31,21440.0,8.17,8.63,9.4,10.72,14.03,16990.0,17960.0,19550.0,22300.0,29180.0,,
2019,0011540,"Appleton, WI",metro,39-9011,Childcare Workers,230.0,10.57,21980.0,8.06,8.58,9.45,13.1,14.87,16760.0,17850.0,19650.0,27250.0,30920.0,,
2019,0011640,"Arecibo, PR",metro,39-9011,Childcare Workers,40.0,8.54,17750.0,7.75,8.18,8.71,9.23,9.76,16110.0,17010.0,18110.0,19200.0,20310.0,,
2019,0011700,"Asheville, NC",metro,39-9011,Childcare Workers,1120.0,12.32,25630.0,8.6,10.18,12.28,14.24,15.88,17880.0,21170.0,25540.0,29620.0,33030.0,,
2019,0012020,"Athens-Clarke County, GA",metro,39-9011,Childcare Workers,270.0,10.03,20870.0,7.79,8.33,9.21,11.75,13.89,16210.0,17320.0,19160.0,24440.0,28900.0,,
2019,0012060,"Atlanta-Sandy Springs-Roswell, GA",metro,39-9011,Childcare Workers,10430.0,10.71,22270.0,7.93,8.51,9.55,11.61,15.68,16490.0,17700.0,19870.0,24140.0,32620.0,,
2019,0012100,"Atlantic City-Hammonton, NJ",metro,39-9011,Childcare Workers,220.0,13.62,28330.0,10.26,11.84,13.54,15.18,17.6,21340.0,24630.0,28170.0,31580.0,36600.0,,
2019,0012220,"Auburn-Opelika, AL",metro,39-9011,Childcare Workers,350.0,9.73,20250.0,7.94,8.47,9.36,10.88,12.38,16500.0,17610.0,19460.0,22640.0,25760.0,,
2019,0012260,"Augusta-Richmond County, GA-SC",metro,39-9011,Childcare Workers,1250.0,9.82,20430.0,8.04,8.59,9.55,10.82,11.91,16730.0,17880.0,19850.0,22510.0,24780.0,,
2019,0012420,"Austin-Round Rock, TX",metro,39-9011,Childcare Workers,4270.0,11.95,24850.0,8.55,9.7,11.41,13.61,15.51,17790.0,20170.0,23740.0,28310.0,32260.0,,
2019,0012540,"Bakersfield, CA",metro,39-9011,Childcare Workers,1400.0,14.08,29290.0,11.37,11.89,13.02,15.17,19.4,23640.0,24740.0,27080.0,31540.0,40340.0,,
2019,0012580,"Baltimore-Columbia-Towson, MD",metro,39-9011,Childcare Workers,5330.0,12.06,25090.0,10.35,10.68,11.41,12.38,14.62,21520.0,22210.0,23740.0,25750.0,30410.0,,
2019,0012940,"Baton Rouge, LA",metro,39-9011,Childcare Workers,1840.0,10.06,20930.0,8.01,8.56,9.52,11.2,12.68,16650.0,17810.0,19790.0,23300.0,26380.0,,
2019,0012980,"Battle Creek, MI",metro,39-9011,Childcare Workers,360.0,11.35,23610.0,9.86,10.27,11.07,11.89,13.16,20500.0,21350.0,23020.0,24740.0,27360.0,,
2019,0013140,"Beaumont-Port Arthur, TX",metro,39-9011,Childcare Workers,960.0,10.53,21900.0,8.12,8.81,10.04,11.92,14.05,16890.0,18320.0,20890.0,24790.0,29230.0,,
2019,0013220,"Beckley, WV",metro,39-9011,Childcare Workers,150.0,10.22,21250.0,9.03,9.33,9.82,11.05,11.78,18780.0,19400.0,20430.0,22990.0,24510.0,,
2019,0013380,"Bellingham, WA",metro,39-9011,Childcare Workers,160.0,13.17,27400.0,12.02,12.03,13.04,14.24,14.99,24990.0,25010.0,27130.0,29610.0,31180.0,,
2019,0013460,"Bend-Redmond, OR",metro,39-9011,Childcare Workers,80.0,13.28,27630.0,11.31,11.76,12.51,14.58,17.1,23520.0,24450.0,26030.0,30320.0,35570.0,,
2019,0013740,"Billings, MT",metro,39-9011,Childcare Workers,750.0,11.19,23270.0,9.1,9.79,10.96,12.17,13.98,18920.0,20360.0,22790.0,25320.0,29080.0,,
2019,0013780,"Binghamton, NY",metro,39-9011,Childcare Workers,860.0,13.55,28190.0,11.42,11.89,13.13,14.7,16.69,23750.0,24730.0,27310.0,30580.0,34720.0,,
2019,0013820,"Birmingham-Hoover, AL",metro,39-9011,Childcare Workers,1530.0,10.63,22110.0,8.15,8.74,9.73,12.17,14.72,16950.0,18190.0,20240.0,25320.0,30620.0,,
2019,0013900,"Bismarck, ND",metro,39-9011,Childcare Workers,620.0,12.21,25400.0,9.61,10.33,11.41,13.37,16.89,19990.0,21480.0,23730.0,27810.0,35140.0,,
2019,0013980,"Blacksburg-Christiansburg-Radford, VA",metro,39-9011,Childcare Workers,460.0,10.02,20840.0,8.06,8.56,9.41,11.15,13.09,16760.0,17810.0,19570.0,23200.0,27240.0,,
2019,0014010,"Bloomington, IL",metro,39-9011,Childcare Workers,240.0,10.12,21040.0,9.14,9.35,9.69,10.04,11.65,19020.0,19440.0,20150.0,20880.0,24230.0,,
2019,0014020,"Bloomington, IN",metro,39-9011,Childcare Workers,210.0,9.9,20580.0,8.1,8.62,9.5,10.98,12.94,16840.0,17930.0,19760.0,22840.0,26920.0,,
2019,0014100,"Bloomsburg-Berwick, PA",metro,39-9011,Childcare Workers,180.0,9.93,20640.0,8.1,8.66,9.56,11.11,12.86,16860.0,18010.0,19880.0,23100.0,26750.0,,
2019,0014260,"Boise City, ID",metro,39-9011,Childcare Workers,740.0,10.63,22110.0,8.21,8.9,10.1,12.19,14.16,17080.0,18510.0,21000.0,25350.0,29450.0,,
2019,0014500,"Boulder, CO",metro,39-9011,Childcare Workers,830.0,15.31,31850.0,11.04,12.11,14.78,17.66,19.61,22950.0,25180.0,30740.0,36730.0,40790.0,,
2019,0014540,"Bowling Green, KY",metro,39-9011,Childcare Workers,400.0,9.28,19300.0,7.92,8.38,9.12,10.01,11.37,16480.0,17420.0,18970.0,20830.0,23660.0,,
2019,0014740,"Bremerton-Silverdale, WA",metro,39-9011,Childcare Workers,150.0,15.72,32700.0,12.11,12.25,14.03,17.4,19.71,25180.0,25480.0,29180.0,36180.0,40990.0,,
2019,0015180,"Brownsville-Harlingen, TX",metro,39-9011,Childcare Workers,750.0,9.41,19570.0,7.91,8.36,9.07,9.96,11.68,16460.0,17380.0,18860.0,20720.0,24290.0,,
2019,0015260,"Brunswick, GA",metro,39-9011,Childcare Workers,100.0,10.47,21770.0,8.18,8.71,9.61,11.31,13.37,17020.0,18120.0,19990.0,23520.0,27800.0,,
2019,0015380,"Buffalo-Cheektowaga-Niagara Falls, NY",metro,39-9011,Childcare Workers,3010.0,12.63,26270.0,11.11,11.44,12.01,12.91,15.07,23110.0,23800.0,24980.0,26860.0,31350.0,,
2019,0015500,"Burlington, NC",metro,39-9011,Childcare Workers,250.0,10.41,21650.0,7.87,8.4,9.25,11.91,15.06,16360.0,17470.0,19240.0,24780.0,31330.0,,
2019,0015680,"California-Lexington Park, MD",metro,39-9011,Childcare Workers,130.0,12.03,25030.0,10.35,10.61,11.32,12.23,14.58,21520.0,22060.0,23540.0,25440.0,30330.0,,
2019,0015940,"Canton-Massillon, OH",metro,39-9011,Childcare Workers,380.0,11.32,23540.0,8.91,9.26,10.06,12.4,15.87,18530.0,19250.0,20920.0,25790.0,33010.0,,
2019,0015980,"Cape Coral-Fort Myers, FL",metro,39-9011,Childcare Workers,450.0,12.13,25230.0,9.1,9.71,11.14,13.32,16.63,18920.0,20190.0,23180.0,27710.0,34590.0,,
2019,0016020,"Cape Girardeau, MO-IL",metro,39-9011,Childcare Workers,220.0,10.23,21290.0,8.42,8.84,9.64,11.29,13.47,17510.0,18380.0,20060.0,23480.0,28020.0,,
2019,0016060,"Carbondale-Marion, IL",metro,39-9011,Childcare Workers,270.0,11.18,23250.0,8.7,9.13,10.06,12.02,16.41,18090.0,19000.0,20930.0,24990.0,34140.0,,
2019,0016180,"Carson City, NV",metro,39-9011,Childcare Workers,90.0,10.93,22740.0,8.19,8.79,9.79,11.54,14.3,17030.0,18280.0,20360.0,24010.0,29740.0,,
2019,0016220,"Casper, WY",metro,39-9011,Childcare Workers,130.0,10.44,21710.0,8.14,8.96,10.27,11.53,12.57,16920.0,18640.0,21360.0,23980.0,26140.0,,
2019,0016300,"Cedar Rapids, IA",metro,39-9011,Childcare Workers,380.0,11.15,23190.0,8.37,9.15,10.44,12.34,15.95,17420.0,19020.0,21710.0,25660.0,33180.0,,
2019,0016540,"Chambersburg-Waynesboro, PA",metro,39-9011,Childcare Workers,250.0,9.19,19110.0,7.87,8.28,8.95,9.62,11.75,16370.0,17210.0,18620.0,20020.0,24440.0,,
2019,0016580,"Champaign-Urbana, IL",metro,39-9011,Childcare Workers,380.0,12.23,25430.0,9.02,9.79,11.47,13.89,16.71,18760.0,20370.0,23860.0,28880.0,34750.0,,
2019,0016620,"Charleston, WV",metro,39-9011,Childcare Workers,400.0,10.82,22500.0,9.12,9.3,9.66,10.9,16.26,18970.0,19340.0,20100.0,22670.0,33810.0,,
2019,0016700,"Charleston-North Charleston, SC",metro,39-9011,Childcare Workers,1490.0,10.14,21090.0,8.13,8.67,9.56,11.56,13.51,16910.0,18020.0,19880.0,24050.0,28090.0,,
2019,0016740,"Charlotte-Concord-Gastonia, NC-SC",metro,39-9011,Childcare Workers,5480.0,11.21,23310.0,8.2,9.09,10.92,12.87,14.83,17060.0,18910.0,22710.0,26770.0,30850.0,,
2019,0016820,"Charlottesville, VA",metro,39-9011,Childcare Workers,430.0,12.23,25440.0,8.44,9.41,11.27,14.35,18.13,17560.0,19570.0,23430.0,29840.0,37720.0,,
2019,0016860,"Chattanooga, TN-GA",metro,39-9011,Childcare Workers,920.0,10.18,21180.0,8.07,8.72,9.76,11.3,13.25,16780.0,18150.0,20290.0,23510.0,27560.0,,
2019,0016940,"Cheyenne, WY",metro,39-9011,Childcare Workers,,10.19,21200.0,8.03,8.54,9.39,11.08,13.88,16690.0,17770.0,19530.0,23040.0,28860.0,,
2019,0016980,"Chicago-Naperville-Elgin, IL-IN-WI",metro,39-9011,Childcare Workers,12830.0,12.4,25800.0,9.13,9.71,11.43,14.16,17.74,18990.0,20190.0,23770.0,29460.0,36900.0,,
2019,0017020,"Chico, CA",metro,39-9011,Childcare Workers,310.0,14.21,29550.0,11.28,11.7,12.39,15.37,19.55,23470.0,24330.0,25770.0,31960.0,40660.0,,
2019,0017140,"Cincinnati, OH-KY-IN",metro,39-9011,Childcare Workers,5190.0,11.69,24310.0,8.84,9.56,11.23,13.57,15.26,18390.0,19870.0,23350.0,28220.0,31750.0,,
2019,0017300,"Clarksville, TN-KY",metro,39-9011,Childcare Workers,630.0,9.56,19890.0,7.97,8.44,9.22,10.42,11.93,16570.0,17550.0,19170.0,21670.0,24810.0,,
2019,0017420,"Cleveland, TN",metro,39-9011,Childcare Workers,210.0,8.88,18480.0,7.78,8.16,8.78,9.46,10.7,16180.0,16970.0,18250.0,19680.0,22250.0,,
2019,0017460,"Cleveland-Elyria, OH",metro,39-9011,Childcare Workers,3070.0,11.03,22930.0,8.95,9.34,10.27,11.85,14.35,18610.0,19430.0,21360.0,24640.0,29860.0,,
2019,0017660,"Coeur d'Alene, ID",metro,39-9011,Childcare Workers,110.0,10.82,22510.0,8.01,8.77,10.4,12.34,14.43,16660.0,18250.0,21640.0,25660.0,30020.0,,
2019,0017780,"College Station-Bryan, TX",metro,39-9011,Childcare Workers,600.0,10.01,20830.0,7.85,8.4,9.31,11.16,13.59,16330.0,17470.0,19370.0,23210.0,28270.0,,
2019,0017820,"Colorado Springs, CO",metro,39-9011,Childcare Workers,810.0,13.57,28220.0,10.94,11.55,12.75,14.66,17.85,22750.0,24030.0,26510.0,30480.0,37120.0,,
2019,0017860,"Columbia, MO",metro,39-9011,Childcare Workers,600.0,12.88,26800.0,8.63,9.24,10.93,16.91,20.03,17940.0,19220.0,22730.0,35170.0,41650.0,,
2019,0017900,"Columbia, SC",metro,39-9011,Childcare Workers,520.0,10.45,21730.0,7.75,8.35,9.44,11.67,14.89,16120.0,17360.0,19630.0,24270.0,30960.0,,
2019,0017980,"Columbus, GA-AL",metro,39-9011,Childcare Workers,470.0,10.29,21410.0,8.01,8.57,9.51,11.61,14.06,16650.0,17820.0,19790.0,24150.0,29250.0,,
2019,0018020,"Columbus, IN",metro,39-9011,Childcare Workers,50.0,11.51,23940.0,8.03,9.07,12.04,13.62,14.58,16710.0,18870.0,25050.0,28340.0,30320.0,,
2019,0018140,"Columbus, OH",metro,39-9011,Childcare Workers,4860.0,12.04,25030.0,9.21,9.91,11.96,13.69,14.94,19160.0,20610.0,24890.0,28470.0,31080.0,,
2019,0018580,"Corpus Christi, TX",metro,39-9011,Childcare Workers,930.0,9.76,20290.0,8.01,8.53,9.41,10.9,12.05,16650.0,17740.0,19560.0,22670.0,25060.0,,
2019,0018700,"Corvallis, OR",metro,39-9011,Childcare Workers,210.0,12.59,26190.0,11.22,11.53,12.17,13.39,14.67,23340.0,23990.0,25310.0,27860.0,30520.0,,
2019,0018880,"Crestview-Fort Walton Beach-Destin, FL",metro,39-9011,Childcare Workers,,10.0,20810.0,9.01,9.29,9.75,10.52,11.97,18750.0,19320.0,20290.0,21880.0,24900.0,,
2019,0019060,"Cumberland, MD-WV",metro,39-9011,Childcare Workers,120.0,11.28,23460.0,9.18,10.34,10.68,11.47,12.3,19090.0,21510.0,22220.0,23850.0,25580.0,,
2019,0019100,"Dallas-Fort Worth-Arlington, TX",metro,39-9011,Childcare Workers,14980.0,11.48,23880.0,8.13,8.91,10.72,13.37,16.23,16910.0,18540.0,22300.0,27810.0,33760.0,,
2019,0019140,"Dalton, GA",metro,39-9011,Childcare Workers,130.0,10.34,21500.0,7.97,8.67,10.03,11.7,13.6,16580.0,18030.0,20860.0,24330.0,28300.0,,
2019,0019180,"Danville, IL",metro,39-9011,Childcare Workers,,11.38,23660.0,9.24,9.62,10.67,12.42,14.38,19210.0,20010.0,22200.0,25840.0,29910.0,,
2019,0019300,"Daphne-Fairhope-Foley, AL",metro,39-9011,Childcare Workers,300.0,8.98,18680.0,7.82,8.19,8.8,9.44,10.96,16270.0,17040.0,18310.0,19630.0,22790.0,,
2019,0019340,"Davenport-Moline-Rock Island, IA-IL",metro,39-9011,Childcare Workers,470.0,11.18,23250.0,8.48,9.16,10.29,12.35,15.69,17640.0,19060.0,21390.0,25690.0,32630.0,,
2019,0019380,"Dayton, OH",metro,39-9011,Childcare Workers,800.0,12.06,25070.0,8.97,9.36,10.23,13.89,17.19,18670.0,19460.0,21280.0,28890.0,35740.0,,
2019,0019460,"Decatur, AL",metro,39-9011,Childcare Workers,210.0,8.64,17970.0,7.86,8.21,8.76,9.32,9.77,16350.0,17070.0,18210.0,19380.0,20330.0,,
2019,0019500,"Decatur, IL",metro,39-9011,Childcare Workers,40.0,10.7,22250.0,8.72,8.99,9.43,11.2,12.46,18140.0,18700.0,19620.0,23300.0,25920.0,,
2019,0019660,"Deltona-Daytona Beach-Ormond Beach, FL",metro,39-9011,Childcare Workers,560.0,10.94,22750.0,9.16,9.69,10.49,11.45,12.16,19050.0,20150.0,21820.0,23810.0,25300.0,,
2019,0019740,"Denver-Aurora-Lakewood, CO",metro,39-9011,Childcare Workers,6330.0,14.68,30530.0,11.12,12.24,13.89,16.01,20.24,23140.0,25450.0,28900.0,33300.0,42110.0,,
2019,0019780,"Des Moines-West Des Moines, IA",metro,39-9011,Childcare Workers,1950.0,11.77,24480.0,8.14,8.89,10.88,14.49,17.29,16930.0,18490.0,22630.0,30150.0,35950.0,,
2019,0019820,"Detroit-Warren-Dearborn, MI",metro,39-9011,Childcare Workers,7260.0,11.87,24700.0,9.74,10.0,11.1,12.59,14.87,20270.0,20790.0,23090.0,26180.0,30920.0,,
2019,0020020,"Dothan, AL",metro,39-9011,Childcare Workers,190.0,8.7,18100.0,7.69,8.11,8.69,9.29,10.07,16000.0,16870.0,18080.0,19330.0,20950.0,,
2019,0020100,"Dover, DE",metro,39-9011,Childcare Workers,60.0,12.42,25830.0,9.06,9.55,10.76,12.46,19.17,18840.0,19860.0,22380.0,25910.0,39880.0,,
2019,0020220,"Dubuque, IA",metro,39-9011,Childcare Workers,300.0,9.77,20330.0,7.8,8.3,9.13,11.15,13.29,16230.0,17270.0,19000.0,23200.0,27650.0,,
2019,0020260,"Duluth, MN-WI",metro,39-9011,Childcare Workers,380.0,13.1,27260.0,10.23,11.03,12.69,14.84,17.41,21280.0,22940.0,26400.0,30880.0,36220.0,,
2019,0020500,"Durham-Chapel Hill, NC",metro,39-9011,Childcare Workers,1400.0,11.78,24500.0,8.05,8.79,10.65,14.07,17.49,16740.0,18290.0,22140.0,29260.0,36380.0,,
2019,0020700,"East Stroudsburg, PA",metro,39-9011,Childcare Workers,180.0,9.06,18830.0,7.82,8.25,8.87,9.62,11.03,16270.0,17160.0,18440.0,20010.0,22940.0,,
2019,0020740,"Eau Claire, WI",metro,39-9011,Childcare Workers,120.0,11.71,24370.0,8.83,9.95,11.53,13.41,14.8,18360.0,20690.0,23990.0,27900.0,30780.0,,
2019,0020940,"El Centro, CA",metro,39-9011,Childcare Workers,290.0,12.73,26490.0,11.22,11.53,12.06,13.39,15.53,23340.0,23990.0,25090.0,27850.0,32300.0,,
2019,0021060,"Elizabethtown-Fort Knox, KY",metro,39-9011,Childcare Workers,430.0,10.34,21510.0,8.12,8.77,9.94,11.7,13.55,16890.0,18230.0,20680.0,24330.0,28180.0,,
2019,0021140,"Elkhart-Goshen, IN",metro,39-9011,Childcare Workers,,10.91,22700.0,7.96,8.45,9.27,11.88,17.88,16550.0,17570.0,19270.0,24710.0,37200.0,,
2019,0021300,"Elmira, NY",metro,39-9011,Childcare Workers,180.0,12.03,25020.0,11.12,11.32,11.66,12.21,13.31,23130.0,23550.0,24240.0,25390.0,27680.0,,
2019,0021340,"El Paso, TX",metro,39-9011,Childcare Workers,1120.0,9.3,19330.0,7.94,8.34,8.99,9.72,11.61,16510.0,17340.0,18700.0,20220.0,24150.0,,
2019,0021420,"Enid, OK",metro,39-9011,Childcare Workers,80.0,9.28,19310.0,8.09,8.48,9.13,9.79,11.3,16820.0,17630.0,18990.0,20360.0,23500.0,,
2019,0021500,"Erie, PA",metro,39-9011,Childcare Workers,630.0,11.23,23370.0,8.07,8.75,10.25,13.5,16.13,16790.0,18190.0,21310.0,28070.0,33540.0,,
2019,0021660,"Eugene, OR",metro,39-9011,Childcare Workers,,13.54,28170.0,11.37,12.05,13.09,14.72,17.19,23660.0,25060.0,27220.0,30620.0,35750.0,,
2019,0021780,"Evansville, IN-KY",metro,39-9011,Childcare Workers,570.0,10.04,20870.0,8.0,8.67,9.86,11.24,12.23,16630.0,18040.0,20510.0,23390.0,25440.0,,
2019,0021820,"Fairbanks, AK",metro,39-9011,Childcare Workers,120.0,16.45,34210.0,11.07,12.18,16.13,19.57,23.58,23020.0,25320.0,33560.0,40710.0,49040.0,,
2019,0022020,"Fargo, ND-MN",metro,39-9011,Childcare Workers,1530.0,12.09,25150.0,9.57,10.37,11.37,12.62,15.38,19900.0,21570.0,23650.0,26250.0,32000.0,,
2019,0022140,"Farmington, NM",metro,39-9011,Childcare Workers,210.0,10.82,22510.0,8.36,9.09,10.6,11.87,12.8,17380.0,18910.0,22050.0,24690.0,26630.0,,
2019,0022180,"Fayetteville, NC",metro,39-9011,Childcare Workers,750.0,10.44,21720.0,8.09,8.74,9.84,11.55,13.93,16820.0,18190.0,20460.0,24020.0,28980.0,,
2019,0022220,"Fayetteville-Springdale-Rogers, AR-MO",metro,39-9011,Childcare Workers,1290.0,10.53,21890.0,8.98,9.25,9.65,11.2,12.78,18680.0,19240.0,20080.0,23290.0,26580.0,,
2019,0022380,"Flagstaff, AZ",metro,39-9011,Childcare Workers,130.0,12.48,25960.0,11.16,11.45,11.93,12.49,14.13,23210.0,23820.0,24810.0,25980.0,29400.0,,
2019,0022420,"Flint, MI",metro,39-9011,Childcare Workers,630.0,11.27,23430.0,9.72,9.93,10.69,11.87,13.9,20220.0,20660.0,22240.0,24700.0,28920.0,,
2019,0022500,"Florence, SC",metro,39-9011,Childcare Workers,380.0,9.3,19330.0,7.97,8.36,9.02,9.74,11.75,16580.0,17390.0,18750.0,20260.0,24430.0,,
2019,0022520,"Florence-Muscle Shoals, AL",metro,39-9011,Childcare Workers,210.0,9.33,19400.0,7.74,8.22,8.93,9.94,11.76,16090.0,17090.0,18570.0,20680.0,24460.0,,
2019,0022540,"Fond du Lac, WI",metro,39-9011,Childcare Workers,90.0,9.85,20480.0,8.06,8.6,9.5,11.09,12.34,16760.0,17880.0,19750.0,23070.0,25670.0,,
2019,0022660,"Fort Collins, CO",metro,39-9011,Childcare Workers,390.0,13.77,28640.0,10.89,11.77,13.37,15.53,17.96,22640.0,24490.0,27820.0,32290.0,37360.0,,
2019,0022900,"Fort Smith, AR-OK",metro,39-9011,Childcare Workers,410.0,9.79,20370.0,8.49,9.16,9.52,10.07,11.62,17660.0,19060.0,19800.0,20950.0,24170.0,,
2019,0023060,"Fort Wayne, IN",metro,39-9011,Childcare Workers,440.0,9.83,20440.0,7.97,8.41,9.14,10.41,13.65,16580.0,17500.0,19020.0,21650.0,28390.0,,
2019,0023420,"Fresno, CA",metro,39-9011,Childcare Workers,1310.0,13.21,27490.0,11.25,11.62,12.25,13.82,15.4,23410.0,24170.0,25480.0,28750.0,32020.0,,
2019,0023460,"Gadsden, AL",metro,39-9011,Childcare Workers,110.0,8.88,18470.0,7.92,8.29,8.9,9.52,10.16,16460.0,17250.0,18520.0,19810.0,21140.0,,
2019,0023540,"Gainesville, FL",metro,39-9011,Childcare Workers,690.0,11.93,24820.0,9.31,9.91,10.94,12.15,15.92,19350.0,20620.0,22760.0,25270.0,33110.0,,
2019,0023580,"Gainesville, GA",metro,39-9011,Childcare Workers,170.0,9.66,20080.0,7.76,8.22,8.99,10.56,13.06,16140.0,17100.0,18700.0,21960.0,27170.0,,
2019,0023900,"Gettysburg, PA",metro,39-9011,Childcare Workers,150.0,11.54,24010.0,9.79,10.45,11.37,12.32,14.13,20370.0,21740.0,23640.0,25630.0,29400.0,,
2019,0024020,"Glens Falls, NY",metro,39-9011,Childcare Workers,230.0,13.61,28310.0,11.33,11.72,12.74,14.73,17.62,23570.0,24380.0,26490.0,30640.0,36650.0,,
2019,0024140,"Goldsboro, NC",metro,39-9011,Childcare Workers,140.0,11.39,23700.0,8.09,8.64,9.58,13.38,18.31,16830.0,17970.0,19930.0,27820.0,38090.0,,
2019,0024220,"Grand Forks, ND-MN",metro,39-9011,Childcare Workers,300.0,10.87,22600.0,8.77,9.95,10.82,11.67,12.44,18240.0,20700.0,22500.0,24270.0,25880.0,,
2019,0024260,"Grand Island, NE",metro,39-9011,Childcare Workers,210.0,11.71,24360.0,9.65,10.08,11.05,12.18,16.22,20080.0,20960.0,22980.0,25340.0,33740.0,,
2019,0024300,"Grand Junction, CO",metro,39-9011,Childcare Workers,160.0,12.42,25830.0,10.7,11.08,11.73,13.33,15.37,22250.0,23060.0,24400.0,27730.0,31960.0,,
2019,0024340,"Grand Rapids-Wyoming, MI",metro,39-9011,Childcare Workers,2080.0,11.77,24490.0,9.91,10.39,11.3,12.33,14.53,20610.0,21610.0,23510.0,25640.0,30230.0,,
2019,0024420,"Grants Pass, OR",metro,39-9011,Childcare Workers,130.0,12.67,26360.0,11.22,11.54,12.15,13.61,15.14,23340.0,24000.0,25270.0,28300.0,31490.0,,
2019,0024500,"Great Falls, MT",metro,39-9011,Childcare Workers,500.0,11.11,23100.0,9.19,9.7,10.79,12.06,13.82,19120.0,20170.0,22450.0,25080.0,28740.0,,
2019,0024540,"Greeley, CO",metro,39-9011,Childcare Workers,200.0,12.58,26160.0,10.59,11.03,11.78,13.85,16.39,22020.0,22940.0,24500.0,28800.0,34100.0,,
2019,0024580,"Green Bay, WI",metro,39-9011,Childcare Workers,590.0,11.71,24370.0,8.53,9.65,11.22,13.2,16.25,17730.0,20060.0,23330.0,27450.0,33790.0,,
2019,0024660,"Greensboro-High Point, NC",metro,39-9011,Childcare Workers,1220.0,10.26,21350.0,8.03,8.63,9.64,11.84,13.62,16700.0,17940.0,20050.0,24630.0,28330.0,,
2019,0024780,"Greenville, NC",metro,39-9011,Childcare Workers,,11.32,23540.0,8.37,9.65,11.11,12.75,14.53,17400.0,20070.0,23110.0,26520.0,30230.0,,
2019,0024860,"Greenville-Anderson-Mauldin, SC",metro,39-9011,Childcare Workers,820.0,9.97,20730.0,8.01,8.56,9.51,11.22,12.8,16650.0,17810.0,19770.0,23340.0,26620.0,,
2019,0025060,"Gulfport-Biloxi-Pascagoula, MS",metro,39-9011,Childcare Workers,850.0,9.6,19980.0,7.97,8.39,9.1,9.98,12.78,16580.0,17460.0,18920.0,20750.0,26590.0,,
2019,0025180,"Hagerstown-Martinsburg, MD-WV",metro,39-9011,Childcare Workers,330.0,12.18,25330.0,9.93,10.57,11.54,12.78,15.36,20660.0,21990.0,24000.0,26590.0,31940.0,,
2019,0025220,"Hammond, LA",metro,39-9011,Childcare Workers,500.0,9.93,20660.0,7.96,8.46,9.3,10.85,12.32,16550.0,17600.0,19340.0,22560.0,25630.0,,
2019,0025260,"Hanford-Corcoran, CA",metro,39-9011,Childcare Workers,350.0,13.18,27410.0,11.27,11.66,12.53,14.57,16.07,23440.0,24260.0,26050.0,30300.0,33430.0,,
2019,0025420,"Harrisburg-Carlisle, PA",metro,39-9011,Childcare Workers,1340.0,11.68,24300.0,8.57,9.94,11.58,13.36,14.84,17830.0,20680.0,24080.0,27800.0,30860.0,,
2019,0025500,"Harrisonburg, VA",metro,39-9011,Childcare Workers,150.0,10.17,21150.0,7.95,8.48,9.35,11.35,14.33,16550.0,17630.0,19450.0,23610.0,29810.0,,
2019,0025620,"Hattiesburg, MS",metro,39-9011,Childcare Workers,330.0,9.19,19120.0,7.89,8.31,9.0,9.81,11.36,16410.0,17290.0,18720.0,20410.0,23620.0,,
2019,0025860,"Hickory-Lenoir-Morganton, NC",metro,39-9011,Childcare Workers,340.0,11.09,23080.0,8.16,8.79,9.85,11.82,14.99,16960.0,18280.0,20490.0,24590.0,31180.0,,
2019,0025940,"Hilton Head Island-Bluffton-Beaufort, SC",metro,39-9011,Childcare Workers,140.0,11.62,24160.0,8.45,9.7,11.07,12.95,16.0,17570.0,20180.0,23020.0,26940.0,33290.0,,
2019,0025980,"Hinesville, GA",metro,39-9011,Childcare Workers,,9.34,19430.0,7.93,8.34,9.04,9.91,11.73,16490.0,17360.0,18800.0,20600.0,24410.0,,
2019,0026140,"Homosassa Springs, FL",metro,39-9011,Childcare Workers,110.0,10.23,21280.0,8.92,9.19,9.68,10.63,12.75,18550.0,19110.0,20120.0,22110.0,26520.0,,
2019,0026300,"Hot Springs, AR",metro,39-9011,Childcare Workers,,10.65,22160.0,9.1,9.32,9.6,10.33,14.59,18930.0,19380.0,19970.0,21490.0,30350.0,,
2019,0026380,"Houma-Thibodaux, LA",metro,39-9011,Childcare Workers,290.0,10.16,21140.0,7.96,8.55,9.55,11.39,13.16,16570.0,17780.0,19860.0,23700.0,27380.0,,
2019,0026420,"Houston-The Woodlands-Sugar Land, TX",metro,39-9011,Childcare Workers,11200.0,11.97,24890.0,8.17,8.98,10.68,13.9,17.68,16990.0,18680.0,22210.0,28910.0,36770.0,,
2019,0026580,"Huntington-Ashland, WV-KY-OH",metro,39-9011,Childcare Workers,700.0,10.8,22460.0,8.84,9.13,9.8,11.31,14.27,18380.0,18980.0,20380.0,23530.0,29690.0,,
2019,0026620,"Huntsville, AL",metro,39-9011,Childcare Workers,270.0,9.76,20290.0,8.12,8.57,9.32,10.16,12.73,16880.0,17820.0,19380.0,21130.0,26480.0,,
2019,0026820,"Idaho Falls, ID",metro,39-9011,Childcare Workers,320.0,9.8,20370.0,7.77,8.33,9.2,11.24,12.62,16160.0,17320.0,19140.0,23390.0,26250.0,,
2019,0026900,"Indianapolis-Carmel-Anderson, IN",metro,39-9011,Childcare Workers,2590.0,10.98,22830.0,8.48,9.46,10.52,11.86,14.27,17650.0,19680.0,21870.0,24660.0,29680.0,,
2019,0026980,"Iowa City, IA",metro,39-9011,Childcare Workers,1130.0,10.81,22490.0,8.15,9.0,10.51,12.03,14.19,16940.0,18710.0,21860.0,25020.0,29510.0,,
2019,0027060,"Ithaca, NY",metro,39-9011,Childcare Workers,380.0,14.11,29350.0,11.88,12.76,13.84,14.96,16.49,24710.0,26540.0,28780.0,31120.0,34300.0,,
2019,0027100,"Jackson, MI",metro,39-9011,Childcare Workers,,12.09,25140.0,9.76,10.04,11.44,13.26,15.57,20290.0,20890.0,23800.0,27590.0,32390.0,,
2019,0027140,"Jackson, MS",metro,39-9011,Childcare Workers,1650.0,9.63,20020.0,7.87,8.31,9.01,10.01,13.26,16370.0,17280.0,18730.0,20820.0,27590.0,,
2019,0027180,"Jackson, TN",metro,39-9011,Childcare Workers,230.0,9.41,19570.0,7.86,8.27,8.95,9.74,12.29,16350.0,17210.0,18620.0,20250.0,25550.0,,
2019,0027260,"Jacksonville, FL",metro,39-9011,Childcare Workers,1740.0,12.92,26880.0,9.15,9.99,11.79,14.84,18.46,19040.0,20790.0,24510.0,30870.0,38390.0,,
2019,0027340,"Jacksonville, NC",metro,39-9011,Childcare Workers,260.0,8.99,18690.0,7.8,8.21,8.86,9.68,11.18,16230.0,17070.0,18430.0,20130.0,23260.0,,
2019,0027500,"Janesville-Beloit, WI",metro,39-9011,Childcare Workers,270.0,11.69,24320.0,8.94,10.11,11.62,13.44,14.52,18590.0,21030.0,24160.0,27960.0,30200.0,,
2019,0027620,"Jefferson City, MO",metro,39-9011,Childcare Workers,550.0,10.78,22430.0,8.52,9.0,9.86,12.06,14.69,17730.0,18710.0,20510.0,25080.0,30560.0,,
2019,0027740,"Johnson City, TN",metro,39-9011,Childcare Workers,220.0,9.97,20740.0,7.92,8.4,9.17,10.82,14.59,16470.0,17460.0,19080.0,22510.0,30350.0,,
2019,0027780,"Johnstown, PA",metro,39-9011,Childcare Workers,330.0,9.28,19310.0,7.84,8.27,8.97,9.91,11.63,16300.0,17200.0,18660.0,20620.0,24180.0,,
2019,0027860,"Jonesboro, AR",metro,39-9011,Childcare Workers,670.0,10.7,22260.0,9.18,9.42,9.96,11.55,13.5,19100.0,19590.0,20710.0,24030.0,28070.0,,
2019,0027900,"Joplin, MO",metro,39-9011,Childcare Workers,280.0,10.25,21310.0,8.33,8.69,9.29,11.44,14.24,17320.0,18060.0,19320.0,23800.0,29620.0,,
2019,0027980,"Kahului-Wailuku-Lahaina, HI",metro,39-9011,Childcare Workers,270.0,13.42,27910.0,10.64,11.21,12.2,14.6,19.21,22130.0,23330.0,25370.0,30370.0,39950.0,,
2019,0028020,"Kalamazoo-Portage, MI",metro,39-9011,Childcare Workers,640.0,13.24,27530.0,9.65,9.82,11.55,14.34,21.77,20060.0,20420.0,24020.0,29830.0,45280.0,,
2019,0028100,"Kankakee, IL",metro,39-9011,Childcare Workers,,10.7,22260.0,8.67,9.08,10.23,12.03,13.92,18040.0,18890.0,21280.0,25020.0,28940.0,,
2019,0028140,"Kansas City, MO-KS",metro,39-9011,Childcare Workers,5430.0,11.24,23390.0,8.4,9.2,10.8,12.69,14.87,17460.0,19140.0,22470.0,26390.0,30930.0,,
2019,0028420,"Kennewick-Richland, WA",metro,39-9011,Childcare Workers,130.0,13.21,27480.0,12.12,12.31,12.74,14.0,15.08,25210.0,25590.0,26500.0,29120.0,31360.0,,
2019,0028660,"Killeen-Temple, TX",metro,39-9011,Childcare Workers,550.0,9.65,20070.0,7.76,8.24,9.02,10.32,12.31,16140.0,17140.0,18750.0,21470.0,25600.0,,
2019,0028700,"Kingsport-Bristol-Bristol, TN-VA",metro,39-9011,Childcare Workers,220.0,9.57,19910.0,7.96,8.43,9.23,10.71,12.02,16550.0,17540.0,19190.0,22280.0,25000.0,,
2019,0028740,"Kingston, NY",metro,39-9011,Childcare Workers,440.0,13.37,27820.0,11.33,11.67,12.62,14.42,16.49,23570.0,24260.0,26240.0,29980.0,34290.0,,
2019,0028940,"Knoxville, TN",metro,39-9011,Childcare Workers,1580.0,10.32,21470.0,8.12,8.7,9.6,11.25,14.05,16890.0,18090.0,19970.0,23400.0,29220.0,,
2019,0029020,"Kokomo, IN",metro,39-9011,Childcare Workers,90.0,9.19,19110.0,8.01,8.39,9.03,9.74,11.26,16660.0,17460.0,18790.0,20250.0,23430.0,,
2019,0029100,"La Crosse-Onalaska, WI-MN",metro,39-9011,Childcare Workers,340.0,11.4,23720.0,8.39,9.26,10.57,11.95,15.62,17450.0,19260.0,21980.0,24860.0,32490.0,,
2019,0029180,"Lafayette, LA",metro,39-9011,Childcare Workers,1200.0,9.32,19390.0,7.87,8.28,8.96,9.74,12.0,16360.0,17230.0,18630.0,20260.0,24960.0,,
2019,0029200,"Lafayette-West Lafayette, IN",metro,39-9011,Childcare Workers,520.0,12.05,25060.0,9.03,10.34,11.52,13.41,15.48,18780.0,21500.0,23960.0,27890.0,32200.0,,
2019,0029340,"Lake Charles, LA",metro,39-9011,Childcare Workers,300.0,8.74,18190.0,7.83,8.2,8.79,9.41,9.96,16290.0,17060.0,18270.0,19570.0,20720.0,,
2019,0029420,"Lake Havasu City-Kingman, AZ",metro,39-9011,Childcare Workers,130.0,12.66,26340.0,11.15,11.36,11.71,13.83,15.58,23190.0,23630.0,24360.0,28760.0,32410.0,,
2019,0029460,"Lakeland-Winter Haven, FL",metro,39-9011,Childcare Workers,560.0,10.52,21880.0,8.72,9.01,9.72,11.47,13.14,18130.0,18750.0,20230.0,23850.0,27320.0,,
2019,0029540,"Lancaster, PA",metro,39-9011,Childcare Workers,660.0,11.83,24610.0,9.67,10.26,11.24,12.67,15.33,20120.0,21350.0,23370.0,26360.0,31890.0,,
2019,0029620,"Lansing-East Lansing, MI",metro,39-9011,Childcare Workers,930.0,11.48,23870.0,9.77,10.1,10.96,11.85,13.59,20320.0,21010.0,22790.0,24640.0,28260.0,,
2019,0029700,"Laredo, TX",metro,39-9011,Childcare Workers,460.0,9.45,19670.0,7.9,8.32,9.0,9.89,11.88,16430.0,17300.0,18720.0,20580.0,24720.0,,
2019,0029740,"Las Cruces, NM",metro,39-9011,Childcare Workers,,9.83,20440.0,8.23,8.59,9.2,9.78,13.2,17110.0,17870.0,19140.0,20340.0,27450.0,,
2019,0029820,"Las Vegas-Henderson-Paradise, NV",metro,39-9011,Childcare Workers,2700.0,10.66,22170.0,8.05,8.72,10.13,11.98,14.93,16730.0,18140.0,21080.0,24920.0,31060.0,,
2019,0029940,"Lawrence, KS",metro,39-9011,Childcare Workers,220.0,10.53,21910.0,8.28,9.15,10.5,11.73,12.54,17230.0,19040.0,21850.0,24390.0,26090.0,,
2019,0030020,"Lawton, OK",metro,39-9011,Childcare Workers,270.0,8.85,18400.0,7.76,8.14,8.75,9.43,10.82,16130.0,16930.0,18210.0,19600.0,22500.0,,
2019,0030140,"Lebanon, PA",metro,39-9011,Childcare Workers,180.0,11.85,24640.0,8.73,10.46,12.34,13.64,14.58,18150.0,21750.0,25660.0,28370.0,30320.0,,
2019,0030300,"Lewiston, ID-WA",metro,39-9011,Childcare Workers,100.0,11.27,23450.0,8.4,10.08,12.03,12.17,12.25,17480.0,20960.0,25030.0,25310.0,25470.0,,
2019,0030460,"Lexington-Fayette, KY",metro,39-9011,Childcare Workers,1410.0,10.79,22450.0,8.15,8.87,10.3,12.35,14.63,16940.0,18450.0,21430.0,25690.0,30440.0,,
2019,0030620,"Lima, OH",metro,39-9011,Childcare Workers,130.0,9.48,19720.0,8.57,8.86,9.18,9.68,10.14,17820.0,18440.0,19090.0,20140.0,21100.0,,
2019,0030700,"Lincoln, NE",metro,39-9011,Childcare Workers,1470.0,11.83,24610.0,9.38,9.8,11.12,12.98,15.93,19520.0,20380.0,23130.0,27010.0,33130.0,,
2019,0030780,"Little Rock-North Little Rock-Conway, AR",metro,39-9011,Childcare Workers,1560.0,11.12,23130.0,9.35,9.69,10.56,12.05,14.15,19440.0,20150.0,21970.0,25070.0,29430.0,,
2019,0030860,"Logan, UT-ID",metro,39-9011,Childcare Workers,300.0,11.1,23080.0,8.18,8.76,9.76,12.65,15.07,17020.0,18220.0,20300.0,26320.0,31340.0,,
2019,0030980,"Longview, TX",metro,39-9011,Childcare Workers,450.0,9.92,20640.0,7.79,8.34,9.26,11.6,12.73,16200.0,17360.0,19260.0,24130.0,26480.0,,
2019,0031080,"Los Angeles-Long Beach-Anaheim, CA",metro,39-9011,Childcare Workers,18490.0,13.79,28670.0,11.31,11.76,12.58,14.85,18.17,23530.0,24460.0,26160.0,30900.0,37800.0,,
2019,0031140,"Louisville/Jefferson County, KY-IN",metro,39-9011,Childcare Workers,3540.0,10.74,22350.0,8.1,8.74,9.78,11.77,14.64,16860.0,18180.0,20330.0,24480.0,30450.0,,
2019,0031180,"Lubbock, TX",metro,39-9011,Childcare Workers,620.0,11.62,24170.0,8.25,9.39,10.93,12.4,17.03,17160.0,19530.0,22730.0,25780.0,35420.0,,
2019,0031340,"Lynchburg, VA",metro,39-9011,Childcare Workers,340.0,9.02,18760.0,8.0,8.38,9.0,9.7,10.7,16640.0,17420.0,18720.0,20170.0,22260.0,,
2019,0031420,"Macon, GA",metro,39-9011,Childcare Workers,,10.31,21450.0,8.19,9.1,10.23,11.31,11.98,17040.0,18940.0,21280.0,23530.0,24920.0,,
2019,0031460,"Madera, CA",metro,39-9011,Childcare Workers,,13.63,28340.0,11.43,12.08,13.48,14.82,17.03,23780.0,25130.0,28030.0,30830.0,35420.0,,
2019,0031540,"Madison, WI",metro,39-9011,Childcare Workers,830.0,12.82,26670.0,7.87,8.63,12.03,16.86,19.26,16360.0,17940.0,25020.0,35080.0,40060.0,,
2019,0031740,"Manhattan, KS",metro,39-9011,Childcare Workers,320.0,9.85,20480.0,8.13,8.74,9.71,10.86,11.82,16910.0,18190.0,20190.0,22600.0,24580.0,,
2019,0031860,"Mankato-North Mankato, MN",metro,39-9011,Childcare Workers,380.0,12.14,25250.0,10.43,10.92,11.74,12.85,14.89,21700.0,22720.0,24430.0,26720.0,30970.0,,
2019,0031900,"Mansfield, OH",metro,39-9011,Childcare Workers,220.0,9.73,20230.0,8.68,8.9,9.23,9.76,11.46,18050.0,18520.0,19200.0,20300.0,23850.0,,
2019,0032420,"Mayaguez, PR",metro,39-9011,Childcare Workers,,10.38,21590.0,8.76,9.55,10.33,11.18,11.68,18220.0,19870.0,21480.0,23240.0,24300.0,,
2019,0032580,"McAllen-Edinburg-Mission, TX",metro,39-9011,Childcare Workers,1490.0,10.06,20920.0,8.02,8.53,9.4,11.1,13.62,16670.0,17750.0,19540.0,23090.0,28330.0,,
2019,0032780,"Medford, OR",metro,39-9011,Childcare Workers,200.0,12.98,27000.0,11.13,11.51,12.13,13.28,14.97,23140.0,23930.0,25230.0,27620.0,31130.0,,
2019,0032820,"Memphis, TN-MS-AR",metro,39-9011,Childcare Workers,2820.0,10.27,21360.0,8.02,8.63,9.55,11.05,12.61,16680.0,17940.0,19860.0,22990.0,26230.0,,
2019,0032900,"Merced, CA",metro,39-9011,Childcare Workers,160.0,15.12,31450.0,11.69,12.51,14.31,17.01,20.66,24320.0,26030.0,29760.0,35370.0,42980.0,,
2019,0033100,"Miami-Fort Lauderdale-West Palm Beach, FL",metro,39-9011,Childcare Workers,10390.0,12.12,25200.0,9.05,9.73,11.36,13.54,15.69,18820.0,20240.0,23620.0,28150.0,32640.0,,
2019,0033220,"Midland, MI",metro,39-9011,Childcare Workers,160.0,11.14,23170.0,9.73,9.89,10.62,11.69,12.93,20240.0,20560.0,22080.0,24320.0,26900.0,,
2019,0033260,"Midland, TX",metro,39-9011,Childcare Workers,360.0,11.3,23500.0,8.13,9.08,11.37,13.17,14.62,16920.0,18890.0,23650.0,27400.0,30410.0,,
2019,0033340,"Milwaukee-Waukesha-West Allis, WI",metro,39-9011,Childcare Workers,1670.0,10.73,22330.0,8.31,9.03,10.15,12.16,14.24,17290.0,18780.0,21100.0,25300.0,29620.0,,
2019,0033460,"Minneapolis-St. Paul-Bloomington, MN-WI",metro,39-9011,Childcare Workers,8570.0,13.21,27470.0,10.27,10.95,12.5,14.86,17.64,21350.0,22780.0,25990.0,30910.0,36700.0,,
2019,0033540,"Missoula, MT",metro,39-9011,Childcare Workers,570.0,10.34,21510.0,8.8,9.14,9.88,11.24,12.25,18300.0,19010.0,20550.0,23390.0,25480.0,,
2019,0033660,"Mobile, AL",metro,39-9011,Childcare Workers,820.0,8.97,18670.0,7.77,8.16,8.77,9.38,10.88,16160.0,16980.0,18230.0,19510.0,22620.0,,
2019,0033700,"Modesto, CA",metro,39-9011,Childcare Workers,810.0,14.62,30420.0,11.4,11.98,13.5,16.97,19.81,23720.0,24920.0,28070.0,35310.0,41210.0,,
2019,0033740,"Monroe, LA",metro,39-9011,Childcare Workers,440.0,9.18,19100.0,7.9,8.33,9.04,9.88,11.34,16440.0,17330.0,18800.0,20550.0,23580.0,,
2019,0033780,"Monroe, MI",metro,39-9011,Childcare Workers,160.0,11.46,23840.0,9.81,10.15,11.1,12.22,13.74,20400.0,21110.0,23100.0,25410.0,28580.0,,
2019,0033860,"Montgomery, AL",metro,39-9011,Childcare Workers,550.0,11.02,22920.0,7.99,8.59,9.63,11.9,17.32,16620.0,17860.0,20020.0,24750.0,36030.0,,
2019,0034060,"Morgantown, WV",metro,39-9011,Childcare Workers,390.0,10.3,21420.0,9.1,9.48,9.88,10.9,11.84,18920.0,19720.0,20540.0,22670.0,24620.0,,
2019,0034100,"Morristown, TN",metro,39-9011,Childcare Workers,70.0,8.9,18510.0,7.68,8.07,8.71,9.43,11.01,15980.0,16790.0,18120.0,19610.0,22910.0,,
2019,0034580,"Mount Vernon-Anacortes, WA",metro,39-9011,Childcare Workers,,13.71,28520.0,12.13,12.43,13.49,14.61,15.56,25220.0,25860.0,28060.0,30390.0,32370.0,,
2019,0034620,"Muncie, IN",metro,39-9011,Childcare Workers,430.0,12.66,26330.0,8.8,10.63,12.92,14.64,15.68,18300.0,22120.0,26870.0,30460.0,32610.0,,
2019,0034740,"Muskegon, MI",metro,39-9011,Childcare Workers,300.0,11.44,23790.0,9.93,10.38,11.13,11.88,12.45,20650.0,21600.0,23150.0,24710.0,25890.0,,
2019,0034820,"Myrtle Beach-Conway-North Myrtle Beach, SC-NC",metro,39-9011,Childcare Workers,600.0,11.63,24190.0,8.32,9.47,11.12,12.96,16.21,17300.0,19700.0,23130.0,26950.0,33720.0,,
2019,0034900,"Napa, CA",metro,39-9011,Childcare Workers,240.0,14.92,31030.0,11.56,12.22,14.36,17.33,19.15,24050.0,25420.0,29870.0,36040.0,39840.0,,
2019,0034940,"Naples-Immokalee-Marco Island, FL",metro,39-9011,Childcare Workers,680.0,11.26,23410.0,9.43,10.13,11.0,11.89,13.32,19610.0,21060.0,22880.0,24730.0,27710.0,,
2019,0034980,"Nashville-Davidson--Murfreesboro--Franklin, TN",metro,39-9011,Childcare Workers,3450.0,11.94,24840.0,8.42,9.58,11.31,13.66,16.48,17520.0,19930.0,23520.0,28410.0,34290.0,,
2019,0035100,"New Bern, NC",metro,39-9011,Childcare Workers,230.0,9.35,19440.0,7.87,8.31,9.02,9.88,11.77,16370.0,17280.0,18760.0,20550.0,24480.0,,
2019,0035380,"New Orleans-Metairie, LA",metro,39-9011,Childcare Workers,1850.0,9.84,20470.0,7.93,8.4,9.18,10.83,13.65,16500.0,17480.0,19100.0,22540.0,28380.0,,
2019,0035620,"New York-Newark-Jersey City, NY-NJ-PA",metro,39-9011,Childcare Workers,51960.0,14.45,30060.0,11.11,11.95,13.95,16.65,18.7,23100.0,24860.0,29020.0,34620.0,38900.0,,
2019,0035660,"Niles-Benton Harbor, MI",metro,39-9011,Childcare Workers,190.0,11.27,23440.0,9.73,10.05,10.82,11.57,12.22,20230.0,20910.0,22500.0,24070.0,25420.0,,
2019,0035840,"North Port-Sarasota-Bradenton, FL",metro,39-9011,Childcare Workers,530.0,11.95,24860.0,8.97,9.51,11.68,13.8,15.22,18660.0,19780.0,24290.0,28700.0,31650.0,,
2019,0036100,"Ocala, FL",metro,39-9011,Childcare Workers,,12.58,26170.0,9.39,10.59,12.33,14.2,16.38,19540.0,22030.0,25640.0,29530.0,34070.0,,
2019,0036140,"Ocean City, NJ",metro,39-9011,Childcare Workers,130.0,12.44,25870.0,9.72,10.59,12.22,14.17,15.39,20210.0,22030.0,25410.0,29480.0,32010.0,,
2019,0036220,"Odessa, TX",metro,39-9011,Childcare Workers,300.0,11.21,23320.0,8.93,10.12,11.12,12.19,13.87,18580.0,21050.0,23130.0,25350.0,28850.0,,
2019,0036260,"Ogden-Clearfield, UT",metro,39-9011,Childcare Workers,1000.0,10.07,20950.0,7.99,8.5,9.37,11.19,13.94,16610.0,17670.0,19490.0,23280.0,29000.0,,
2019,0036420,"Oklahoma City, OK",metro,39-9011,Childcare Workers,1420.0,10.01,20830.0,7.98,8.54,9.49,11.25,13.04,16600.0,17760.0,19750.0,23400.0,27130.0,,
2019,0036500,"Olympia-Tumwater, WA",metro,39-9011,Childcare Workers,,13.37,27800.0,12.02,12.13,12.56,13.98,15.06,25010.0,25230.0,26120.0,29070.0,31330.0,,
2019,0036540,"Omaha-Council Bluffs, NE-IA",metro,39-9011,Childcare Workers,4910.0,11.9,24760.0,9.75,10.11,11.39,13.12,14.9,20280.0,21030.0,23690.0,27290.0,30990.0,,
2019,0036740,"Orlando-Kissimmee-Sanford, FL",metro,39-9011,Childcare Workers,3000.0,10.64,22120.0,8.82,9.2,9.97,11.42,12.77,18350.0,19130.0,20740.0,23760.0,26570.0,,
2019,0036780,"Oshkosh-Neenah, WI",metro,39-9011,Childcare Workers,170.0,10.63,22110.0,7.62,8.14,9.02,12.79,16.11,15840.0,16940.0,18760.0,26610.0,33510.0,,
2019,0036980,"Owensboro, KY",metro,39-9011,Childcare Workers,420.0,9.86,20510.0,7.99,8.5,9.35,11.03,13.3,16610.0,17680.0,19450.0,22950.0,27670.0,,
2019,0037100,"Oxnard-Thousand Oaks-Ventura, CA",metro,39-9011,Childcare Workers,1260.0,15.47,32180.0,11.76,12.74,14.84,17.78,20.47,24460.0,26510.0,30860.0,36980.0,42570.0,,
2019,0037340,"Palm Bay-Melbourne-Titusville, FL",metro,39-9011,Childcare Workers,650.0,12.01,24990.0,9.23,9.93,11.28,12.95,15.29,19190.0,20650.0,23470.0,26930.0,31800.0,,
2019,0037460,"Panama City, FL",metro,39-9011,Childcare Workers,300.0,10.44,21710.0,8.97,9.34,9.92,11.35,12.6,18650.0,19430.0,20620.0,23610.0,26220.0,,
2019,0037620,"Parkersburg-Vienna, WV",metro,39-9011,Childcare Workers,170.0,10.74,22340.0,9.13,9.57,10.13,11.53,12.76,19000.0,19910.0,21070.0,23990.0,26530.0,,
2019,0037860,"Pensacola-Ferry Pass-Brent, FL",metro,39-9011,Childcare Workers,810.0,10.68,22220.0,8.87,9.26,10.15,11.6,12.93,18450.0,19270.0,21110.0,24130.0,26890.0,,
2019,0037900,"Peoria, IL",metro,39-9011,Childcare Workers,730.0,11.08,23050.0,9.03,9.43,10.37,11.97,14.42,18780.0,19620.0,21570.0,24890.0,29990.0,,
2019,0037980,"Philadelphia-Camden-Wilmington, PA-NJ-DE-MD",metro,39-9011,Childcare Workers,11490.0,12.01,24980.0,8.6,9.52,11.12,13.59,16.98,17890.0,19810.0,23120.0,28270.0,35310.0,,
2019,0038060,"Phoenix-Mesa-Scottsdale, AZ",metro,39-9011,Childcare Workers,6540.0,12.78,26570.0,11.18,11.48,12.05,13.58,15.24,23250.0,23880.0,25060.0,28240.0,31700.0,,
2019,0038220,"Pine Bluff, AR",metro,39-9011,Childcare Workers,150.0,10.51,21860.0,8.96,9.17,9.46,10.47,14.02,18640.0,19080.0,19670.0,21780.0,29150.0,,
2019,0038300,"Pittsburgh, PA",metro,39-9011,Childcare Workers,4760.0,11.63,24190.0,8.24,9.16,11.02,13.56,15.98,17140.0,19060.0,22910.0,28200.0,33240.0,,
2019,0038540,"Pocatello, ID",metro,39-9011,Childcare Workers,140.0,10.28,21370.0,7.86,8.44,9.47,12.21,14.23,16360.0,17560.0,19690.0,25400.0,29600.0,,
2019,0038660,"Ponce, PR",metro,39-9011,Childcare Workers,60.0,8.47,17620.0,7.73,8.12,8.64,9.16,9.64,16080.0,16880.0,17970.0,19060.0,20050.0,,
2019,0038900,"Portland-Vancouver-Hillsboro, OR-WA",metro,39-9011,Childcare Workers,3360.0,14.16,29460.0,11.42,12.01,13.28,15.81,18.65,23750.0,24980.0,27620.0,32880.0,38790.0,,
2019,0038940,"Port St. Lucie, FL",metro,39-9011,Childcare Workers,600.0,12.14,25260.0,8.93,9.49,10.93,13.3,18.07,18580.0,19730.0,22720.0,27660.0,37580.0,,
2019,0039140,"Prescott, AZ",metro,39-9011,Childcare Workers,180.0,12.2,25370.0,11.18,11.42,11.84,12.33,13.96,23240.0,23760.0,24620.0,25640.0,29030.0,,
2019,0039340,"Provo-Orem, UT",metro,39-9011,Childcare Workers,750.0,10.23,21270.0,7.92,8.51,9.55,11.37,14.01,16480.0,17690.0,19860.0,23650.0,29150.0,,
2019,0039380,"Pueblo, CO",metro,39-9011,Childcare Workers,190.0,15.79,32850.0,11.25,13.16,15.46,18.13,21.65,23390.0,27380.0,32160.0,37710.0,45040.0,,
2019,0039460,"Punta Gorda, FL",metro,39-9011,Childcare Workers,,12.58,26170.0,9.46,10.36,12.15,14.49,16.92,19670.0,21550.0,25270.0,30130.0,35190.0,,
2019,0039540,"Racine, WI",metro,39-9011,Childcare Workers,,9.72,20220.0,8.25,8.69,9.43,10.14,12.37,17170.0,18080.0,19610.0,21100.0,25730.0,,
2019,0039580,"Raleigh, NC",metro,39-9011,Childcare Workers,3320.0,11.62,24170.0,8.12,8.9,10.78,13.79,17.21,16890.0,18520.0,22420.0,28690.0,35790.0,,
2019,0039660,"Rapid City, SD",metro,39-9011,Childcare Workers,390.0,10.68,22210.0,9.39,9.6,10.19,11.4,12.27,19530.0,19980.0,21190.0,23710.0,25520.0,,
2019,0039740,"Reading, PA",metro,39-9011,Childcare Workers,680.0,11.24,23370.0,8.11,8.8,10.1,12.59,16.84,16860.0,18300.0,21000.0,26190.0,35030.0,,
2019,0039820,"Redding, CA",metro,39-9011,Childcare Workers,180.0,13.67,28430.0,11.37,11.9,13.43,14.9,15.9,23640.0,24760.0,27940.0,31000.0,33070.0,,
2019,0039900,"Reno, NV",metro,39-9011,Childcare Workers,930.0,12.34,25670.0,8.66,9.95,11.87,14.36,16.21,18020.0,20690.0,24690.0,29870.0,33710.0,,
2019,0040060,"Richmond, VA",metro,39-9011,Childcare Workers,2470.0,10.59,22030.0,8.04,8.72,10.07,12.14,14.13,16720.0,18140.0,20950.0,25250.0,29400.0,,
2019,0040140,"Riverside-San Bernardino-Ontario, CA",metro,39-9011,Childcare Workers,6310.0,14.29,29730.0,11.34,11.84,12.86,16.75,19.2,23600.0,24630.0,26760.0,34840.0,39930.0,,
2019,0040220,"Roanoke, VA",metro,39-9011,Childcare Workers,650.0,9.51,19790.0,7.99,8.41,9.12,10.04,12.16,16620.0,17500.0,18970.0,20880.0,25290.0,,
2019,0040340,"Rochester, MN",metro,39-9011,Childcare Workers,460.0,12.48,25950.0,10.37,10.88,11.71,13.57,16.42,21570.0,22630.0,24350.0,28230.0,34160.0,,
2019,0040380,"Rochester, NY",metro,39-9011,Childcare Workers,2820.0,13.3,27660.0,11.29,11.6,12.18,14.33,17.22,23490.0,24130.0,25330.0,29800.0,35820.0,,
2019,0040420,"Rockford, IL",metro,39-9011,Childcare Workers,500.0,10.56,21970.0,8.75,9.03,9.46,11.56,14.29,18190.0,18780.0,19680.0,24040.0,29720.0,,
2019,0040580,"Rocky Mount, NC",metro,39-9011,Childcare Workers,190.0,10.98,22850.0,8.11,8.69,9.69,13.0,15.86,16860.0,18060.0,20160.0,27040.0,32990.0,,
2019,0040660,"Rome, GA",metro,39-9011,Childcare Workers,,8.83,18380.0,8.14,8.47,9.02,9.57,9.93,16940.0,17620.0,18760.0,19910.0,20660.0,,
2019,0040900,"Sacramento--Roseville--Arden-Arcade, CA",metro,39-9011,Childcare Workers,2990.0,13.6,28280.0,11.4,11.96,13.01,14.63,16.56,23710.0,24870.0,27070.0,30430.0,34450.0,,
2019,0040980,"Saginaw, MI",metro,39-9011,Childcare Workers,160.0,11.22,23340.0,9.71,9.85,10.34,11.64,14.1,20200.0,20480.0,21500.0,24220.0,29320.0,,
2019,0041060,"St. Cloud, MN",metro,39-9011,Childcare Workers,430.0,11.43,23770.0,10.38,10.45,11.12,11.94,12.86,21600.0,21730.0,23130.0,24840.0,26750.0,,
2019,0041100,"St. George, UT",metro,39-9011,Childcare Workers,300.0,10.87,22610.0,8.12,8.97,10.44,11.92,14.51,16880.0,18660.0,21720.0,24800.0,30180.0,,
2019,0041140,"St. Joseph, MO-KS",metro,39-9011,Childcare Workers,260.0,9.46,19680.0,8.36,8.68,9.18,9.85,11.54,17380.0,18050.0,19090.0,20480.0,24000.0,,
2019,0041180,"St. Louis, MO-IL",metro,39-9011,Childcare Workers,5440.0,11.61,24140.0,8.61,9.31,10.96,13.44,15.41,17910.0,19360.0,22800.0,27960.0,32050.0,,
2019,0041420,"Salem, OR",metro,39-9011,Childcare Workers,790.0,12.13,25230.0,11.18,11.42,11.85,12.41,13.57,23240.0,23760.0,24640.0,25820.0,28230.0,,
2019,0041500,"Salinas, CA",metro,39-9011,Childcare Workers,410.0,15.88,33040.0,12.25,13.68,16.12,18.22,19.48,25480.0,28460.0,33530.0,37900.0,40530.0,,
2019,0041540,"Salisbury, MD-DE",metro,39-9011,Childcare Workers,430.0,11.31,23530.0,9.58,10.34,10.97,12.03,13.22,19920.0,21520.0,22810.0,25020.0,27500.0,,
2019,0041620,"Salt Lake City, UT",metro,39-9011,Childcare Workers,2610.0,11.59,24110.0,8.21,9.17,11.07,12.68,14.66,17070.0,19070.0,23020.0,26380.0,30500.0,,
2019,0041660,"San Angelo, TX",metro,39-9011,Childcare Workers,290.0,9.59,19950.0,8.15,8.66,9.49,10.49,11.6,16950.0,18000.0,19740.0,21810.0,24130.0,,
2019,0041700,"San Antonio-New Braunfels, TX",metro,39-9011,Childcare Workers,5180.0,10.45,21740.0,8.11,8.81,9.97,11.47,12.88,16870.0,18330.0,20740.0,23850.0,26790.0,,
2019,0041740,"San Diego-Carlsbad, CA",metro,39-9011,Childcare Workers,4470.0,14.18,29490.0,11.39,11.95,13.59,15.47,18.35,23700.0,24860.0,28260.0,32180.0,38160.0,,
2019,0041860,"San Francisco-Oakland-Hayward, CA",metro,39-9011,Childcare Workers,7500.0,17.11,35590.0,12.28,14.09,16.81,19.12,23.47,25550.0,29320.0,34970.0,39760.0,48830.0,,
2019,0041900,"San German, PR",metro,39-9011,Childcare Workers,60.0,9.49,19740.0,7.95,8.49,9.44,10.57,11.51,16540.0,17670.0,19640.0,21990.0,23940.0,,
2019,0041940,"San Jose-Sunnyvale-Santa Clara, CA",metro,39-9011,Childcare Workers,2590.0,15.83,32920.0,11.36,12.01,15.02,18.56,21.72,23620.0,24990.0,31230.0,38610.0,45170.0,,
2019,0041980,"San Juan-Carolina-Caguas, PR",metro,39-9011,Childcare Workers,1580.0,8.97,18660.0,7.81,8.18,8.77,9.39,10.88,16240.0,17010.0,18230.0,19530.0,22640.0,,
2019,0042020,"San Luis Obispo-Paso Robles-Arroyo Grande, CA",metro,39-9011,Childcare Workers,300.0,13.08,27210.0,11.23,11.55,12.15,13.99,16.37,23350.0,24030.0,25280.0,29100.0,34040.0,,
2019,0042100,"Santa Cruz-Watsonville, CA",metro,39-9011,Childcare Workers,330.0,13.78,28670.0,11.48,12.19,13.54,15.1,17.08,23890.0,25350.0,28170.0,31410.0,35530.0,,
2019,0042140,"Santa Fe, NM",metro,39-9011,Childcare Workers,160.0,13.06,27170.0,8.79,9.78,12.85,15.47,18.35,18280.0,20340.0,26730.0,32170.0,38170.0,,
2019,0042200,"Santa Maria-Santa Barbara, CA",metro,39-9011,Childcare Workers,500.0,15.52,32270.0,11.49,12.48,15.54,17.98,19.64,23910.0,25950.0,32320.0,37390.0,40860.0,,
2019,0042220,"Santa Rosa, CA",metro,39-9011,Childcare Workers,1030.0,15.79,32850.0,11.76,13.0,15.46,17.96,19.76,24460.0,27030.0,32160.0,37360.0,41100.0,,
2019,0042340,"Savannah, GA",metro,39-9011,Childcare Workers,990.0,9.02,18770.0,7.7,8.13,8.77,9.59,11.25,16020.0,16910.0,18250.0,19940.0,23390.0,,
2019,0042540,"Scranton--Wilkes-Barre--Hazleton, PA",metro,39-9011,Childcare Workers,910.0,10.6,22050.0,8.18,8.92,10.08,11.7,14.0,17020.0,18540.0,20970.0,24330.0,29110.0,,
2019,0042660,"Seattle-Tacoma-Bellevue, WA",metro,39-9011,Childcare Workers,4020.0,15.8,32860.0,12.35,13.56,15.95,17.91,19.18,25690.0,28200.0,33180.0,37250.0,39890.0,,
2019,0042680,"Sebastian-Vero Beach, FL",metro,39-9011,Childcare Workers,180.0,11.51,23950.0,9.02,9.89,11.01,12.19,14.98,18760.0,20570.0,22890.0,25360.0,31150.0,,
2019,0042700,"Sebring, FL",metro,39-9011,Childcare Workers,90.0,10.91,22690.0,8.91,9.29,10.0,11.89,14.66,18530.0,19320.0,20790.0,24730.0,30500.0,,
2019,0043100,"Sheboygan, WI",metro,39-9011,Childcare Workers,220.0,10.19,21190.0,8.05,8.64,9.71,11.48,12.9,16730.0,17980.0,20200.0,23870.0,26840.0,,
2019,0043300,"Sherman-Denison, TX",metro,39-9011,Childcare Workers,130.0,9.4,19550.0,7.82,8.28,9.05,10.38,11.87,16270.0,17230.0,18830.0,21580.0,24690.0,,
2019,0043340,"Shreveport-Bossier City, LA",metro,39-9011,Childcare Workers,840.0,10.65,22140.0,7.82,8.28,9.03,10.94,14.57,16260.0,17210.0,18780.0,22750.0,30300.0,,
2019,0043420,"Sierra Vista-Douglas, AZ",metro,39-9011,Childcare Workers,,12.7,26410.0,11.26,11.63,12.32,13.88,14.97,23420.0,24200.0,25620.0,28880.0,31130.0,,
2019,0043580,"Sioux City, IA-NE-SD",metro,39-9011,Childcare Workers,320.0,10.29,21390.0,8.31,9.03,9.81,11.34,12.63,17270.0,18780.0,20400.0,23590.0,26270.0,,
2019,0043620,"Sioux Falls, SD",metro,39-9011,Childcare Workers,1140.0,10.63,22120.0,9.3,9.54,10.16,11.4,12.33,19350.0,19840.0,21130.0,23720.0,25650.0,,
2019,0043780,"South Bend-Mishawaka, IN-MI",metro,39-9011,Childcare Workers,210.0,10.65,22140.0,8.32,9.25,10.36,11.65,13.08,17310.0,19230.0,21560.0,24240.0,27210.0,,
2019,0043900,"Spartanburg, SC",metro,39-9011,Childcare Workers,330.0,9.11,18950.0,7.51,7.87,8.45,9.03,11.05,15610.0,16370.0,17580.0,18780.0,22990.0,,
2019,0044060,"Spokane-Spokane Valley, WA",metro,39-9011,Childcare Workers,570.0,13.78,28660.0,12.07,12.16,12.45,14.21,17.79,25110.0,25300.0,25890.0,29560.0,37000.0,,
2019,0044100,"Springfield, IL",metro,39-9011,Childcare Workers,200.0,10.68,22220.0,8.9,9.37,10.45,11.54,12.36,18510.0,19490.0,21740.0,24010.0,25700.0,,
2019,0044180,"Springfield, MO",metro,39-9011,Childcare Workers,1120.0,9.92,20640.0,8.41,8.79,9.46,10.94,12.2,17490.0,18290.0,19680.0,22750.0,25370.0,,
2019,0044220,"Springfield, OH",metro,39-9011,Childcare Workers,100.0,13.43,27940.0,9.29,10.36,12.61,15.65,19.63,19330.0,21560.0,26240.0,32560.0,40840.0,,
2019,0044300,"State College, PA",metro,39-9011,Childcare Workers,240.0,12.21,25390.0,9.55,10.53,11.68,13.73,16.11,19860.0,21900.0,24290.0,28560.0,33510.0,,
2019,0044420,"Staunton-Waynesboro, VA",metro,39-9011,Childcare Workers,260.0,13.05,27140.0,8.42,9.38,14.8,16.78,17.97,17510.0,19520.0,30790.0,34890.0,37370.0,,
2019,0044700,"Stockton-Lodi, CA",metro,39-9011,Childcare Workers,1080.0,14.0,29120.0,11.28,11.68,12.38,15.28,18.88,23460.0,24290.0,25740.0,31790.0,39280.0,,
2019,0044940,"Sumter, SC",metro,39-9011,Childcare Workers,210.0,9.66,20100.0,7.96,8.49,9.35,10.83,12.1,16570.0,17660.0,19440.0,22520.0,25170.0,,
2019,0045060,"Syracuse, NY",metro,39-9011,Childcare Workers,1570.0,13.37,27810.0,11.21,11.53,12.27,14.81,17.37,23320.0,23970.0,25520.0,30800.0,36130.0,,
2019,0045220,"Tallahassee, FL",metro,39-9011,Childcare Workers,440.0,11.62,24160.0,8.96,9.42,10.38,11.92,15.65,18630.0,19590.0,21580.0,24790.0,32560.0,,
2019,0045300,"Tampa-St. Petersburg-Clearwater, FL",metro,39-9011,Childcare Workers,3900.0,11.71,24360.0,8.99,9.48,10.69,12.2,16.34,18700.0,19710.0,22230.0,25380.0,33980.0,,
2019,0045460,"Terre Haute, IN",metro,39-9011,Childcare Workers,410.0,9.61,20000.0,7.88,8.36,9.17,10.74,12.14,16390.0,17400.0,19070.0,22350.0,25250.0,,
2019,0045500,"Texarkana, TX-AR",metro,39-9011,Childcare Workers,220.0,9.67,20100.0,8.28,8.8,9.54,10.14,11.51,17210.0,18310.0,19850.0,21080.0,23940.0,,
2019,0045540,"The Villages, FL",metro,39-9011,Childcare Workers,60.0,11.48,23880.0,8.81,9.13,9.81,12.21,17.77,18330.0,18990.0,20400.0,25390.0,36970.0,,
2019,0045780,"Toledo, OH",metro,39-9011,Childcare Workers,1320.0,12.31,25600.0,9.02,9.53,11.06,13.54,17.64,18770.0,19830.0,23000.0,28170.0,36690.0,,
2019,0045820,"Topeka, KS",metro,39-9011,Childcare Workers,370.0,10.97,22810.0,8.44,9.57,10.87,12.05,13.93,17560.0,19910.0,22610.0,25070.0,28980.0,,
2019,0045940,"Trenton, NJ",metro,39-9011,Childcare Workers,900.0,12.85,26730.0,9.07,9.96,12.31,14.27,17.16,18860.0,20710.0,25600.0,29690.0,35700.0,,
2019,0046060,"Tucson, AZ",metro,39-9011,Childcare Workers,2050.0,12.72,26460.0,11.09,11.36,11.81,12.36,15.37,23070.0,23630.0,24560.0,25710.0,31970.0,,
2019,0046140,"Tulsa, OK",metro,39-9011,Childcare Workers,1800.0,9.92,20620.0,7.93,8.42,9.22,10.82,13.7,16500.0,17510.0,19170.0,22500.0,28500.0,,
2019,0046220,"Tuscaloosa, AL",metro,39-9011,Childcare Workers,300.0,9.89,20570.0,7.94,8.39,9.13,10.45,14.21,16510.0,17450.0,18990.0,21740.0,29560.0,,
2019,0046300,"Twin Falls, ID",metro,39-9011,Childcare Workers,,11.47,23870.0,9.61,10.3,11.23,12.34,14.26,19990.0,21430.0,23350.0,25670.0,29660.0,,
2019,0046340,"Tyler, TX",metro,39-9011,Childcare Workers,320.0,10.93,22740.0,8.34,9.22,10.82,12.8,14.11,17350.0,19170.0,22500.0,26630.0,29350.0,,
2019,0046520,"Urban Honolulu, HI",metro,39-9011,Childcare Workers,1020.0,13.65,28390.0,10.53,10.54,13.24,15.18,17.98,21910.0,21930.0,27550.0,31570.0,37400.0,,
2019,0046540,"Utica-Rome, NY",metro,39-9011,Childcare Workers,580.0,14.19,29520.0,11.51,12.31,13.84,15.57,18.0,23940.0,25610.0,28790.0,32390.0,37440.0,,
2019,0046660,"Valdosta, GA",metro,39-9011,Childcare Workers,190.0,9.21,19150.0,7.71,8.11,8.77,9.53,12.32,16030.0,16860.0,18240.0,19830.0,25620.0,,
2019,0046700,"Vallejo-Fairfield, CA",metro,39-9011,Childcare Workers,520.0,13.98,29070.0,11.39,11.93,13.54,15.63,18.14,23690.0,24820.0,28160.0,32520.0,37740.0,,
2019,0047020,"Victoria, TX",metro,39-9011,Childcare Workers,150.0,9.22,19180.0,7.79,8.22,8.94,9.85,11.57,16210.0,17100.0,18590.0,20480.0,24070.0,,
2019,0047220,"Vineland-Bridgeton, NJ",metro,39-9011,Childcare Workers,,10.16,21140.0,9.0,9.18,9.81,10.85,11.49,18710.0,19100.0,20400.0,22570.0,23890.0,,
2019,0047260,"Virginia Beach-Norfolk-Newport News, VA-NC",metro,39-9011,Childcare Workers,2340.0,10.84,22550.0,8.17,9.0,10.45,12.06,14.43,16990.0,18720.0,21740.0,25090.0,30020.0,,
2019,0047300,"Visalia-Porterville, CA",metro,39-9011,Childcare Workers,970.0,13.27,27590.0,11.28,11.7,12.49,14.42,16.52,23470.0,24330.0,25990.0,29990.0,34360.0,,
2019,0047380,"Waco, TX",metro,39-9011,Childcare Workers,520.0,10.69,22230.0,8.12,8.74,9.8,12.47,14.76,16890.0,18180.0,20390.0,25940.0,30700.0,,
2019,0047460,"Walla Walla, WA",metro,39-9011,Childcare Workers,80.0,13.72,28530.0,12.09,12.2,12.48,14.64,17.67,25140.0,25380.0,25950.0,30450.0,36750.0,,
2019,0047580,"Warner Robins, GA",metro,39-9011,Childcare Workers,400.0,9.89,20570.0,7.79,8.2,8.82,9.53,16.83,16190.0,17060.0,18350.0,19830.0,35000.0,,
2019,0047900,"Washington-Arlington-Alexandria, DC-VA-MD-WV",metro,39-9011,Childcare Workers,10910.0,14.2,29530.0,8.78,10.72,13.96,16.91,20.01,18260.0,22290.0,29040.0,35170.0,41620.0,,
2019,0047940,"Waterloo-Cedar Falls, IA",metro,39-9011,Childcare Workers,670.0,9.21,19160.0,7.86,8.25,8.89,9.63,11.43,16350.0,17170.0,18480.0,20030.0,23780.0,,
2019,0048060,"Watertown-Fort Drum, NY",metro,39-9011,Childcare Workers,250.0,12.21,25400.0,11.11,11.32,11.69,12.07,14.02,23110.0,23540.0,24310.0,25110.0,29150.0,,
2019,0048140,"Wausau, WI",metro,39-9011,Childcare Workers,110.0,11.71,24360.0,8.56,9.92,11.51,13.57,14.83,17790.0,20640.0,23950.0,28220.0,30860.0,,
2019,0048260,"Weirton-Steubenville, WV-OH",metro,39-9011,Childcare Workers,70.0,11.02,22920.0,9.09,9.49,10.7,12.09,13.93,18900.0,19730.0,22250.0,25140.0,28980.0,,
2019,0048300,"Wenatchee, WA",metro,39-9011,Childcare Workers,,13.03,27110.0,12.06,12.13,12.27,13.82,15.09,25080.0,25230.0,25530.0,28750.0,31380.0,,
2019,0048540,"Wheeling, WV-OH",metro,39-9011,Childcare Workers,140.0,10.69,22240.0,9.04,9.54,10.38,11.66,12.65,18800.0,19840.0,21580.0,24260.0,26310.0,,
2019,0048620,"Wichita, KS",metro,39-9011,Childcare Workers,830.0,10.56,21960.0,8.04,8.68,9.74,11.76,14.37,16730.0,18050.0,20260.0,24460.0,29900.0,,
2019,0048660,"Wichita Falls, TX",metro,39-9011,Childcare Workers,310.0,9.4,19540.0,7.89,8.35,9.08,10.12,11.83,16410.0,17360.0,18900.0,21050.0,24610.0,,
2019,0048700,"Williamsport, PA",metro,39-9011,Childcare Workers,290.0,9.97,20740.0,8.13,8.65,9.53,11.12,12.5,16900.0,18000.0,19820.0,23140.0,25990.0,,
2019,0048900,"Wilmington, NC",metro,39-9011,Childcare Workers,200.0,11.01,22910.0,8.25,9.11,10.47,12.02,15.28,17150.0,18940.0,21780.0,25010.0,31780.0,,
2019,0049020,"Winchester, VA-WV",metro,39-9011,Childcare Workers,100.0,11.73,24390.0,8.88,9.87,11.85,13.57,14.68,18480.0,20530.0,24650.0,28240.0,30540.0,,
2019,0049180,"Winston-Salem, NC",metro,39-9011,Childcare Workers,1130.0,11.27,23450.0,8.15,8.92,10.27,13.4,16.6,16960.0,18550.0,21350.0,27880.0,34530.0,,
2019,0049420,"Yakima, WA",metro,39-9011,Childcare Workers,350.0,13.47,28010.0,12.03,12.1,12.24,14.33,16.55,25020.0,25170.0,25450.0,29800.0,34410.0,,
2019,0049620,"York-Hanover, PA",metro,39-9011,Childcare Workers,700.0,10.07,20950.0,7.91,8.59,9.85,11.26,12.42,16460.0,17870.0,20500.0,23410.0,25830.0,,
2019,0049660,"Youngstown-Warren-Boardman, OH-PA",metro,39-9011,Childcare Workers,950.0,10.9,22660.0,8.86,9.18,9.77,11.65,15.97,18430.0,19100.0,20320.0,24230.0,33220.0,,
2019,0049700,"Yuba City, CA",metro,39-9011,Childcare Workers,290.0,13.19,27430.0,11.22,11.55,12.08,14.23,17.55,23350.0,24020.0,25120.0,29590.0,36500.0,,
2019,0049740,"Yuma, AZ",metro,39-9011,Childcare Workers,,11.93,24800.0,11.12,11.29,11.57,11.85,12.02,23130.0,23490.0,24070.0,24650.0,25000.0,,
2019,0070750,"Bangor, ME",metro,39-9011,Childcare Workers,380.0,12.42,25830.0,11.0,11.05,11.69,12.71,15.26,22890.0,22980.0,24310.0,26430.0,31740.0,,
2019,0070900,"Barnstable Town, MA",metro,39-9011,Childcare Workers,360.0,14.92,31040.0,12.02,12.25,13.47,15.02,20.19,25010.0,25480.0,28020.0,31250.0,41990.0,,
2019,0071650,"Boston-Cambridge-Nashua, MA-NH",metro,39-9011,Childcare Workers,10250.0,14.99,31180.0,12.1,12.49,14.19,17.03,19.39,25160.0,25980.0,29520.0,35420.0,40340.0,,
2019,0071950,"Bridgeport-Stamford-Norwalk, CT",metro,39-9011,Childcare Workers,1950.0,14.12,29370.0,11.06,12.02,13.5,15.28,18.54,23010.0,24990.0,28080.0,31780.0,38560.0,,
2019,0072400,"Burlington-South Burlington, VT",metro,39-9011,Childcare Workers,,14.76,30700.0,11.47,12.29,13.92,16.26,19.7,23850.0,25560.0,28950.0,33820.0,40970.0,,
2019,0072850,"Danbury, CT",metro,39-9011,Childcare Workers,450.0,13.2,27450.0,10.96,11.48,12.54,14.57,16.58,22800.0,23880.0,26090.0,30300.0,34480.0,,
2019,0073050,"Dover-Durham, NH-ME",metro,39-9011,Childcare Workers,260.0,12.91,26850.0,9.79,10.73,12.07,14.9,17.83,20370.0,22330.0,25110.0,30990.0,37080.0,,
2019,0073450,"Hartford-West Hartford-East Hartford, CT",metro,39-9011,Childcare Workers,3170.0,13.11,27260.0,10.84,11.32,12.26,14.49,17.11,22550.0,23550.0,25500.0,30140.0,35580.0,,
2019,0074500,"Leominster-Gardner, MA",metro,39-9011,Childcare Workers,180.0,14.53,30220.0,12.41,13.05,14.28,15.79,17.83,25810.0,27150.0,29700.0,32850.0,37090.0,,
2019,0074650,"Lewiston-Auburn, ME",metro,39-9011,Childcare Workers,300.0,12.59,26180.0,11.1,11.49,12.11,13.41,14.81,23080.0,23890.0,25200.0,27890.0,30810.0,,
2019,0074950,"Manchester, NH",metro,39-9011,Childcare Workers,220.0,10.97,22820.0,7.92,8.46,9.35,13.25,15.93,16480.0,17600.0,19450.0,27550.0,33140.0,,
2019,0075550,"New Bedford, MA",metro,39-9011,Childcare Workers,440.0,14.56,30280.0,12.23,12.7,13.93,15.47,17.99,25440.0,26420.0,28980.0,32170.0,37420.0,,
2019,0075700,"New Haven, CT",metro,39-9011,Childcare Workers,1400.0,13.98,29080.0,11.23,11.95,13.45,15.31,18.13,23360.0,24850.0,27980.0,31840.0,37720.0,,
2019,0076450,"Norwich-New London-Westerly, CT-RI",metro,39-9011,Childcare Workers,770.0,13.27,27590.0,10.91,11.41,12.39,14.64,17.21,22700.0,23730.0,25780.0,30460.0,35790.0,,
2019,0076600,"Pittsfield, MA",metro,39-9011,Childcare Workers,120.0,13.87,28840.0,12.13,12.33,13.27,14.87,17.28,25220.0,25640.0,27600.0,30930.0,35940.0,,
2019,0076750,"Portland-South Portland, ME",metro,39-9011,Childcare Workers,640.0,13.77,28650.0,11.28,11.89,13.31,15.54,17.74,23460.0,24730.0,27690.0,32330.0,36900.0,,
2019,0076900,"Portsmouth, NH-ME",metro,39-9011,Childcare Workers,180.0,11.66,24240.0,8.6,9.84,11.52,13.41,14.74,17890.0,20470.0,23950.0,27900.0,30660.0,,
2019,0077200,"Providence-Warwick, RI-MA",metro,39-9011,Childcare Workers,3320.0,13.62,28330.0,10.9,11.49,12.48,14.72,17.47,22670.0,23900.0,25970.0,30620.0,36340.0,,
2019,0078100,"Springfield, MA-CT",metro,39-9011,Childcare Workers,1310.0,14.82,30820.0,12.02,12.16,13.13,15.62,20.03,25000.0,25280.0,27310.0,32490.0,41660.0,,
2019,0078700,"Waterbury, CT",metro,39-9011,Childcare Workers,520.0,12.51,26020.0,10.85,11.31,12.02,13.33,14.66,22570.0,23530.0,25000.0,27720.0,30500.0,,
2019,0079600,"Worcester, MA-CT",metro,39-9011,Childcare Workers,1340.0,14.79,30770.0,12.02,12.25,12.91,17.09,19.36,25010.0,25480.0,26850.0,35550.0,40280.0,,
2019,0100001,Northwest Alabama nonmetropolitan area,nonmetro,39-9011,Childcare Workers,220.0,9.04,18810.0,7.86,8.22,8.81,9.41,10.39,16350.0,17100.0,18330.0,19580.0,21610.0,,
2019,0100002,Northeast Alabama nonmetropolitan area,nonmetro,39-9011,Childcare Workers,400.0,13.29,27650.0,8.86,10.26,13.49,15.85,18.46,18420.0,21340.0,28060.0,32970.0,38390.0,,
2019,0100003,Southwest Alabama nonmetropolitan area,nonmetro,39-9011,Childcare Workers,,8.88,18470.0,7.82,8.19,8.78,9.37,10.15,16260.0,17030.0,18260.0,19490.0,21110.0,,
2019,0100004,Southeast Alabama nonmetropolitan area,nonmetro,39-9011,Childcare Workers,360.0,8.7,18090.0,7.69,8.07,8.66,9.25,9.98,15990.0,16780.0,18010.0,19250.0,20770.0,,
2019,0200006,Alaska nonmetropolitan area,nonmetro,39-9011,Childcare Workers,740.0,13.65,28380.0,11.01,12.05,13.39,14.74,16.37,22910.0,25070.0,27860.0,30660.0,34050.0,,
2019,0400001,Arizona nonmetropolitan area,nonmetro,39-9011,Childcare Workers,,13.05,27140.0,11.03,11.33,11.87,13.59,17.04,22950.0,23560.0,24690.0,28260.0,35440.0,,
2019,0500001,North Arkansas nonmetropolitan area,nonmetro,39-9011,Childcare Workers,300.0,9.58,19930.0,8.92,9.14,9.38,9.7,10.72,18550.0,19000.0,19500.0,20180.0,22300.0,,
2019,0500002,East Arkansas nonmetropolitan area,nonmetro,39-9011,Childcare Workers,730.0,9.91,20610.0,9.03,9.24,9.54,10.32,11.5,18780.0,19220.0,19850.0,21470.0,23920.0,,
2019,0500003,West Arkansas nonmetropolitan area,nonmetro,39-9011,Childcare Workers,260.0,10.03,20860.0,9.16,9.38,9.7,10.46,11.48,19050.0,19510.0,20190.0,21750.0,23870.0,,
2019,0500004,South Arkansas nonmetropolitan area,nonmetro,39-9011,Childcare Workers,380.0,10.54,21920.0,9.04,9.38,9.89,11.25,12.98,18810.0,19500.0,20570.0,23400.0,27000.0,,
2019,0600003,North Coast Region of California nonmetropolitan area,nonmetro,39-9011,Childcare Workers,330.0,13.68,28460.0,11.32,11.77,12.55,15.24,18.2,23530.0,24480.0,26100.0,31710.0,37850.0,,
2019,0600006,Eastern Sierra-Mother Lode Region of California nonmetropolitan area,nonmetro,39-9011,Childcare Workers,250.0,13.72,28540.0,11.31,11.77,12.65,14.72,18.59,23530.0,24470.0,26300.0,30630.0,38660.0,,
2019,0600007,North Valley-Northern Mountains Region of California nonmetropolitan area,nonmetro,39-9011,Childcare Workers,450.0,14.0,29130.0,11.24,11.6,13.19,16.23,18.42,23390.0,24120.0,27430.0,33760.0,38310.0,,
2019,0800001,Eastern and Southern Colorado nonmetropolitan area,nonmetro,39-9011,Childcare Workers,260.0,12.49,25970.0,10.63,10.64,11.4,13.35,16.63,22110.0,22130.0,23710.0,27760.0,34580.0,,
2019,0800002,Southwest Colorado nonmetropolitan area,nonmetro,39-9011,Childcare Workers,400.0,13.38,27830.0,10.92,11.58,12.81,14.55,17.25,22710.0,24090.0,26640.0,30260.0,35880.0,,
2019,0800003,Northwest Colorado nonmetropolitan area,nonmetro,39-9011,Childcare Workers,540.0,16.88,35100.0,11.18,14.63,17.1,19.23,22.36,23260.0,30430.0,35570.0,40000.0,46510.0,,
2019,0900001,Connecticut nonmetropolitan area,nonmetro,39-9011,Childcare Workers,110.0,15.1,31420.0,11.66,12.85,15.13,17.29,18.88,24250.0,26740.0,31480.0,35970.0,39280.0,,
2019,1200003,South Florida nonmetropolitan area,nonmetro,39-9011,Childcare Workers,,11.02,22920.0,9.09,9.54,10.32,11.52,12.46,18900.0,19840.0,21460.0,23950.0,25910.0,,
2019,1200006,North Florida nonmetropolitan area,nonmetro,39-9011,Childcare Workers,,9.61,19990.0,8.66,8.92,9.3,9.98,11.12,18000.0,18550.0,19340.0,20760.0,23120.0,,
2019,1300001,North Georgia nonmetropolitan area,nonmetro,39-9011,Childcare Workers,620.0,10.3,21430.0,8.12,8.75,9.8,11.48,13.35,16900.0,18200.0,20380.0,23880.0,27770.0,,
2019,1300002,Middle Georgia nonmetropolitan area,nonmetro,39-9011,Childcare Workers,550.0,10.31,21430.0,7.88,8.31,8.99,9.86,17.74,16380.0,17270.0,18700.0,20500.0,36900.0,,
2019,1300003,East Georgia nonmetropolitan area,nonmetro,39-9011,Childcare Workers,220.0,10.83,22530.0,8.3,8.93,9.94,12.15,15.1,17270.0,18570.0,20670.0,25270.0,31400.0,,
2019,1300004,South Georgia nonmetropolitan area,nonmetro,39-9011,Childcare Workers,720.0,9.65,20070.0,7.9,8.36,9.11,10.64,12.98,16430.0,17390.0,18960.0,22120.0,27000.0,,
2019,1500001,Hawaii / Kauai nonmetropolitan area,nonmetro,39-9011,Childcare Workers,,12.26,25500.0,10.35,10.54,11.35,12.64,15.28,21530.0,21920.0,23610.0,26300.0,31780.0,,
2019,1600006,Northwestern Idaho nonmetropolitan area,nonmetro,39-9011,Childcare Workers,160.0,11.55,24030.0,8.4,9.42,10.95,12.31,15.16,17480.0,19600.0,22770.0,25610.0,31520.0,,
2019,1600007,Southeast-Central Idaho nonmetropolitan area,nonmetro,39-9011,Childcare Workers,230.0,10.02,20850.0,7.85,8.37,9.21,11.26,14.07,16330.0,17420.0,19150.0,23420.0,29270.0,,
2019,1700001,Northwest Illinois nonmetropolitan area,nonmetro,39-9011,Childcare Workers,380.0,12.6,26210.0,8.98,9.58,11.07,12.82,21.34,18670.0,19930.0,23020.0,26670.0,44380.0,,
2019,1700002,West Central Illinois nonmetropolitan area,nonmetro,39-9011,Childcare Workers,320.0,11.66,24250.0,8.91,9.22,9.79,14.05,17.82,18530.0,19170.0,20360.0,29220.0,37070.0,,
2019,1700003,East Central Illinois nonmetropolitan area,nonmetro,39-9011,Childcare Workers,410.0,10.54,21910.0,8.93,9.32,9.92,11.19,12.5,18560.0,19380.0,20630.0,23270.0,25990.0,,
2019,1700004,South Illinois nonmetropolitan area,nonmetro,39-9011,Childcare Workers,,11.84,24620.0,10.08,10.59,11.38,12.21,12.96,20960.0,22040.0,23670.0,25390.0,26960.0,,
2019,1800001,Northern Indiana nonmetropolitan area,nonmetro,39-9011,Childcare Workers,390.0,10.13,21080.0,7.87,8.42,9.33,11.6,13.9,16380.0,17520.0,19410.0,24120.0,28900.0,,
2019,1800002,Central Indiana nonmetropolitan area,nonmetro,39-9011,Childcare Workers,430.0,10.56,21970.0,8.13,8.72,9.7,12.24,14.35,16920.0,18130.0,20170.0,25460.0,29840.0,,
2019,1800003,Southern Indiana nonmetropolitan area,nonmetro,39-9011,Childcare Workers,530.0,11.3,23500.0,7.94,8.81,11.26,13.68,15.21,16510.0,18320.0,23430.0,28450.0,31630.0,,
2019,1900001,Northeast Iowa nonmetropolitan area,nonmetro,39-9011,Childcare Workers,790.0,8.86,18430.0,7.79,8.19,8.79,9.44,10.42,16200.0,17030.0,18290.0,19630.0,21670.0,,
2019,1900002,Northwest Iowa nonmetropolitan area,nonmetro,39-9011,Childcare Workers,740.0,9.68,20130.0,7.95,8.46,9.31,10.74,12.02,16540.0,17590.0,19360.0,22340.0,25000.0,,
2019,1900003,Southwest Iowa nonmetropolitan area,nonmetro,39-9011,Childcare Workers,310.0,8.9,18510.0,7.76,8.13,8.73,9.34,10.74,16140.0,16910.0,18160.0,19430.0,22330.0,,
2019,1900004,Southeast Iowa nonmetropolitan area,nonmetro,39-9011,Childcare Workers,1280.0,9.22,19190.0,7.83,8.27,8.95,9.8,11.5,16290.0,17190.0,18610.0,20390.0,23920.0,,
2019,2000006,Kansas nonmetropolitan area,nonmetro,39-9011,Childcare Workers,1130.0,10.34,21500.0,7.99,8.58,9.6,11.58,13.87,16620.0,17840.0,19960.0,24090.0,28860.0,,
2019,2100001,West Kentucky nonmetropolitan area,nonmetro,39-9011,Childcare Workers,740.0,10.15,21100.0,7.93,8.55,9.75,11.52,12.82,16500.0,17780.0,20290.0,23960.0,26670.0,,
2019,2100002,South Central Kentucky nonmetropolitan area,nonmetro,39-9011,Childcare Workers,1040.0,10.06,20920.0,8.04,8.65,9.7,11.28,12.48,16730.0,18000.0,20180.0,23470.0,25960.0,,
2019,2100003,Central Kentucky nonmetropolitan area,nonmetro,39-9011,Childcare Workers,1230.0,11.05,22980.0,8.34,9.27,10.79,12.47,14.44,17350.0,19280.0,22450.0,25940.0,30030.0,,
2019,2100004,East Kentucky nonmetropolitan area,nonmetro,39-9011,Childcare Workers,410.0,9.52,19800.0,7.96,8.4,9.13,10.11,11.97,16550.0,17470.0,18990.0,21020.0,24890.0,,
2019,2200002,Central Louisiana nonmetropolitan area,nonmetro,39-9011,Childcare Workers,380.0,9.74,20270.0,7.91,8.34,9.05,9.9,11.92,16460.0,17360.0,18830.0,20590.0,24800.0,,
2019,2200003,Northeast Louisiana nonmetropolitan area,nonmetro,39-9011,Childcare Workers,350.0,9.25,19250.0,7.83,8.2,8.8,9.41,13.49,16280.0,17050.0,18310.0,19580.0,28060.0,,
2019,2200006,Southwest Louisiana nonmetropolitan area,nonmetro,39-9011,Childcare Workers,280.0,8.69,18070.0,7.86,8.22,8.77,9.32,9.79,16350.0,17090.0,18240.0,19390.0,20360.0,,
2019,2300001,Northeast Maine nonmetropolitan area,nonmetro,39-9011,Childcare Workers,170.0,14.55,30270.0,11.79,13.21,14.64,15.97,17.73,24520.0,27480.0,30450.0,33220.0,36880.0,,
2019,2300002,Southwest Maine nonmetropolitan area,nonmetro,39-9011,Childcare Workers,1170.0,13.76,28620.0,11.04,11.89,13.27,15.2,17.64,22960.0,24730.0,27600.0,31610.0,36690.0,,
2019,2400006,Maryland nonmetropolitan area,nonmetro,39-9011,Childcare Workers,150.0,12.61,26230.0,10.35,10.82,11.63,13.61,17.53,21530.0,22500.0,24190.0,28300.0,36460.0,,
2019,2500006,Massachusetts nonmetropolitan area,nonmetro,39-9011,Childcare Workers,130.0,14.27,29680.0,12.07,12.18,12.8,15.8,19.03,25110.0,25320.0,26630.0,32860.0,39570.0,,
2019,2600001,Upper Peninsula of Michigan nonmetropolitan area,nonmetro,39-9011,Childcare Workers,330.0,11.47,23860.0,9.75,9.99,10.96,12.01,14.1,20280.0,20780.0,22790.0,24980.0,29320.0,,
2019,2600002,Northeast Lower Peninsula of Michigan nonmetropolitan area,nonmetro,39-9011,Childcare Workers,370.0,10.98,22830.0,9.79,10.05,10.79,11.61,12.1,20370.0,20910.0,22450.0,24150.0,25180.0,,
2019,2600003,Northwest Lower Peninsula of Michigan nonmetropolitan area,nonmetro,39-9011,Childcare Workers,470.0,12.28,25540.0,9.86,10.2,11.43,12.74,16.0,20520.0,21220.0,23780.0,26490.0,33280.0,,
2019,2600004,Balance of Lower Peninsula of Michigan nonmetropolitan area,nonmetro,39-9011,Childcare Workers,1140.0,11.77,24490.0,9.7,9.98,11.16,12.82,14.81,20170.0,20760.0,23220.0,26670.0,30810.0,,
2019,2700001,Northwest Minnesota nonmetropolitan area,nonmetro,39-9011,Childcare Workers,520.0,12.05,25070.0,10.42,10.72,11.48,12.35,15.76,21680.0,22310.0,23880.0,25680.0,32780.0,,
2019,2700002,Northeast Minnesota nonmetropolitan area,nonmetro,39-9011,Childcare Workers,180.0,12.32,25620.0,10.44,10.84,11.73,12.96,15.53,21720.0,22550.0,24390.0,26950.0,32310.0,,
2019,2700003,Southwest Minnesota nonmetropolitan area,nonmetro,39-9011,Childcare Workers,460.0,12.52,26050.0,10.12,10.56,11.85,13.97,15.83,21050.0,21970.0,24650.0,29060.0,32930.0,,
2019,2700004,Southeast Minnesota nonmetropolitan area,nonmetro,39-9011,Childcare Workers,690.0,11.75,24440.0,10.11,10.12,11.23,12.42,14.62,21040.0,21050.0,23360.0,25840.0,30400.0,,
2019,2800001,Northeast Mississippi nonmetropolitan area,nonmetro,39-9011,Childcare Workers,1000.0,9.32,19380.0,7.96,8.35,9.0,9.7,11.8,16550.0,17370.0,18730.0,20170.0,24550.0,,
2019,2800002,Northwest Mississippi nonmetropolitan area,nonmetro,39-9011,Childcare Workers,780.0,8.63,17940.0,7.8,8.17,8.72,9.27,9.72,16230.0,17000.0,18140.0,19280.0,20220.0,,
2019,2800003,Southeast Mississippi nonmetropolitan area,nonmetro,39-9011,Childcare Workers,570.0,8.79,18280.0,7.75,8.14,8.71,9.31,9.95,16120.0,16920.0,18120.0,19350.0,20700.0,,
2019,2800004,Southwest Mississippi nonmetropolitan area,nonmetro,39-9011,Childcare Workers,320.0,8.82,18340.0,7.81,8.17,8.76,9.38,9.98,16250.0,17000.0,18230.0,19500.0,20760.0,,
2019,2900001,Central Missouri nonmetropolitan area,nonmetro,39-9011,Childcare Workers,790.0,10.14,21090.0,8.39,8.79,9.47,11.39,12.77,17460.0,18280.0,19690.0,23680.0,26560.0,,
2019,2900002,North Missouri nonmetropolitan area,nonmetro,39-9011,Childcare Workers,520.0,11.09,23070.0,8.48,8.96,10.05,12.68,15.59,17650.0,18640.0,20900.0,26360.0,32420.0,,
2019,2900003,Southeast Missouri nonmetropolitan area,nonmetro,39-9011,Childcare Workers,770.0,10.64,22140.0,8.52,9.04,10.06,11.37,12.53,17720.0,18810.0,20910.0,23650.0,26070.0,,
2019,2900004,Southwest Missouri nonmetropolitan area,nonmetro,39-9011,Childcare Workers,310.0,11.66,24260.0,8.9,9.77,11.18,13.21,15.13,18520.0,20330.0,23250.0,27480.0,31480.0,,
2019,3000003,Southwest Montana nonmetropolitan area,nonmetro,39-9011,Childcare Workers,770.0,12.36,25720.0,9.01,9.64,12.27,14.61,15.93,18730.0,20060.0,25510.0,30400.0,33130.0,,
2019,3000004,West Montana nonmetropolitan area,nonmetro,39-9011,Childcare Workers,590.0,11.16,23210.0,8.87,9.31,10.59,12.12,14.66,18460.0,19370.0,22030.0,25200.0,30490.0,,
2019,3000006,East-Central Montana nonmetropolitan area,nonmetro,39-9011,Childcare Workers,190.0,11.32,23550.0,9.53,10.21,11.16,12.11,13.31,19820.0,21230.0,23210.0,25180.0,27690.0,,
2019,3100001,Northwest Nebraska nonmetropolitan area,nonmetro,39-9011,Childcare Workers,190.0,11.26,23430.0,9.33,9.68,10.44,11.83,14.23,19400.0,20120.0,21720.0,24600.0,29610.0,,
2019,3100003,Northeast Nebraska nonmetropolitan area,nonmetro,39-9011,Childcare Workers,610.0,10.77,22400.0,9.51,9.83,10.2,11.41,12.34,19780.0,20440.0,21220.0,23730.0,25660.0,,
2019,3100006,South Nebraska nonmetropolitan area,nonmetro,39-9011,Childcare Workers,1130.0,11.08,23040.0,9.39,9.82,10.62,11.72,13.44,19530.0,20420.0,22090.0,24380.0,27950.0,,
2019,3200006,Nevada nonmetropolitan area,nonmetro,39-9011,Childcare Workers,350.0,11.81,24560.0,8.46,9.71,11.17,13.41,16.15,17600.0,20210.0,23240.0,27890.0,33590.0,,
2019,3300001,Northern New Hampshire nonmetropolitan area,nonmetro,39-9011,Childcare Workers,130.0,11.31,23520.0,8.4,9.49,11.1,12.91,14.66,17470.0,19740.0,23090.0,26840.0,30490.0,,
2019,3300002,Central New Hampshire nonmetropolitan area,nonmetro,39-9011,Childcare Workers,250.0,11.61,24150.0,8.84,9.97,11.48,13.14,14.58,18390.0,20740.0,23870.0,27340.0,30330.0,,
2019,3300006,West Central-Southwest New Hampshire nonmetropolitan area,nonmetro,39-9011,Childcare Workers,360.0,13.25,27550.0,10.07,11.37,13.07,14.91,17.27,20950.0,23660.0,27180.0,31020.0,35930.0,,
2019,3500006,Northern New Mexico nonmetropolitan area,nonmetro,39-9011,Childcare Workers,150.0,11.28,23460.0,8.36,9.18,10.77,12.09,14.01,17400.0,19090.0,22390.0,25150.0,29140.0,,
2019,3500007,Eastern New Mexico nonmetropolitan area,nonmetro,39-9011,Childcare Workers,600.0,9.8,20380.0,8.26,8.64,9.28,10.17,12.09,17190.0,17980.0,19300.0,21150.0,25150.0,,
2019,3600001,Capital/Northern New York nonmetropolitan area,nonmetro,39-9011,Childcare Workers,710.0,13.27,27610.0,11.39,11.82,12.58,14.16,16.2,23700.0,24580.0,26180.0,29440.0,33690.0,,
2019,3600004,Southwest New York nonmetropolitan area,nonmetro,39-9011,Childcare Workers,1230.0,12.88,26780.0,11.24,11.48,11.93,13.22,16.3,23380.0,23880.0,24810.0,27500.0,33890.0,,
2019,3600006,Central East New York nonmetropolitan area,nonmetro,39-9011,Childcare Workers,970.0,13.02,27080.0,11.29,11.59,12.1,13.54,16.19,23470.0,24100.0,25170.0,28170.0,33670.0,,
2019,3700001,Southeast Coastal North Carolina nonmetropolitan area,nonmetro,39-9011,Childcare Workers,1520.0,10.6,22060.0,8.04,8.69,9.83,11.95,14.7,16730.0,18070.0,20440.0,24850.0,30570.0,,
2019,3700002,Northeast Coastal North Carolina nonmetropolitan area,nonmetro,39-9011,Childcare Workers,230.0,12.46,25920.0,8.95,10.88,12.94,14.45,15.36,18620.0,22620.0,26920.0,30060.0,31950.0,,
2019,3700003,Piedmont North Carolina nonmetropolitan area,nonmetro,39-9011,Childcare Workers,1750.0,11.21,23310.0,8.02,8.65,9.81,12.68,17.01,16670.0,17980.0,20410.0,26370.0,35390.0,,
2019,3700004,Mountain North Carolina nonmetropolitan area,nonmetro,39-9011,Childcare Workers,570.0,13.45,27970.0,8.93,10.11,11.62,14.9,21.42,18580.0,21030.0,24160.0,30990.0,44560.0,,
2019,3800006,West North Dakota nonmetropolitan area,nonmetro,39-9011,Childcare Workers,590.0,13.22,27490.0,9.16,10.65,12.94,15.45,18.06,19050.0,22160.0,26920.0,32140.0,37550.0,,
2019,3800007,East North Dakota nonmetropolitan area,nonmetro,39-9011,Childcare Workers,490.0,11.97,24890.0,8.16,9.07,11.07,13.68,16.45,16960.0,18860.0,23020.0,28450.0,34220.0,,
2019,3900001,West Northwestern Ohio nonmetropolitan area,nonmetro,39-9011,Childcare Workers,660.0,9.92,20640.0,8.66,8.95,9.41,10.6,11.81,18010.0,18610.0,19580.0,22040.0,24560.0,,
2019,3900002,North Northeastern Ohio non-metropolitan area (non-contiguous),nonmetro,39-9011,Childcare Workers,920.0,10.14,21090.0,8.77,9.05,9.52,10.64,12.49,18240.0,18830.0,19800.0,22130.0,25980.0,,
2019,3900003,Eastern Ohio nonmetropolitan area,nonmetro,39-9011,Childcare Workers,270.0,11.88,24710.0,8.97,9.4,10.69,13.5,17.18,18670.0,19560.0,22230.0,28090.0,35730.0,,
2019,3900004,Southern Ohio non-metropolitan area,nonmetro,39-9011,Childcare Workers,550.0,9.93,20650.0,8.7,8.98,9.37,9.92,12.15,18100.0,18670.0,19480.0,20630.0,25270.0,,
2019,4000001,Northeast Oklahoma nonmetropolitan area,nonmetro,39-9011,Childcare Workers,370.0,10.18,21170.0,8.09,8.62,9.51,11.05,13.31,16830.0,17930.0,19790.0,22990.0,27690.0,,
2019,4000002,Northwest Oklahoma nonmetropolitan area,nonmetro,39-9011,Childcare Workers,290.0,9.56,19890.0,7.9,8.4,9.18,10.41,12.26,16430.0,17470.0,19100.0,21650.0,25510.0,,
2019,4000003,Southwest Oklahoma nonmetropolitan area,nonmetro,39-9011,Childcare Workers,270.0,9.29,19330.0,7.92,8.32,8.98,9.65,11.66,16480.0,17300.0,18670.0,20080.0,24250.0,,
2019,4000004,Southeast Oklahoma nonmetropolitan area,nonmetro,39-9011,Childcare Workers,960.0,9.79,20360.0,7.99,8.5,9.37,10.77,12.05,16620.0,17680.0,19480.0,22410.0,25070.0,,
2019,4100006,Coast Oregon nonmetropolitan area,nonmetro,39-9011,Childcare Workers,200.0,12.18,25340.0,11.17,11.44,11.89,12.54,14.19,23240.0,23800.0,24740.0,26080.0,29520.0,,
2019,4100007,Central Oregon nonmetropolitan area,nonmetro,39-9011,Childcare Workers,260.0,12.4,25800.0,11.22,11.53,12.05,12.93,14.69,23330.0,23980.0,25060.0,26890.0,30560.0,,
2019,4100008,Eastern Oregon nonmetropolitan area,nonmetro,39-9011,Childcare Workers,140.0,13.66,28410.0,11.01,11.5,13.27,15.31,17.34,22890.0,23920.0,27600.0,31850.0,36070.0,,
2019,4200001,Western Pennsylvania nonmetropolitan area,nonmetro,39-9011,Childcare Workers,710.0,10.21,21240.0,8.21,8.96,9.91,11.16,12.29,17070.0,18640.0,20610.0,23210.0,25570.0,,
2019,4200002,Northern Pennsylvania nonmetropolitan area,nonmetro,39-9011,Childcare Workers,660.0,10.61,22070.0,8.23,9.05,10.43,11.8,13.39,17120.0,18830.0,21690.0,24540.0,27850.0,,
2019,4200003,Southern Pennsylvania nonmetropolitan area,nonmetro,39-9011,Childcare Workers,500.0,9.5,19750.0,7.96,8.4,9.13,10.11,12.03,16560.0,17480.0,19000.0,21020.0,25010.0,,
2019,4500002,Upper Savannah South Carolina nonmetropolitan area,nonmetro,39-9011,Childcare Workers,320.0,10.69,22240.0,7.98,8.59,9.71,11.97,15.41,16600.0,17870.0,20190.0,24890.0,32050.0,,
2019,4500004,Lower Savannah South Carolina nonmetropolitan area,nonmetro,39-9011,Childcare Workers,160.0,8.95,18610.0,7.74,8.19,8.84,9.66,10.94,16100.0,17040.0,18380.0,20100.0,22760.0,,
2019,4500006,Northeast South Carolina nonmetropolitan area,nonmetro,39-9011,Childcare Workers,350.0,9.68,20130.0,7.91,8.32,9.01,9.83,12.46,16440.0,17310.0,18740.0,20450.0,25920.0,,
2019,4600002,East South Dakota nonmetropolitan area,nonmetro,39-9011,Childcare Workers,530.0,10.54,21910.0,9.4,9.59,9.98,11.27,12.41,19550.0,19950.0,20760.0,23450.0,25820.0,,
2019,4600003,West South Dakota nonmetropolitan area,nonmetro,39-9011,Childcare Workers,380.0,10.08,20970.0,9.18,9.33,9.64,10.33,11.64,19090.0,19400.0,20050.0,21490.0,24220.0,,
2019,4700001,West Tennessee nonmetropolitan area,nonmetro,39-9011,Childcare Workers,250.0,9.37,19480.0,7.69,8.13,8.86,10.32,12.24,16000.0,16920.0,18420.0,21460.0,25450.0,,
2019,4700002,South Central Tennessee nonmetropolitan area,nonmetro,39-9011,Childcare Workers,410.0,9.16,19060.0,7.79,8.23,8.91,9.78,11.43,16200.0,17110.0,18540.0,20350.0,23770.0,,
2019,4700003,North Central Tennessee nonmetropolitan area,nonmetro,39-9011,Childcare Workers,210.0,10.09,21000.0,7.91,8.42,9.27,11.47,13.9,16450.0,17510.0,19280.0,23860.0,28920.0,,
2019,4700004,East Tennessee nonmetropolitan area,nonmetro,39-9011,Childcare Workers,350.0,10.38,21590.0,8.08,8.63,9.57,11.49,14.24,16800.0,17960.0,19900.0,23890.0,29620.0,,
2019,4800001,West Texas Region of Texas nonmetropolitan area,nonmetro,39-9011,Childcare Workers,460.0,9.38,19510.0,8.03,8.43,9.11,9.81,12.0,16700.0,17540.0,18940.0,20400.0,24960.0,,
2019,4800002,North Texas Region of Texas nonmetropolitan area,nonmetro,39-9011,Childcare Workers,670.0,9.76,20300.0,7.91,8.37,9.15,10.73,13.23,16440.0,17410.0,19020.0,22320.0,27510.0,,
2019,4800003,Big Thicket Region of Texas nonmetropolitan area,nonmetro,39-9011,Childcare Workers,400.0,9.44,19640.0,7.89,8.36,9.12,10.35,11.95,16410.0,17400.0,18980.0,21520.0,24850.0,,
2019,4800004,Hill Country Region of Texas nonmetropolitan area,nonmetro,39-9011,Childcare Workers,890.0,10.18,21170.0,7.79,8.31,9.14,11.22,15.19,16200.0,17270.0,19000.0,23350.0,31600.0,,
2019,4800005,Border Region of Texas nonmetropolitan area,nonmetro,39-9011,Childcare Workers,230.0,11.07,23020.0,8.01,8.61,9.61,13.97,15.19,16670.0,17900.0,19990.0,29070.0,31590.0,,
2019,4800006,Coastal Plains Region of Texas nonmetropolitan area,nonmetro,39-9011,Childcare Workers,780.0,9.48,19720.0,8.0,8.4,9.06,9.8,11.85,16640.0,17460.0,18840.0,20380.0,24640.0,,
2019,4900006,Eastern Utah nonmetropolitan area,nonmetro,39-9011,Childcare Workers,430.0,13.74,28590.0,8.69,10.5,12.5,14.93,18.41,18080.0,21850.0,26000.0,31050.0,38280.0,,
2019,4900007,Central Utah nonmetropolitan area,nonmetro,39-9011,Childcare Workers,220.0,10.17,21160.0,7.91,8.48,9.47,11.45,12.94,16440.0,17630.0,19690.0,23810.0,26910.0,,
2019,5000001,Southern Vermont nonmetropolitan area,nonmetro,39-9011,Childcare Workers,610.0,14.51,30170.0,11.25,11.83,13.27,15.67,19.13,23400.0,24610.0,27590.0,32600.0,39800.0,,
2019,5000002,Northern Vermont nonmetropolitan area,nonmetro,39-9011,Childcare Workers,160.0,16.48,34280.0,11.41,12.12,14.57,18.52,26.99,23740.0,25210.0,30300.0,38530.0,56150.0,,
2019,5100001,Southwest Virginia nonmetropolitan area,nonmetro,39-9011,Childcare Workers,,10.51,21860.0,8.08,8.55,9.32,11.22,16.97,16810.0,17780.0,19380.0,23340.0,35300.0,,
2019,5100002,Southside Virginia nonmetropolitan area,nonmetro,39-9011,Childcare Workers,230.0,9.89,20580.0,7.91,8.32,9.0,9.87,14.24,16440.0,17300.0,18730.0,20520.0,29620.0,,
2019,5100003,Northeast Virginia nonmetropolitan area,nonmetro,39-9011,Childcare Workers,240.0,11.04,22970.0,8.08,8.72,9.91,12.44,15.29,16810.0,18130.0,20600.0,25880.0,31800.0,,
2019,5100004,Northwest Virginia nonmetropolitan area,nonmetro,39-9011,Childcare Workers,100.0,10.67,22190.0,8.27,8.94,10.08,12.14,14.4,17190.0,18590.0,20960.0,25260.0,29950.0,,
2019,5300006,Western Washington nonmetropolitan area,nonmetro,39-9011,Childcare Workers,560.0,15.28,31780.0,12.12,12.83,14.3,15.98,19.45,25210.0,26690.0,29750.0,33240.0,40460.0,,
2019,5300007,Eastern Washington nonmetropolitan area,nonmetro,39-9011,Childcare Workers,120.0,13.94,29000.0,12.07,12.16,13.05,15.71,17.58,25110.0,25300.0,27150.0,32680.0,36560.0,,
2019,5400001,Southern West Virginia nonmetropolitan area,nonmetro,39-9011,Childcare Workers,360.0,11.23,23360.0,9.41,9.79,10.94,12.09,12.82,19580.0,20360.0,22750.0,25140.0,26660.0,,
2019,5400002,Northern West Virginia nonmetropolitan area,nonmetro,39-9011,Childcare Workers,,10.41,21660.0,9.33,9.53,9.86,11.13,11.95,19400.0,19820.0,20500.0,23150.0,24850.0,,
2019,5500002,Northeastern Wisconsin nonmetropolitan area,nonmetro,39-9011,Childcare Workers,250.0,10.85,22570.0,8.01,8.6,9.6,11.8,17.21,16670.0,17890.0,19970.0,24550.0,35800.0,,
2019,5500003,South Central Wisconsin nonmetropolitan area,nonmetro,39-9011,Childcare Workers,210.0,11.19,23270.0,8.27,9.17,10.59,13.22,15.17,17200.0,19070.0,22030.0,27500.0,31550.0,,
2019,5500004,Western Wisconsin nonmetropolitan area,nonmetro,39-9011,Childcare Workers,270.0,12.28,25550.0,9.66,10.54,12.28,14.08,15.05,20090.0,21910.0,25540.0,29280.0,31310.0,,
2019,5600006,Western Wyoming nonmetropolitan area,nonmetro,39-9011,Childcare Workers,530.0,13.08,27210.0,9.61,10.85,12.71,14.56,17.78,19990.0,22580.0,26440.0,30290.0,36980.0,,
2019,5600007,Eastern Wyoming nonmetropolitan area,nonmetro,39-9011,Childcare Workers,470.0,11.77,24470.0,8.64,10.04,11.37,12.95,15.16,17970.0,20890.0,23640.0,26930.0,31540.0,,
2020,0010180,"Abilene, TX",metro,39-9011,Childcare Workers,360.0,10.13,21080.0,8.04,8.58,9.51,11.52,13.67,16720.0,17850.0,19780.0,23970.0,28420.0,,
2020,0010380,"Aguadilla-Isabela, PR",metro,39-9011,Childcare Workers,70.0,8.63,17950.0,7.81,8.15,8.7,9.24,9.7,16240.0,16950.0,18090.0,19230.0,20170.0,,
2020,0010420,"Akron, OH",metro,39-9011,Childcare Workers,920.0,11.12,23130.0,9.01,9.29,9.9,12.15,14.97,18740.0,19330.0,20590.0,25270.0,31130.0,,
2020,0010500,"Albany, GA",metro,39-9011,Childcare Workers,210.0,10.0,20810.0,8.09,8.67,9.69,11.21,12.24,16830.0,18040.0,20160.0,23320.0,25470.0,,
2020,0010540,"Albany, OR",metro,39-9011,Childcare Workers,140.0,12.61,26220.0,11.53,11.71,12.02,12.47,14.95,23990.0,24370.0,24990.0,25940.0,31090.0,,
2020,0010580,"Albany-Schenectady-Troy, NY",metro,39-9011,Childcare Workers,2660.0,14.21,29560.0,11.92,12.09,12.7,16.15,18.71,24790.0,25140.0,26410.0,33590.0,38920.0,,
2020,0010740,"Albuquerque, NM",metro,39-9011,Childcare Workers,610.0,11.45,23830.0,9.24,9.75,10.85,12.07,14.72,19220.0,20270.0,22580.0,25100.0,30630.0,,
2020,0010780,"Alexandria, LA",metro,39-9011,Childcare Workers,360.0,9.73,20240.0,7.94,8.36,9.04,9.86,12.66,16510.0,17380.0,18790.0,20520.0,26320.0,,
2020,0010900,"Allentown-Bethlehem-Easton, PA-NJ",metro,39-9011,Childcare Workers,1570.0,12.0,24960.0,8.35,9.45,11.55,14.03,16.19,17380.0,19650.0,24020.0,29180.0,33680.0,,
2020,0011020,"Altoona, PA",metro,39-9011,Childcare Workers,200.0,10.0,20800.0,8.28,8.87,9.86,11.17,12.11,17220.0,18460.0,20500.0,23230.0,25190.0,,
2020,0011100,"Amarillo, TX",metro,39-9011,Childcare Workers,630.0,10.37,21570.0,8.12,8.75,9.84,11.55,13.73,16890.0,18190.0,20460.0,24010.0,28550.0,,
2020,0011180,"Ames, IA",metro,39-9011,Childcare Workers,350.0,9.48,19710.0,8.0,8.47,9.24,10.31,11.73,16640.0,17610.0,19220.0,21440.0,24390.0,,
2020,0011260,"Anchorage, AK",metro,39-9011,Childcare Workers,850.0,13.96,29040.0,11.15,11.8,12.94,15.26,18.47,23190.0,24550.0,26930.0,31740.0,38420.0,,
2020,0011460,"Ann Arbor, MI",metro,39-9011,Childcare Workers,340.0,12.13,25220.0,10.08,10.62,11.55,12.58,14.87,20960.0,22090.0,24030.0,26180.0,30920.0,,
2020,0011500,"Anniston-Oxford-Jacksonville, AL",metro,39-9011,Childcare Workers,,10.33,21480.0,8.2,8.67,9.46,10.94,14.54,17050.0,18030.0,19680.0,22760.0,30250.0,,
2020,0011540,"Appleton, WI",metro,39-9011,Childcare Workers,,11.03,22940.0,8.33,8.99,10.06,13.48,14.95,17320.0,18700.0,20920.0,28030.0,31100.0,,
2020,0011700,"Asheville, NC",metro,39-9011,Childcare Workers,990.0,13.19,27430.0,9.04,10.82,13.33,15.09,17.63,18800.0,22500.0,27720.0,31390.0,36680.0,,
2020,0012020,"Athens-Clarke County, GA",metro,39-9011,Childcare Workers,330.0,9.83,20440.0,7.99,8.52,9.42,10.98,12.25,16620.0,17730.0,19590.0,22840.0,25480.0,,
2020,0012060,"Atlanta-Sandy Springs-Roswell, GA",metro,39-9011,Childcare Workers,8700.0,10.23,21270.0,8.05,8.61,9.55,11.63,13.44,16730.0,17900.0,19870.0,24190.0,27960.0,,
2020,0012100,"Atlantic City-Hammonton, NJ",metro,39-9011,Childcare Workers,200.0,14.15,29430.0,11.32,12.18,13.77,15.46,18.3,23550.0,25330.0,28650.0,32150.0,38060.0,,
2020,0012220,"Auburn-Opelika, AL",metro,39-9011,Childcare Workers,340.0,10.87,22610.0,8.25,9.1,10.51,12.45,14.38,17160.0,18940.0,21860.0,25890.0,29910.0,,
2020,0012260,"Augusta-Richmond County, GA-SC",metro,39-9011,Childcare Workers,1340.0,10.98,22850.0,8.25,9.13,10.68,12.35,14.42,17170.0,19000.0,22220.0,25690.0,29990.0,,
2020,0012420,"Austin-Round Rock, TX",metro,39-9011,Childcare Workers,3670.0,12.44,25880.0,8.85,10.19,11.91,14.27,15.98,18400.0,21190.0,24780.0,29680.0,33250.0,,
2020,0012540,"Bakersfield, CA",metro,39-9011,Childcare Workers,1210.0,15.38,31980.0,13.01,13.02,14.17,16.6,20.54,27070.0,27080.0,29470.0,34530.0,42720.0,,
2020,0012580,"Baltimore-Columbia-Towson, MD",metro,39-9011,Childcare Workers,4180.0,12.45,25900.0,10.8,11.19,11.84,12.73,15.11,22470.0,23280.0,24630.0,26470.0,31430.0,,
2020,0012940,"Baton Rouge, LA",metro,39-9011,Childcare Workers,1680.0,10.74,22350.0,8.19,8.9,10.16,12.04,14.27,17050.0,18510.0,21140.0,25050.0,29670.0,,
2020,0012980,"Battle Creek, MI",metro,39-9011,Childcare Workers,310.0,11.65,24230.0,10.23,10.67,11.4,12.15,12.94,21280.0,22190.0,23720.0,25280.0,26920.0,,
2020,0013140,"Beaumont-Port Arthur, TX",metro,39-9011,Childcare Workers,790.0,10.26,21340.0,7.95,8.56,9.68,11.63,13.65,16530.0,17800.0,20130.0,24180.0,28400.0,,
2020,0013220,"Beckley, WV",metro,39-9011,Childcare Workers,130.0,10.25,21310.0,9.33,9.55,9.93,10.79,11.72,19400.0,19860.0,20650.0,22440.0,24370.0,,
2020,0013380,"Bellingham, WA",metro,39-9011,Childcare Workers,160.0,14.3,29740.0,13.51,13.52,14.02,14.9,15.45,28110.0,28120.0,29170.0,30990.0,32130.0,,
2020,0013460,"Bend-Redmond, OR",metro,39-9011,Childcare Workers,170.0,14.22,29570.0,11.54,11.97,13.63,16.28,18.55,24010.0,24890.0,28360.0,33860.0,38590.0,,
2020,0013740,"Billings, MT",metro,39-9011,Childcare Workers,630.0,11.23,23370.0,9.26,9.88,11.0,12.17,13.84,19250.0,20550.0,22870.0,25310.0,28790.0,,
2020,0013780,"Binghamton, NY",metro,39-9011,Childcare Workers,810.0,13.24,27530.0,11.9,12.03,12.36,14.28,15.63,24740.0,25020.0,25710.0,29700.0,32520.0,,
2020,0013820,"Birmingham-Hoover, AL",metro,39-9011,Childcare Workers,1460.0,10.5,21850.0,8.31,9.09,10.14,11.54,12.82,17280.0,18900.0,21080.0,24000.0,26660.0,,
2020,0013900,"Bismarck, ND",metro,39-9011,Childcare Workers,570.0,12.32,25620.0,9.87,10.54,11.59,13.07,15.92,20530.0,21920.0,24110.0,27180.0,33120.0,,
2020,0013980,"Blacksburg-Christiansburg-Radford, VA",metro,39-9011,Childcare Workers,320.0,11.36,23630.0,8.22,9.05,10.7,12.78,15.22,17090.0,18830.0,22260.0,26580.0,31660.0,,
2020,0014010,"Bloomington, IL",metro,39-9011,Childcare Workers,290.0,11.4,23720.0,9.7,10.17,10.98,11.8,12.97,20170.0,21160.0,22850.0,24530.0,26980.0,,
2020,0014020,"Bloomington, IN",metro,39-9011,Childcare Workers,280.0,10.45,21730.0,8.07,8.89,10.23,11.68,13.45,16790.0,18500.0,21280.0,24300.0,27970.0,,
2020,0014100,"Bloomsburg-Berwick, PA",metro,39-9011,Childcare Workers,110.0,10.29,21410.0,7.91,8.55,9.9,11.77,13.61,16460.0,17780.0,20580.0,24480.0,28320.0,,
2020,0014260,"Boise City, ID",metro,39-9011,Childcare Workers,1050.0,12.95,26930.0,9.05,11.06,12.91,14.84,16.39,18810.0,23010.0,26850.0,30870.0,34100.0,,
2020,0014500,"Boulder, CO",metro,39-9011,Childcare Workers,940.0,16.3,33900.0,12.15,13.35,15.92,18.46,20.03,25280.0,27770.0,33110.0,38400.0,41670.0,,
2020,0014540,"Bowling Green, KY",metro,39-9011,Childcare Workers,260.0,9.97,20730.0,8.04,8.69,9.75,11.16,12.01,16730.0,18070.0,20270.0,23200.0,24990.0,,
2020,0014740,"Bremerton-Silverdale, WA",metro,39-9011,Childcare Workers,110.0,15.13,31460.0,13.51,13.53,14.56,15.71,18.36,28110.0,28140.0,30270.0,32670.0,38190.0,,
2020,0015180,"Brownsville-Harlingen, TX",metro,39-9011,Childcare Workers,870.0,10.33,21480.0,7.98,8.5,9.36,11.48,14.32,16600.0,17680.0,19470.0,23870.0,29780.0,,
2020,0015260,"Brunswick, GA",metro,39-9011,Childcare Workers,100.0,11.56,24050.0,8.6,9.88,11.28,13.14,14.8,17890.0,20550.0,23470.0,27340.0,30790.0,,
2020,0015380,"Buffalo-Cheektowaga-Niagara Falls, NY",metro,39-9011,Childcare Workers,2770.0,13.44,27960.0,11.92,12.08,12.52,14.16,16.25,24790.0,25130.0,26040.0,29450.0,33800.0,,
2020,0015500,"Burlington, NC",metro,39-9011,Childcare Workers,210.0,10.59,22030.0,7.84,8.31,9.07,10.92,16.0,16300.0,17280.0,18870.0,22720.0,33280.0,,
2020,0015680,"California-Lexington Park, MD",metro,39-9011,Childcare Workers,110.0,12.5,26000.0,10.74,11.08,11.64,12.2,14.92,22340.0,23040.0,24200.0,25370.0,31020.0,,
2020,0015940,"Canton-Massillon, OH",metro,39-9011,Childcare Workers,230.0,10.62,22080.0,8.96,9.23,9.89,11.58,12.78,18650.0,19200.0,20580.0,24090.0,26580.0,,
2020,0015980,"Cape Coral-Fort Myers, FL",metro,39-9011,Childcare Workers,690.0,13.73,28550.0,9.77,11.24,13.4,15.59,18.45,20310.0,23370.0,27860.0,32420.0,38370.0,,
2020,0016020,"Cape Girardeau, MO-IL",metro,39-9011,Childcare Workers,190.0,10.45,21750.0,9.46,9.49,9.75,11.11,12.12,19670.0,19730.0,20270.0,23120.0,25200.0,,
2020,0016060,"Carbondale-Marion, IL",metro,39-9011,Childcare Workers,290.0,11.46,23830.0,9.33,9.51,10.61,12.08,15.36,19400.0,19780.0,22070.0,25130.0,31950.0,,
2020,0016180,"Carson City, NV",metro,39-9011,Childcare Workers,90.0,11.54,24010.0,8.41,9.31,10.8,12.75,16.49,17490.0,19360.0,22460.0,26520.0,34300.0,,
2020,0016220,"Casper, WY",metro,39-9011,Childcare Workers,200.0,11.34,23580.0,8.38,9.42,11.19,12.99,14.75,17430.0,19590.0,23280.0,27010.0,30680.0,,
2020,0016300,"Cedar Rapids, IA",metro,39-9011,Childcare Workers,430.0,12.39,25770.0,8.67,10.32,12.44,14.42,15.67,18040.0,21460.0,25880.0,30000.0,32590.0,,
2020,0016540,"Chambersburg-Waynesboro, PA",metro,39-9011,Childcare Workers,,9.19,19110.0,8.1,8.47,9.09,9.7,10.3,16840.0,17610.0,18900.0,20170.0,21420.0,,
2020,0016580,"Champaign-Urbana, IL",metro,39-9011,Childcare Workers,480.0,12.44,25860.0,9.53,10.41,12.31,14.14,15.41,19830.0,21640.0,25600.0,29420.0,32050.0,,
2020,0016620,"Charleston, WV",metro,39-9011,Childcare Workers,280.0,11.11,23120.0,9.14,9.38,9.71,11.14,17.38,19010.0,19510.0,20200.0,23170.0,36160.0,,
2020,0016700,"Charleston-North Charleston, SC",metro,39-9011,Childcare Workers,710.0,10.35,21520.0,7.95,8.48,9.36,12.11,14.58,16540.0,17650.0,19480.0,25180.0,30330.0,,
2020,0016740,"Charlotte-Concord-Gastonia, NC-SC",metro,39-9011,Childcare Workers,4370.0,11.58,24080.0,8.22,9.12,11.21,13.7,15.41,17110.0,18970.0,23320.0,28510.0,32050.0,,
2020,0016820,"Charlottesville, VA",metro,39-9011,Childcare Workers,250.0,12.73,26470.0,8.63,9.98,11.9,14.87,18.61,17940.0,20750.0,24740.0,30920.0,38700.0,,
2020,0016860,"Chattanooga, TN-GA",metro,39-9011,Childcare Workers,870.0,10.82,22500.0,8.32,9.13,10.34,11.91,14.39,17300.0,18990.0,21510.0,24770.0,29940.0,,
2020,0016940,"Cheyenne, WY",metro,39-9011,Childcare Workers,150.0,10.75,22360.0,8.23,8.93,10.01,12.03,14.54,17110.0,18580.0,20820.0,25020.0,30240.0,,
2020,0016980,"Chicago-Naperville-Elgin, IL-IN-WI",metro,39-9011,Childcare Workers,11630.0,13.37,27820.0,9.51,10.17,12.41,15.32,19.06,19790.0,21160.0,25810.0,31880.0,39640.0,,
2020,0017020,"Chico, CA",metro,39-9011,Childcare Workers,130.0,15.22,31660.0,13.01,13.01,13.02,15.36,22.0,27060.0,27070.0,27080.0,31950.0,45770.0,,
2020,0017140,"Cincinnati, OH-KY-IN",metro,39-9011,Childcare Workers,3680.0,12.03,25010.0,9.09,9.77,11.48,13.89,15.64,18910.0,20320.0,23880.0,28880.0,32520.0,,
2020,0017300,"Clarksville, TN-KY",metro,39-9011,Childcare Workers,560.0,9.91,20610.0,8.05,8.55,9.41,10.92,12.49,16740.0,17790.0,19570.0,22710.0,25970.0,,
2020,0017420,"Cleveland, TN",metro,39-9011,Childcare Workers,180.0,9.33,19400.0,8.02,8.42,9.09,9.87,11.58,16680.0,17510.0,18910.0,20540.0,24080.0,,
2020,0017460,"Cleveland-Elyria, OH",metro,39-9011,Childcare Workers,2410.0,11.2,23300.0,9.2,9.62,10.64,11.99,13.81,19130.0,20020.0,22130.0,24930.0,28730.0,,
2020,0017660,"Coeur d'Alene, ID",metro,39-9011,Childcare Workers,130.0,11.82,24580.0,8.38,9.36,11.54,14.09,15.71,17430.0,19470.0,24000.0,29310.0,32690.0,,
2020,0017780,"College Station-Bryan, TX",metro,39-9011,Childcare Workers,670.0,9.8,20370.0,7.97,8.46,9.27,10.92,12.68,16570.0,17590.0,19270.0,22700.0,26370.0,,
2020,0017820,"Colorado Springs, CO",metro,39-9011,Childcare Workers,640.0,13.92,28950.0,12.13,12.33,13.08,14.92,17.59,25220.0,25640.0,27220.0,31030.0,36590.0,,
2020,0017860,"Columbia, MO",metro,39-9011,Childcare Workers,630.0,13.63,28350.0,9.76,10.39,12.46,15.91,19.58,20310.0,21620.0,25910.0,33090.0,40730.0,,
2020,0017900,"Columbia, SC",metro,39-9011,Childcare Workers,560.0,10.57,21980.0,7.86,8.42,9.35,11.77,15.14,16340.0,17510.0,19440.0,24470.0,31490.0,,
2020,0017980,"Columbus, GA-AL",metro,39-9011,Childcare Workers,290.0,9.52,19800.0,8.02,8.44,9.13,9.83,11.76,16690.0,17550.0,18990.0,20460.0,24470.0,,
2020,0018020,"Columbus, IN",metro,39-9011,Childcare Workers,,11.36,23640.0,8.07,8.9,11.19,13.7,14.95,16780.0,18510.0,23270.0,28500.0,31100.0,,
2020,0018140,"Columbus, OH",metro,39-9011,Childcare Workers,3400.0,12.48,25960.0,9.41,10.59,12.47,14.1,15.13,19580.0,22020.0,25930.0,29320.0,31470.0,,
2020,0018580,"Corpus Christi, TX",metro,39-9011,Childcare Workers,910.0,9.96,20710.0,8.01,8.57,9.52,11.31,12.39,16660.0,17820.0,19790.0,23530.0,25770.0,,
2020,0018700,"Corvallis, OR",metro,39-9011,Childcare Workers,,12.97,26970.0,11.57,11.85,12.39,13.99,15.15,24070.0,24640.0,25770.0,29090.0,31500.0,,
2020,0018880,"Crestview-Fort Walton Beach-Destin, FL",metro,39-9011,Childcare Workers,70.0,12.83,26690.0,8.96,9.27,10.18,16.31,18.61,18640.0,19290.0,21180.0,33920.0,38710.0,,
2020,0019060,"Cumberland, MD-WV",metro,39-9011,Childcare Workers,90.0,11.54,24000.0,9.16,9.43,11.2,12.02,13.53,19050.0,19610.0,23300.0,24990.0,28130.0,,
2020,0019100,"Dallas-Fort Worth-Arlington, TX",metro,39-9011,Childcare Workers,14960.0,11.97,24910.0,8.32,9.29,11.76,14.27,15.83,17310.0,19320.0,24460.0,29680.0,32940.0,,
2020,0019140,"Dalton, GA",metro,39-9011,Childcare Workers,90.0,10.87,22600.0,8.25,9.03,10.61,12.31,14.44,17160.0,18790.0,22070.0,25610.0,30040.0,,
2020,0019300,"Daphne-Fairhope-Foley, AL",metro,39-9011,Childcare Workers,290.0,9.4,19560.0,8.01,8.42,9.1,9.85,11.89,16660.0,17510.0,18920.0,20490.0,24720.0,,
2020,0019340,"Davenport-Moline-Rock Island, IA-IL",metro,39-9011,Childcare Workers,370.0,11.62,24170.0,8.63,9.56,10.97,13.11,15.54,17950.0,19880.0,22810.0,27270.0,32320.0,,
2020,0019380,"Dayton, OH",metro,39-9011,Childcare Workers,610.0,11.01,22900.0,8.92,9.18,9.81,11.79,15.33,18560.0,19090.0,20400.0,24530.0,31890.0,,
2020,0019460,"Decatur, AL",metro,39-9011,Childcare Workers,170.0,9.06,18850.0,7.97,8.36,9.0,9.65,10.74,16580.0,17400.0,18720.0,20080.0,22330.0,,
2020,0019500,"Decatur, IL",metro,39-9011,Childcare Workers,40.0,12.0,24950.0,9.38,9.57,9.92,11.81,21.42,19510.0,19910.0,20630.0,24560.0,44560.0,,
2020,0019660,"Deltona-Daytona Beach-Ormond Beach, FL",metro,39-9011,Childcare Workers,510.0,11.69,24310.0,9.5,10.16,11.11,12.05,13.64,19760.0,21130.0,23100.0,25070.0,28370.0,,
2020,0019740,"Denver-Aurora-Lakewood, CO",metro,39-9011,Childcare Workers,6580.0,15.28,31790.0,12.24,12.89,14.36,16.41,20.47,25450.0,26810.0,29870.0,34140.0,42570.0,,
2020,0019780,"Des Moines-West Des Moines, IA",metro,39-9011,Childcare Workers,1470.0,12.77,26560.0,8.4,9.45,12.9,15.5,18.25,17480.0,19660.0,26820.0,32240.0,37960.0,,
2020,0019820,"Detroit-Warren-Dearborn, MI",metro,39-9011,Childcare Workers,6720.0,12.57,26150.0,10.11,10.62,11.76,13.64,15.47,21020.0,22100.0,24460.0,28360.0,32170.0,,
2020,0020020,"Dothan, AL",metro,39-9011,Childcare Workers,220.0,8.83,18370.0,7.82,8.18,8.79,9.4,10.37,16270.0,17020.0,18270.0,19550.0,21580.0,,
2020,0020100,"Dover, DE",metro,39-9011,Childcare Workers,,11.93,24810.0,9.53,9.91,11.0,12.46,15.0,19830.0,20610.0,22880.0,25920.0,31190.0,,
2020,0020220,"Dubuque, IA",metro,39-9011,Childcare Workers,410.0,10.28,21390.0,8.02,8.59,9.57,11.84,14.05,16680.0,17870.0,19910.0,24620.0,29220.0,,
2020,0020260,"Duluth, MN-WI",metro,39-9011,Childcare Workers,280.0,13.15,27350.0,10.39,11.12,12.4,14.88,17.25,21610.0,23120.0,25780.0,30950.0,35880.0,,
2020,0020500,"Durham-Chapel Hill, NC",metro,39-9011,Childcare Workers,1200.0,12.75,26530.0,8.35,9.35,12.26,15.28,18.62,17360.0,19440.0,25500.0,31780.0,38730.0,,
2020,0020700,"East Stroudsburg, PA",metro,39-9011,Childcare Workers,,9.06,18850.0,7.81,8.18,8.8,9.41,10.75,16250.0,17020.0,18300.0,19580.0,22370.0,,
2020,0020740,"Eau Claire, WI",metro,39-9011,Childcare Workers,140.0,12.11,25190.0,8.66,10.09,11.84,14.04,15.35,18010.0,20990.0,24620.0,29200.0,31930.0,,
2020,0020940,"El Centro, CA",metro,39-9011,Childcare Workers,240.0,14.73,30630.0,13.01,13.02,13.02,15.06,18.61,27070.0,27070.0,27080.0,31320.0,38700.0,,
2020,0021060,"Elizabethtown-Fort Knox, KY",metro,39-9011,Childcare Workers,290.0,11.49,23900.0,8.53,9.83,11.35,12.73,14.9,17750.0,20440.0,23600.0,26470.0,31000.0,,
2020,0021140,"Elkhart-Goshen, IN",metro,39-9011,Childcare Workers,,11.3,23510.0,8.21,8.67,9.43,10.96,21.59,17080.0,18030.0,19610.0,22790.0,44900.0,,
2020,0021300,"Elmira, NY",metro,39-9011,Childcare Workers,190.0,12.56,26110.0,11.86,11.94,12.11,12.45,14.28,24680.0,24840.0,25190.0,25900.0,29690.0,,
2020,0021340,"El Paso, TX",metro,39-9011,Childcare Workers,1030.0,9.11,18950.0,7.88,8.27,8.89,9.55,10.92,16390.0,17190.0,18480.0,19870.0,22710.0,,
2020,0021420,"Enid, OK",metro,39-9011,Childcare Workers,60.0,9.17,19070.0,7.69,8.18,8.87,9.81,11.19,15990.0,17020.0,18440.0,20400.0,23270.0,,
2020,0021500,"Erie, PA",metro,39-9011,Childcare Workers,490.0,10.72,22290.0,8.0,8.53,9.41,12.4,15.91,16640.0,17740.0,19580.0,25790.0,33080.0,,
2020,0021660,"Eugene, OR",metro,39-9011,Childcare Workers,,14.3,29730.0,11.91,12.64,13.94,15.47,18.28,24770.0,26290.0,28990.0,32170.0,38030.0,,
2020,0021780,"Evansville, IN-KY",metro,39-9011,Childcare Workers,570.0,10.7,22250.0,8.4,9.43,10.56,11.74,12.94,17480.0,19620.0,21970.0,24430.0,26910.0,,
2020,0021820,"Fairbanks, AK",metro,39-9011,Childcare Workers,80.0,18.56,38590.0,12.04,14.94,18.53,22.18,25.31,25050.0,31080.0,38550.0,46130.0,52640.0,,
2020,0022020,"Fargo, ND-MN",metro,39-9011,Childcare Workers,1180.0,11.74,24430.0,9.66,10.37,11.35,12.37,14.65,20090.0,21570.0,23610.0,25740.0,30470.0,,
2020,0022140,"Farmington, NM",metro,39-9011,Childcare Workers,130.0,11.08,23040.0,9.15,9.37,9.93,11.75,14.18,19030.0,19490.0,20660.0,24440.0,29500.0,,
2020,0022180,"Fayetteville, NC",metro,39-9011,Childcare Workers,,11.03,22950.0,8.34,9.12,10.42,12.14,15.01,17350.0,18960.0,21680.0,25240.0,31220.0,,
2020,0022220,"Fayetteville-Springdale-Rogers, AR-MO",metro,39-9011,Childcare Workers,1400.0,11.19,23270.0,10.0,10.01,10.59,11.68,12.64,20810.0,20820.0,22040.0,24300.0,26300.0,,
2020,0022380,"Flagstaff, AZ",metro,39-9011,Childcare Workers,100.0,13.09,27220.0,12.12,12.28,12.6,13.35,14.91,25200.0,25540.0,26200.0,27760.0,31020.0,,
2020,0022420,"Flint, MI",metro,39-9011,Childcare Workers,540.0,11.67,24280.0,10.01,10.48,11.3,12.13,14.13,20820.0,21800.0,23510.0,25220.0,29390.0,,
2020,0022500,"Florence, SC",metro,39-9011,Childcare Workers,220.0,9.53,19820.0,8.12,8.54,9.26,9.99,11.6,16880.0,17770.0,19250.0,20790.0,24130.0,,
2020,0022520,"Florence-Muscle Shoals, AL",metro,39-9011,Childcare Workers,190.0,9.84,20460.0,7.99,8.46,9.24,10.68,12.74,16610.0,17590.0,19220.0,22220.0,26490.0,,
2020,0022660,"Fort Collins, CO",metro,39-9011,Childcare Workers,410.0,14.74,30650.0,12.3,12.95,14.4,16.21,18.56,25580.0,26930.0,29960.0,33720.0,38600.0,,
2020,0022900,"Fort Smith, AR-OK",metro,39-9011,Childcare Workers,370.0,10.25,21330.0,8.44,9.76,10.04,10.89,11.9,17550.0,20300.0,20890.0,22650.0,24750.0,,
2020,0023060,"Fort Wayne, IN",metro,39-9011,Childcare Workers,370.0,10.13,21070.0,8.18,8.7,9.54,11.14,14.0,17010.0,18090.0,19850.0,23170.0,29120.0,,
2020,0023420,"Fresno, CA",metro,39-9011,Childcare Workers,1060.0,14.45,30060.0,13.01,13.02,13.1,14.68,15.68,27070.0,27070.0,27240.0,30540.0,32610.0,,
2020,0023540,"Gainesville, FL",metro,39-9011,Childcare Workers,510.0,12.46,25920.0,9.55,10.27,11.25,12.23,19.74,19860.0,21360.0,23390.0,25450.0,41060.0,,
2020,0023580,"Gainesville, GA",metro,39-9011,Childcare Workers,200.0,9.69,20150.0,8.01,8.46,9.23,10.53,12.54,16650.0,17610.0,19190.0,21910.0,26090.0,,
2020,0023900,"Gettysburg, PA",metro,39-9011,Childcare Workers,90.0,11.23,23370.0,9.71,10.36,11.16,11.96,12.59,20200.0,21540.0,23210.0,24880.0,26200.0,,
2020,0024020,"Glens Falls, NY",metro,39-9011,Childcare Workers,230.0,14.26,29660.0,12.03,12.41,13.85,15.3,17.66,25020.0,25810.0,28810.0,31830.0,36740.0,,
2020,0024140,"Goldsboro, NC",metro,39-9011,Childcare Workers,120.0,12.17,25320.0,8.29,8.96,10.3,15.95,19.06,17240.0,18650.0,21430.0,33180.0,39640.0,,
2020,0024220,"Grand Forks, ND-MN",metro,39-9011,Childcare Workers,290.0,11.92,24800.0,9.46,10.53,11.64,13.02,14.95,19670.0,21900.0,24210.0,27080.0,31100.0,,
2020,0024260,"Grand Island, NE",metro,39-9011,Childcare Workers,150.0,12.17,25320.0,9.52,10.09,11.11,12.55,17.8,19810.0,20980.0,23110.0,26110.0,37010.0,,
2020,0024300,"Grand Junction, CO",metro,39-9011,Childcare Workers,260.0,13.47,28010.0,12.06,12.15,12.52,14.48,16.31,25090.0,25260.0,26040.0,30110.0,33920.0,,
2020,0024340,"Grand Rapids-Wyoming, MI",metro,39-9011,Childcare Workers,1940.0,12.05,25060.0,10.26,10.78,11.64,12.63,14.65,21340.0,22410.0,24210.0,26270.0,30470.0,,
2020,0024420,"Grants Pass, OR",metro,39-9011,Childcare Workers,,13.49,28070.0,11.55,11.9,12.97,14.78,16.14,24020.0,24740.0,26970.0,30740.0,33570.0,,
2020,0024500,"Great Falls, MT",metro,39-9011,Childcare Workers,320.0,11.59,24100.0,9.56,10.08,11.19,12.51,14.57,19880.0,20960.0,23270.0,26020.0,30310.0,,
2020,0024540,"Greeley, CO",metro,39-9011,Childcare Workers,320.0,13.8,28700.0,12.09,12.22,13.42,14.91,16.75,25140.0,25420.0,27910.0,31010.0,34850.0,,
2020,0024580,"Green Bay, WI",metro,39-9011,Childcare Workers,370.0,12.56,26120.0,9.33,10.73,12.23,14.38,16.07,19400.0,22320.0,25440.0,29920.0,33430.0,,
2020,0024660,"Greensboro-High Point, NC",metro,39-9011,Childcare Workers,1470.0,10.95,22770.0,8.24,9.0,10.41,12.7,14.61,17150.0,18720.0,21650.0,26420.0,30400.0,,
2020,0024780,"Greenville, NC",metro,39-9011,Childcare Workers,240.0,11.59,24110.0,8.49,9.68,11.35,12.99,15.03,17660.0,20130.0,23600.0,27020.0,31260.0,,
2020,0024860,"Greenville-Anderson-Mauldin, SC",metro,39-9011,Childcare Workers,640.0,10.47,21770.0,8.21,8.93,10.16,11.72,13.19,17090.0,18580.0,21130.0,24380.0,27440.0,,
2020,0025060,"Gulfport-Biloxi-Pascagoula, MS",metro,39-9011,Childcare Workers,650.0,10.16,21130.0,8.03,8.57,9.47,11.42,13.91,16690.0,17830.0,19700.0,23750.0,28940.0,,
2020,0025180,"Hagerstown-Martinsburg, MD-WV",metro,39-9011,Childcare Workers,240.0,13.51,28100.0,10.97,11.54,12.51,14.75,17.98,22820.0,24000.0,26020.0,30690.0,37390.0,,
2020,0025220,"Hammond, LA",metro,39-9011,Childcare Workers,450.0,10.65,22140.0,8.04,8.64,9.7,11.78,14.32,16720.0,17970.0,20170.0,24500.0,29790.0,,
2020,0025260,"Hanford-Corcoran, CA",metro,39-9011,Childcare Workers,210.0,14.54,30250.0,13.01,13.02,13.87,15.56,17.96,27070.0,27080.0,28840.0,32370.0,37350.0,,
2020,0025420,"Harrisburg-Carlisle, PA",metro,39-9011,Childcare Workers,1260.0,12.25,25480.0,8.65,10.3,12.14,14.23,15.52,17990.0,21420.0,25260.0,29610.0,32280.0,,
2020,0025500,"Harrisonburg, VA",metro,39-9011,Childcare Workers,220.0,10.48,21790.0,8.1,8.68,9.7,11.72,14.34,16850.0,18060.0,20170.0,24380.0,29830.0,,
2020,0025620,"Hattiesburg, MS",metro,39-9011,Childcare Workers,220.0,9.38,19520.0,8.05,8.47,9.17,9.92,11.65,16740.0,17610.0,19080.0,20620.0,24230.0,,
2020,0025860,"Hickory-Lenoir-Morganton, NC",metro,39-9011,Childcare Workers,350.0,11.58,24090.0,8.32,9.28,10.43,11.75,15.65,17300.0,19290.0,21690.0,24440.0,32540.0,,
2020,0025940,"Hilton Head Island-Bluffton-Beaufort, SC",metro,39-9011,Childcare Workers,160.0,10.93,22730.0,8.23,9.18,10.61,12.07,14.3,17120.0,19090.0,22060.0,25100.0,29740.0,,
2020,0025980,"Hinesville, GA",metro,39-9011,Childcare Workers,,9.21,19150.0,8.02,8.42,9.08,9.77,11.2,16680.0,17500.0,18880.0,20310.0,23290.0,,
2020,0026300,"Hot Springs, AR",metro,39-9011,Childcare Workers,,11.22,23330.0,10.0,10.01,10.17,11.43,12.21,20800.0,20810.0,21160.0,23780.0,25390.0,,
2020,0026380,"Houma-Thibodaux, LA",metro,39-9011,Childcare Workers,280.0,9.86,20500.0,8.02,8.52,9.36,10.93,12.28,16680.0,17720.0,19470.0,22740.0,25550.0,,
2020,0026420,"Houston-The Woodlands-Sugar Land, TX",metro,39-9011,Childcare Workers,12150.0,11.23,23370.0,8.09,8.73,9.96,13.25,16.23,16820.0,18150.0,20710.0,27570.0,33760.0,,
2020,0026580,"Huntington-Ashland, WV-KY-OH",metro,39-9011,Childcare Workers,440.0,11.18,23250.0,9.13,9.46,10.31,11.78,14.08,18990.0,19680.0,21450.0,24500.0,29280.0,,
2020,0026620,"Huntsville, AL",metro,39-9011,Childcare Workers,480.0,10.95,22770.0,8.93,9.81,10.79,11.8,13.04,18580.0,20410.0,22440.0,24540.0,27130.0,,
2020,0026820,"Idaho Falls, ID",metro,39-9011,Childcare Workers,270.0,9.19,19120.0,7.86,8.26,8.92,9.63,11.59,16350.0,17180.0,18560.0,20020.0,24100.0,,
2020,0026900,"Indianapolis-Carmel-Anderson, IN",metro,39-9011,Childcare Workers,1750.0,11.69,24310.0,8.54,9.9,11.21,12.61,15.05,17770.0,20590.0,23320.0,26230.0,31290.0,,
2020,0026980,"Iowa City, IA",metro,39-9011,Childcare Workers,980.0,10.71,22270.0,8.27,9.05,10.35,12.05,14.12,17200.0,18820.0,21520.0,25060.0,29360.0,,
2020,0027060,"Ithaca, NY",metro,39-9011,Childcare Workers,420.0,14.68,30540.0,12.83,13.46,14.43,15.41,16.22,26690.0,28000.0,30020.0,32050.0,33730.0,,
2020,0027100,"Jackson, MI",metro,39-9011,Childcare Workers,,11.61,24150.0,10.04,10.24,11.24,12.28,14.46,20890.0,21290.0,23380.0,25530.0,30070.0,,
2020,0027140,"Jackson, MS",metro,39-9011,Childcare Workers,1350.0,9.77,20330.0,7.86,8.32,9.07,10.39,13.36,16340.0,17310.0,18860.0,21610.0,27790.0,,
2020,0027180,"Jackson, TN",metro,39-9011,Childcare Workers,220.0,9.52,19810.0,8.02,8.42,9.07,9.78,12.79,16690.0,17500.0,18870.0,20340.0,26610.0,,
2020,0027260,"Jacksonville, FL",metro,39-9011,Childcare Workers,1780.0,12.63,26280.0,9.15,9.99,11.5,14.05,18.08,19040.0,20780.0,23920.0,29230.0,37610.0,,
2020,0027340,"Jacksonville, NC",metro,39-9011,Childcare Workers,230.0,10.12,21040.0,7.93,8.45,9.31,11.04,14.32,16490.0,17570.0,19360.0,22970.0,29790.0,,
2020,0027500,"Janesville-Beloit, WI",metro,39-9011,Childcare Workers,300.0,11.72,24370.0,8.9,10.24,11.7,13.47,14.69,18520.0,21310.0,24350.0,28030.0,30550.0,,
2020,0027620,"Jefferson City, MO",metro,39-9011,Childcare Workers,570.0,12.07,25100.0,9.55,9.75,10.37,12.79,15.43,19860.0,20290.0,21570.0,26610.0,32090.0,,
2020,0027740,"Johnson City, TN",metro,39-9011,Childcare Workers,200.0,9.51,19780.0,7.95,8.42,9.18,10.16,11.65,16530.0,17510.0,19100.0,21140.0,24220.0,,
2020,0027780,"Johnstown, PA",metro,39-9011,Childcare Workers,260.0,9.27,19280.0,7.98,8.39,9.08,9.89,11.44,16590.0,17460.0,18890.0,20570.0,23790.0,,
2020,0027860,"Jonesboro, AR",metro,39-9011,Childcare Workers,,11.14,23180.0,10.0,10.01,10.72,11.71,12.4,20810.0,20820.0,22290.0,24350.0,25780.0,,
2020,0027900,"Joplin, MO",metro,39-9011,Childcare Workers,310.0,10.96,22800.0,9.49,9.57,9.87,11.61,14.64,19750.0,19910.0,20540.0,24150.0,30460.0,,
2020,0027980,"Kahului-Wailuku-Lahaina, HI",metro,39-9011,Childcare Workers,250.0,12.67,26350.0,10.7,11.0,11.71,12.8,16.27,22250.0,22880.0,24350.0,26610.0,33840.0,,
2020,0028020,"Kalamazoo-Portage, MI",metro,39-9011,Childcare Workers,790.0,13.18,27420.0,10.0,10.16,11.43,13.98,22.12,20810.0,21140.0,23770.0,29080.0,46020.0,,
2020,0028140,"Kansas City, MO-KS",metro,39-9011,Childcare Workers,5290.0,11.37,23640.0,8.64,9.5,10.67,12.83,15.13,17970.0,19760.0,22200.0,26680.0,31480.0,,
2020,0028420,"Kennewick-Richland, WA",metro,39-9011,Childcare Workers,90.0,15.31,31840.0,13.52,13.96,14.74,15.65,18.48,28120.0,29040.0,30670.0,32550.0,38450.0,,
2020,0028660,"Killeen-Temple, TX",metro,39-9011,Childcare Workers,460.0,10.21,21230.0,7.99,8.51,9.39,11.12,13.9,16620.0,17710.0,19540.0,23140.0,28920.0,,
2020,0028700,"Kingsport-Bristol-Bristol, TN-VA",metro,39-9011,Childcare Workers,190.0,9.92,20640.0,8.11,8.59,9.4,10.77,12.68,16860.0,17870.0,19560.0,22400.0,26370.0,,
2020,0028740,"Kingston, NY",metro,39-9011,Childcare Workers,520.0,13.65,28400.0,11.91,12.07,12.74,14.68,16.07,24770.0,25100.0,26490.0,30530.0,33420.0,,
2020,0028940,"Knoxville, TN",metro,39-9011,Childcare Workers,1740.0,10.76,22380.0,8.22,8.92,10.1,11.93,14.63,17090.0,18550.0,21000.0,24810.0,30440.0,,
2020,0029020,"Kokomo, IN",metro,39-9011,Childcare Workers,60.0,10.94,22750.0,8.07,8.8,10.32,12.99,14.81,16790.0,18310.0,21470.0,27020.0,30800.0,,
2020,0029100,"La Crosse-Onalaska, WI-MN",metro,39-9011,Childcare Workers,310.0,,,,,,,,,,,,,*,*
2020,0029180,"Lafayette, LA",metro,39-9011,Childcare Workers,1230.0,9.82,20430.0,8.03,8.48,9.23,10.53,13.38,16710.0,17640.0,19190.0,21900.0,27830.0,,
2020,0029200,"Lafayette-West Lafayette, IN",metro,39-9011,Childcare Workers,310.0,11.85,24660.0,8.94,10.14,11.31,12.56,15.36,18590.0,21090.0,23520.0,26110.0,31950.0,,
2020,0029340,"Lake Charles, LA",metro,39-9011,Childcare Workers,200.0,9.28,19310.0,7.92,8.34,9.02,9.83,11.7,16470.0,17350.0,18760.0,20440.0,24340.0,,
2020,0029420,"Lake Havasu City-Kingman, AZ",metro,39-9011,Childcare Workers,150.0,12.96,26960.0,12.04,12.08,12.16,13.33,15.37,25040.0,25130.0,25290.0,27720.0,31960.0,,
2020,0029460,"Lakeland-Winter Haven, FL",metro,39-9011,Childcare Workers,470.0,11.13,23140.0,9.01,9.29,10.07,12.2,14.65,18730.0,19330.0,20940.0,25390.0,30470.0,,
2020,0029540,"Lancaster, PA",metro,39-9011,Childcare Workers,560.0,12.21,25390.0,10.02,10.61,11.58,12.63,15.91,20840.0,22070.0,24090.0,26280.0,33090.0,,
2020,0029620,"Lansing-East Lansing, MI",metro,39-9011,Childcare Workers,960.0,11.74,24430.0,10.1,10.52,11.3,12.08,13.63,21000.0,21880.0,23500.0,25130.0,28350.0,,
2020,0029700,"Laredo, TX",metro,39-9011,Childcare Workers,390.0,9.28,19300.0,7.81,8.24,8.9,9.67,11.64,16240.0,17140.0,18520.0,20120.0,24220.0,,
2020,0029740,"Las Cruces, NM",metro,39-9011,Childcare Workers,230.0,10.77,22410.0,9.23,9.53,9.99,11.16,12.89,19190.0,19830.0,20780.0,23210.0,26810.0,,
2020,0029820,"Las Vegas-Henderson-Paradise, NV",metro,39-9011,Childcare Workers,2090.0,11.05,22980.0,8.32,9.15,10.43,12.12,15.45,17300.0,19030.0,21700.0,25210.0,32140.0,,
2020,0029940,"Lawrence, KS",metro,39-9011,Childcare Workers,250.0,10.31,21450.0,7.93,8.57,9.88,11.63,12.88,16490.0,17820.0,20550.0,24180.0,26780.0,,
2020,0030020,"Lawton, OK",metro,39-9011,Childcare Workers,210.0,9.34,19420.0,7.95,8.4,9.14,10.04,11.55,16540.0,17480.0,19000.0,20880.0,24020.0,,
2020,0030140,"Lebanon, PA",metro,39-9011,Childcare Workers,120.0,12.56,26110.0,9.05,10.72,13.25,14.48,15.21,18820.0,22300.0,27570.0,30110.0,31640.0,,
2020,0030300,"Lewiston, ID-WA",metro,39-9011,Childcare Workers,,11.86,24660.0,8.72,10.27,13.04,13.52,13.52,18130.0,21370.0,27120.0,28110.0,28120.0,,
2020,0030460,"Lexington-Fayette, KY",metro,39-9011,Childcare Workers,950.0,11.35,23610.0,8.27,9.13,11.02,13.45,15.09,17200.0,18990.0,22920.0,27990.0,31390.0,,
2020,0030620,"Lima, OH",metro,39-9011,Childcare Workers,120.0,10.1,21000.0,8.86,9.07,9.38,10.03,12.37,18440.0,18870.0,19500.0,20850.0,25730.0,,
2020,0030700,"Lincoln, NE",metro,39-9011,Childcare Workers,1250.0,11.99,24930.0,9.65,9.94,11.14,12.85,16.33,20070.0,20680.0,23170.0,26730.0,33960.0,,
2020,0030780,"Little Rock-North Little Rock-Conway, AR",metro,39-9011,Childcare Workers,1240.0,11.4,23710.0,10.08,10.31,11.17,12.04,12.82,20970.0,21440.0,23240.0,25040.0,26670.0,,
2020,0030860,"Logan, UT-ID",metro,39-9011,Childcare Workers,200.0,12.79,26610.0,8.69,9.83,11.67,14.18,16.01,18070.0,20440.0,24270.0,29490.0,33290.0,,
2020,0030980,"Longview, TX",metro,39-9011,Childcare Workers,430.0,9.92,20640.0,8.01,8.58,9.5,11.01,12.19,16650.0,17840.0,19760.0,22890.0,25350.0,,
2020,0031080,"Los Angeles-Long Beach-Anaheim, CA",metro,39-9011,Childcare Workers,16050.0,16.49,34290.0,13.01,13.02,14.69,18.41,23.85,27070.0,27080.0,30560.0,38280.0,49610.0,,
2020,0031140,"Louisville/Jefferson County, KY-IN",metro,39-9011,Childcare Workers,2480.0,11.32,23550.0,8.35,9.12,10.26,12.26,15.36,17370.0,18970.0,21330.0,25500.0,31960.0,,
2020,0031180,"Lubbock, TX",metro,39-9011,Childcare Workers,720.0,11.13,23160.0,8.16,9.0,10.63,12.5,15.11,16970.0,18730.0,22110.0,25990.0,31430.0,,
2020,0031340,"Lynchburg, VA",metro,39-9011,Childcare Workers,260.0,9.14,19000.0,7.83,8.24,8.91,9.66,11.18,16290.0,17140.0,18540.0,20100.0,23250.0,,
2020,0031420,"Macon, GA",metro,39-9011,Childcare Workers,430.0,10.68,22210.0,8.3,9.31,10.56,11.71,12.57,17270.0,19360.0,21960.0,24350.0,26150.0,,
2020,0031540,"Madison, WI",metro,39-9011,Childcare Workers,560.0,10.55,21940.0,7.84,8.31,9.08,11.48,17.33,16320.0,17290.0,18890.0,23880.0,36050.0,,
2020,0031740,"Manhattan, KS",metro,39-9011,Childcare Workers,220.0,9.99,20790.0,7.9,8.54,9.72,11.23,12.13,16440.0,17770.0,20210.0,23360.0,25240.0,,
2020,0031860,"Mankato-North Mankato, MN",metro,39-9011,Childcare Workers,150.0,12.55,26090.0,10.61,11.17,12.1,13.73,15.3,22080.0,23240.0,25170.0,28550.0,31820.0,,
2020,0031900,"Mansfield, OH",metro,39-9011,Childcare Workers,,10.21,21240.0,9.05,9.25,9.6,10.23,12.1,18820.0,19250.0,19960.0,21270.0,25170.0,,
2020,0032420,"Mayaguez, PR",metro,39-9011,Childcare Workers,,10.65,22160.0,8.77,9.8,10.62,11.53,12.09,18240.0,20380.0,22080.0,23990.0,25140.0,,
2020,0032580,"McAllen-Edinburg-Mission, TX",metro,39-9011,Childcare Workers,1370.0,10.5,21830.0,8.21,8.79,9.77,11.66,13.71,17080.0,18290.0,20320.0,24250.0,28520.0,,
2020,0032780,"Medford, OR",metro,39-9011,Childcare Workers,150.0,14.19,29510.0,11.79,12.33,13.32,14.77,15.78,24530.0,25640.0,27710.0,30710.0,32820.0,,
2020,0032820,"Memphis, TN-MS-AR",metro,39-9011,Childcare Workers,2580.0,10.43,21700.0,8.22,8.87,9.98,11.47,12.77,17090.0,18460.0,20750.0,23860.0,26560.0,,
2020,0032900,"Merced, CA",metro,39-9011,Childcare Workers,140.0,16.7,34740.0,13.02,13.4,15.17,19.02,23.56,27070.0,27870.0,31550.0,39570.0,49000.0,,
2020,0033100,"Miami-Fort Lauderdale-West Palm Beach, FL",metro,39-9011,Childcare Workers,8560.0,12.99,27020.0,9.16,9.78,11.53,14.53,19.13,19050.0,20340.0,23990.0,30230.0,39800.0,,
2020,0033140,"Michigan City-La Porte, IN",metro,39-9011,Childcare Workers,,9.94,20680.0,7.7,8.17,8.96,10.37,11.76,16010.0,17000.0,18630.0,21560.0,24460.0,,
2020,0033220,"Midland, MI",metro,39-9011,Childcare Workers,,11.83,24610.0,10.18,10.66,11.46,12.27,14.05,21170.0,22170.0,23840.0,25520.0,29210.0,,
2020,0033260,"Midland, TX",metro,39-9011,Childcare Workers,380.0,11.79,24520.0,8.44,9.56,11.8,13.8,15.2,17560.0,19890.0,24540.0,28700.0,31610.0,,
2020,0033340,"Milwaukee-Waukesha-West Allis, WI",metro,39-9011,Childcare Workers,1000.0,12.37,25730.0,8.93,10.47,12.26,14.18,15.48,18580.0,21780.0,25500.0,29490.0,32190.0,,
2020,0033460,"Minneapolis-St. Paul-Bloomington, MN-WI",metro,39-9011,Childcare Workers,6160.0,14.29,29720.0,10.82,11.91,13.83,16.05,18.93,22500.0,24780.0,28760.0,33390.0,39370.0,,
2020,0033540,"Missoula, MT",metro,39-9011,Childcare Workers,440.0,10.99,22850.0,9.04,9.43,10.55,11.93,13.56,18800.0,19600.0,21950.0,24820.0,28200.0,,
2020,0033660,"Mobile, AL",metro,39-9011,Childcare Workers,770.0,9.05,18830.0,7.87,8.24,8.85,9.48,10.98,16370.0,17140.0,18420.0,19720.0,22830.0,,
2020,0033700,"Modesto, CA",metro,39-9011,Childcare Workers,500.0,15.9,33070.0,13.01,13.02,14.69,18.09,21.73,27070.0,27080.0,30550.0,37630.0,45200.0,,
2020,0033740,"Monroe, LA",metro,39-9011,Childcare Workers,410.0,9.21,19150.0,7.96,8.38,9.07,9.89,11.29,16560.0,17440.0,18860.0,20570.0,23490.0,,
2020,0033780,"Monroe, MI",metro,39-9011,Childcare Workers,130.0,11.81,24560.0,10.13,10.63,11.46,12.41,14.41,21060.0,22110.0,23840.0,25810.0,29960.0,,
2020,0033860,"Montgomery, AL",metro,39-9011,Childcare Workers,500.0,11.14,23170.0,8.02,8.59,9.61,11.86,18.18,16670.0,17870.0,19980.0,24670.0,37820.0,,
2020,0034060,"Morgantown, WV",metro,39-9011,Childcare Workers,360.0,10.2,21220.0,9.02,9.22,9.77,10.84,11.93,18770.0,19170.0,20320.0,22550.0,24810.0,,
2020,0034100,"Morristown, TN",metro,39-9011,Childcare Workers,90.0,9.11,18940.0,7.96,8.34,8.97,9.62,11.01,16550.0,17350.0,18660.0,20010.0,22900.0,,
2020,0034580,"Mount Vernon-Anacortes, WA",metro,39-9011,Childcare Workers,,14.89,30970.0,13.51,13.57,14.52,15.46,17.43,28110.0,28240.0,30200.0,32170.0,36250.0,,
2020,0034620,"Muncie, IN",metro,39-9011,Childcare Workers,450.0,12.64,26300.0,8.49,10.42,13.09,14.95,16.06,17660.0,21660.0,27240.0,31090.0,33400.0,,
2020,0034740,"Muskegon, MI",metro,39-9011,Childcare Workers,320.0,11.48,23880.0,10.22,10.64,11.33,12.03,12.55,21260.0,22130.0,23570.0,25020.0,26110.0,,
2020,0034820,"Myrtle Beach-Conway-North Myrtle Beach, SC-NC",metro,39-9011,Childcare Workers,900.0,12.67,26360.0,9.21,10.77,12.67,14.39,15.43,19150.0,22400.0,26360.0,29930.0,32090.0,,
2020,0034900,"Napa, CA",metro,39-9011,Childcare Workers,190.0,16.19,33680.0,13.02,13.32,16.16,18.49,19.89,27070.0,27690.0,33610.0,38470.0,41380.0,,
2020,0034940,"Naples-Immokalee-Marco Island, FL",metro,39-9011,Childcare Workers,640.0,11.53,23980.0,9.44,10.3,11.27,12.24,13.89,19640.0,21430.0,23440.0,25460.0,28890.0,,
2020,0034980,"Nashville-Davidson--Murfreesboro--Franklin, TN",metro,39-9011,Childcare Workers,4240.0,12.15,25270.0,8.88,10.08,11.53,13.7,15.99,18480.0,20970.0,23990.0,28490.0,33250.0,,
2020,0035100,"New Bern, NC",metro,39-9011,Childcare Workers,260.0,10.48,21790.0,8.18,8.7,9.56,11.31,14.26,17010.0,18090.0,19890.0,23530.0,29670.0,,
2020,0035380,"New Orleans-Metairie, LA",metro,39-9011,Childcare Workers,1490.0,10.05,20890.0,8.1,8.58,9.39,10.9,13.84,16840.0,17850.0,19530.0,22670.0,28790.0,,
2020,0035620,"New York-Newark-Jersey City, NY-NJ-PA",metro,39-9011,Childcare Workers,51860.0,15.29,31810.0,11.88,12.63,14.62,17.33,19.47,24710.0,26280.0,30400.0,36050.0,40500.0,,
2020,0035660,"Niles-Benton Harbor, MI",metro,39-9011,Childcare Workers,200.0,11.7,24330.0,10.08,10.39,11.18,11.96,12.64,20960.0,21610.0,23250.0,24890.0,26280.0,,
2020,0035840,"North Port-Sarasota-Bradenton, FL",metro,39-9011,Childcare Workers,1340.0,16.71,34760.0,9.6,10.73,13.76,23.15,29.33,19970.0,22320.0,28620.0,48150.0,61010.0,,
2020,0036100,"Ocala, FL",metro,39-9011,Childcare Workers,,13.25,27570.0,8.94,9.33,11.53,14.59,20.41,18590.0,19410.0,23990.0,30350.0,42440.0,,
2020,0036140,"Ocean City, NJ",metro,39-9011,Childcare Workers,100.0,14.05,29230.0,11.27,11.84,13.28,15.25,18.63,23450.0,24630.0,27610.0,31720.0,38750.0,,
2020,0036220,"Odessa, TX",metro,39-9011,Childcare Workers,440.0,12.5,25990.0,8.93,10.44,11.88,13.88,15.61,18580.0,21710.0,24700.0,28880.0,32460.0,,
2020,0036260,"Ogden-Clearfield, UT",metro,39-9011,Childcare Workers,820.0,10.46,21760.0,8.05,8.65,9.64,11.72,14.61,16740.0,17990.0,20050.0,24390.0,30390.0,,
2020,0036420,"Oklahoma City, OK",metro,39-9011,Childcare Workers,1970.0,10.6,22050.0,8.17,8.86,10.04,11.75,14.01,16990.0,18420.0,20890.0,24450.0,29150.0,,
2020,0036500,"Olympia-Tumwater, WA",metro,39-9011,Childcare Workers,290.0,15.17,31550.0,13.52,13.73,14.66,15.71,18.4,28110.0,28560.0,30490.0,32670.0,38260.0,,
2020,0036540,"Omaha-Council Bluffs, NE-IA",metro,39-9011,Childcare Workers,3750.0,12.34,25670.0,9.99,10.48,11.78,13.83,15.46,20770.0,21800.0,24500.0,28770.0,32170.0,,
2020,0036740,"Orlando-Kissimmee-Sanford, FL",metro,39-9011,Childcare Workers,2750.0,10.73,22320.0,9.04,9.42,10.19,11.57,12.63,18810.0,19590.0,21190.0,24080.0,26280.0,,
2020,0036980,"Owensboro, KY",metro,39-9011,Childcare Workers,250.0,10.73,22320.0,8.3,9.02,10.12,12.39,14.42,17260.0,18750.0,21050.0,25770.0,29980.0,,
2020,0037100,"Oxnard-Thousand Oaks-Ventura, CA",metro,39-9011,Childcare Workers,1050.0,17.28,35930.0,13.09,14.13,16.32,19.51,23.68,27220.0,29400.0,33940.0,40570.0,49250.0,,
2020,0037340,"Palm Bay-Melbourne-Titusville, FL",metro,39-9011,Childcare Workers,600.0,12.41,25810.0,9.52,10.23,11.62,13.51,15.8,19800.0,21270.0,24160.0,28100.0,32870.0,,
2020,0037460,"Panama City, FL",metro,39-9011,Childcare Workers,200.0,11.19,23270.0,9.16,9.79,10.89,12.09,13.96,19050.0,20360.0,22640.0,25150.0,29030.0,,
2020,0037620,"Parkersburg-Vienna, WV",metro,39-9011,Childcare Workers,80.0,10.97,22830.0,9.22,9.54,10.5,11.83,12.94,19180.0,19830.0,21830.0,24600.0,26910.0,,
2020,0037860,"Pensacola-Ferry Pass-Brent, FL",metro,39-9011,Childcare Workers,800.0,10.96,22800.0,9.08,9.53,10.54,11.77,13.03,18890.0,19820.0,21920.0,24480.0,27110.0,,
2020,0037900,"Peoria, IL",metro,39-9011,Childcare Workers,680.0,11.32,23540.0,9.43,9.77,10.65,12.11,14.04,19620.0,20330.0,22140.0,25200.0,29190.0,,
2020,0037980,"Philadelphia-Camden-Wilmington, PA-NJ-DE-MD",metro,39-9011,Childcare Workers,8100.0,12.22,25410.0,8.71,9.94,11.58,13.79,16.1,18120.0,20670.0,24090.0,28680.0,33490.0,,
2020,0038060,"Phoenix-Mesa-Scottsdale, AZ",metro,39-9011,Childcare Workers,5900.0,14.04,29210.0,12.1,12.25,12.84,15.69,18.06,25160.0,25480.0,26710.0,32640.0,37570.0,,
2020,0038220,"Pine Bluff, AR",metro,39-9011,Childcare Workers,,10.6,22050.0,10.0,10.01,10.04,10.19,11.72,20810.0,20810.0,20880.0,21190.0,24380.0,,
2020,0038300,"Pittsburgh, PA",metro,39-9011,Childcare Workers,3680.0,11.7,24340.0,8.43,9.45,11.09,13.2,15.77,17530.0,19660.0,23060.0,27450.0,32800.0,,
2020,0038540,"Pocatello, ID",metro,39-9011,Childcare Workers,170.0,10.16,21140.0,7.92,8.41,9.22,11.96,14.57,16480.0,17490.0,19180.0,24880.0,30300.0,,
2020,0038660,"Ponce, PR",metro,39-9011,Childcare Workers,,9.25,19250.0,7.91,8.39,9.16,10.12,11.37,16450.0,17440.0,19060.0,21050.0,23660.0,,
2020,0038900,"Portland-Vancouver-Hillsboro, OR-WA",metro,39-9011,Childcare Workers,2720.0,15.18,31580.0,11.92,12.72,14.48,17.06,20.0,24790.0,26450.0,30120.0,35490.0,41590.0,,
2020,0038940,"Port St. Lucie, FL",metro,39-9011,Childcare Workers,370.0,10.98,22840.0,9.08,9.41,10.19,11.78,13.9,18880.0,19570.0,21200.0,24510.0,28910.0,,
2020,0039140,"Prescott, AZ",metro,39-9011,Childcare Workers,140.0,12.85,26730.0,12.09,12.22,12.47,12.81,14.52,25140.0,25410.0,25930.0,26630.0,30210.0,,
2020,0039340,"Provo-Orem, UT",metro,39-9011,Childcare Workers,810.0,10.59,22030.0,8.01,8.61,9.68,11.86,14.91,16660.0,17910.0,20120.0,24670.0,31000.0,,
2020,0039380,"Pueblo, CO",metro,39-9011,Childcare Workers,160.0,16.03,33340.0,12.08,12.2,15.75,18.75,22.23,25130.0,25370.0,32770.0,39000.0,46240.0,,
2020,0039460,"Punta Gorda, FL",metro,39-9011,Childcare Workers,80.0,13.13,27320.0,10.22,11.93,13.36,14.63,15.4,21250.0,24820.0,27780.0,30440.0,32030.0,,
2020,0039540,"Racine, WI",metro,39-9011,Childcare Workers,40.0,14.2,29530.0,7.72,8.2,9.0,18.86,30.3,16050.0,17060.0,18710.0,39230.0,63020.0,,
2020,0039580,"Raleigh, NC",metro,39-9011,Childcare Workers,2500.0,12.36,25710.0,8.28,9.22,11.71,14.87,18.19,17210.0,19190.0,24360.0,30920.0,37820.0,,
2020,0039660,"Rapid City, SD",metro,39-9011,Childcare Workers,370.0,11.21,23320.0,9.68,9.94,10.72,11.91,13.52,20130.0,20670.0,22290.0,24770.0,28120.0,,
2020,0039740,"Reading, PA",metro,39-9011,Childcare Workers,460.0,11.59,24110.0,8.18,8.88,10.27,13.21,17.81,17010.0,18470.0,21360.0,27470.0,37050.0,,
2020,0039820,"Redding, CA",metro,39-9011,Childcare Workers,150.0,14.22,29570.0,13.01,13.02,13.68,15.0,15.82,27070.0,27080.0,28460.0,31210.0,32900.0,,
2020,0039900,"Reno, NV",metro,39-9011,Childcare Workers,670.0,13.2,27450.0,9.56,10.66,12.5,15.06,17.88,19880.0,22170.0,26000.0,31320.0,37200.0,,
2020,0040060,"Richmond, VA",metro,39-9011,Childcare Workers,1940.0,10.56,21970.0,7.99,8.62,9.69,11.97,14.52,16630.0,17920.0,20150.0,24890.0,30200.0,,
2020,0040140,"Riverside-San Bernardino-Ontario, CA",metro,39-9011,Childcare Workers,4690.0,15.51,32270.0,13.01,13.02,14.57,17.03,19.63,27070.0,27080.0,30310.0,35430.0,40840.0,,
2020,0040220,"Roanoke, VA",metro,39-9011,Childcare Workers,510.0,9.19,19110.0,7.81,8.23,8.89,9.64,11.37,16240.0,17120.0,18490.0,20040.0,23660.0,,
2020,0040340,"Rochester, MN",metro,39-9011,Childcare Workers,390.0,12.43,25860.0,10.62,11.1,11.89,13.09,15.52,22100.0,23080.0,24720.0,27230.0,32290.0,,
2020,0040380,"Rochester, NY",metro,39-9011,Childcare Workers,2120.0,13.9,28920.0,11.93,12.11,12.58,15.04,18.1,24810.0,25190.0,26160.0,31280.0,37660.0,,
2020,0040420,"Rockford, IL",metro,39-9011,Childcare Workers,360.0,10.64,22120.0,9.36,9.53,9.8,11.26,13.44,19470.0,19810.0,20390.0,23420.0,27950.0,,
2020,0040580,"Rocky Mount, NC",metro,39-9011,Childcare Workers,110.0,11.49,23900.0,8.21,9.02,10.69,13.19,16.53,17080.0,18760.0,22230.0,27440.0,34390.0,,
2020,0040660,"Rome, GA",metro,39-9011,Childcare Workers,40.0,8.33,17330.0,7.51,7.84,8.35,8.86,9.16,15630.0,16320.0,17370.0,18420.0,19060.0,,
2020,0040900,"Sacramento--Roseville--Arden-Arcade, CA",metro,39-9011,Childcare Workers,2080.0,14.75,30670.0,13.01,13.02,14.11,15.34,17.56,27070.0,27080.0,29350.0,31900.0,36520.0,,
2020,0040980,"Saginaw, MI",metro,39-9011,Childcare Workers,210.0,11.92,24790.0,10.13,10.67,11.56,12.85,14.66,21070.0,22200.0,24050.0,26720.0,30490.0,,
2020,0041060,"St. Cloud, MN",metro,39-9011,Childcare Workers,340.0,12.26,25510.0,10.65,11.14,11.95,13.08,14.74,22160.0,23170.0,24850.0,27210.0,30660.0,,
2020,0041100,"St. George, UT",metro,39-9011,Childcare Workers,300.0,12.49,25970.0,8.34,9.46,11.25,13.91,18.69,17340.0,19680.0,23390.0,28920.0,38880.0,,
2020,0041140,"St. Joseph, MO-KS",metro,39-9011,Childcare Workers,220.0,11.13,23140.0,9.46,9.53,9.72,10.52,17.21,19670.0,19820.0,20210.0,21880.0,35800.0,,
2020,0041180,"St. Louis, MO-IL",metro,39-9011,Childcare Workers,5590.0,12.65,26310.0,9.54,10.04,11.91,14.49,16.83,19850.0,20870.0,24770.0,30140.0,35000.0,,
2020,0041420,"Salem, OR",metro,39-9011,Childcare Workers,710.0,12.39,25770.0,11.48,11.68,12.02,12.5,14.1,23870.0,24290.0,25000.0,25990.0,29330.0,,
2020,0041500,"Salinas, CA",metro,39-9011,Childcare Workers,330.0,16.2,33700.0,13.02,13.9,15.64,18.37,20.0,27080.0,28910.0,32520.0,38210.0,41600.0,,
2020,0041540,"Salisbury, MD-DE",metro,39-9011,Childcare Workers,360.0,12.3,25580.0,10.1,10.99,11.92,12.94,15.0,21010.0,22850.0,24790.0,26910.0,31190.0,,
2020,0041620,"Salt Lake City, UT",metro,39-9011,Childcare Workers,2340.0,11.8,24540.0,8.37,9.31,11.49,13.87,15.54,17400.0,19370.0,23900.0,28840.0,32320.0,,
2020,0041660,"San Angelo, TX",metro,39-9011,Childcare Workers,240.0,9.5,19760.0,7.74,8.24,9.07,10.59,11.78,16090.0,17140.0,18870.0,22020.0,24490.0,,
2020,0041700,"San Antonio-New Braunfels, TX",metro,39-9011,Childcare Workers,5320.0,11.09,23070.0,8.2,8.97,10.34,12.06,14.94,17060.0,18650.0,21520.0,25070.0,31070.0,,
2020,0041740,"San Diego-Carlsbad, CA",metro,39-9011,Childcare Workers,3550.0,15.02,31240.0,13.01,13.02,14.07,15.74,18.92,27070.0,27080.0,29280.0,32730.0,39360.0,,
2020,0041860,"San Francisco-Oakland-Hayward, CA",metro,39-9011,Childcare Workers,6580.0,18.31,38090.0,13.67,15.83,17.96,19.99,24.42,28440.0,32930.0,37360.0,41580.0,50790.0,,
2020,0041900,"San German, PR",metro,39-9011,Childcare Workers,70.0,10.0,20800.0,8.19,8.89,9.99,11.2,11.95,17030.0,18490.0,20780.0,23300.0,24850.0,,
2020,0041940,"San Jose-Sunnyvale-Santa Clara, CA",metro,39-9011,Childcare Workers,1580.0,16.68,34690.0,13.01,13.02,14.8,18.84,24.57,27070.0,27080.0,30780.0,39190.0,51100.0,,
2020,0041980,"San Juan-Carolina-Caguas, PR",metro,39-9011,Childcare Workers,1510.0,9.12,18970.0,7.86,8.25,8.85,9.45,11.79,16340.0,17160.0,18410.0,19660.0,24510.0,,
2020,0042020,"San Luis Obispo-Paso Robles-Arroyo Grande, CA",metro,39-9011,Childcare Workers,230.0,14.78,30730.0,13.01,13.02,14.18,15.53,18.33,27070.0,27080.0,29490.0,32310.0,38120.0,,
2020,0042100,"Santa Cruz-Watsonville, CA",metro,39-9011,Childcare Workers,200.0,14.76,30710.0,13.02,13.27,14.45,15.63,17.85,27070.0,27610.0,30060.0,32520.0,37120.0,,
2020,0042140,"Santa Fe, NM",metro,39-9011,Childcare Workers,120.0,15.04,31290.0,11.87,13.46,14.91,16.41,18.75,24690.0,27990.0,31010.0,34130.0,39000.0,,
2020,0042200,"Santa Maria-Santa Barbara, CA",metro,39-9011,Childcare Workers,430.0,16.73,34810.0,13.02,13.61,16.82,18.97,20.46,27070.0,28310.0,34990.0,39450.0,42550.0,,
2020,0042220,"Santa Rosa, CA",metro,39-9011,Childcare Workers,680.0,17.41,36220.0,13.02,14.02,16.86,19.23,23.61,27080.0,29160.0,35070.0,40010.0,49110.0,,
2020,0042340,"Savannah, GA",metro,39-9011,Childcare Workers,810.0,9.53,19830.0,7.91,8.42,9.26,10.56,11.78,16460.0,17520.0,19260.0,21950.0,24510.0,,
2020,0042540,"Scranton--Wilkes-Barre--Hazleton, PA",metro,39-9011,Childcare Workers,840.0,11.31,23520.0,8.48,9.49,10.82,12.36,15.08,17640.0,19740.0,22500.0,25700.0,31370.0,,
2020,0042660,"Seattle-Tacoma-Bellevue, WA",metro,39-9011,Childcare Workers,2660.0,16.88,35120.0,13.79,14.95,16.94,18.67,19.77,28680.0,31090.0,35240.0,38840.0,41130.0,,
2020,0042680,"Sebastian-Vero Beach, FL",metro,39-9011,Childcare Workers,190.0,12.85,26720.0,9.4,10.34,12.03,14.52,18.24,19540.0,21520.0,25010.0,30210.0,37950.0,,
2020,0042700,"Sebring, FL",metro,39-9011,Childcare Workers,80.0,11.3,23500.0,9.19,9.61,10.44,12.32,14.82,19120.0,19980.0,21720.0,25620.0,30830.0,,
2020,0043100,"Sheboygan, WI",metro,39-9011,Childcare Workers,190.0,10.83,22520.0,8.31,9.16,10.56,12.23,14.16,17290.0,19050.0,21960.0,25440.0,29450.0,,
2020,0043300,"Sherman-Denison, TX",metro,39-9011,Childcare Workers,190.0,9.38,19500.0,7.86,8.31,9.07,10.2,11.69,16350.0,17290.0,18860.0,21210.0,24310.0,,
2020,0043340,"Shreveport-Bossier City, LA",metro,39-9011,Childcare Workers,780.0,10.41,21650.0,7.94,8.34,9.0,9.73,12.73,16510.0,17350.0,18720.0,20230.0,26480.0,,
2020,0043420,"Sierra Vista-Douglas, AZ",metro,39-9011,Childcare Workers,,13.36,27780.0,12.14,12.4,12.92,14.41,15.36,25260.0,25800.0,26880.0,29980.0,31950.0,,
2020,0043580,"Sioux City, IA-NE-SD",metro,39-9011,Childcare Workers,230.0,10.95,22770.0,8.29,9.42,10.58,12.26,14.31,17250.0,19590.0,22000.0,25510.0,29760.0,,
2020,0043620,"Sioux Falls, SD",metro,39-9011,Childcare Workers,1150.0,10.9,22670.0,9.61,9.83,10.37,11.65,12.59,19980.0,20440.0,21580.0,24240.0,26180.0,,
2020,0043780,"South Bend-Mishawaka, IN-MI",metro,39-9011,Childcare Workers,230.0,11.47,23850.0,9.1,10.2,11.35,12.56,14.31,18920.0,21220.0,23600.0,26120.0,29760.0,,
2020,0043900,"Spartanburg, SC",metro,39-9011,Childcare Workers,400.0,12.17,25310.0,7.82,8.25,8.98,10.96,28.31,16260.0,17170.0,18680.0,22800.0,58870.0,,
2020,0044060,"Spokane-Spokane Valley, WA",metro,39-9011,Childcare Workers,430.0,15.0,31200.0,13.51,13.52,13.52,15.13,18.79,28110.0,28110.0,28120.0,31470.0,39080.0,,
2020,0044100,"Springfield, IL",metro,39-9011,Childcare Workers,190.0,11.43,23770.0,9.4,9.71,10.77,12.13,14.34,19540.0,20200.0,22390.0,25230.0,29820.0,,
2020,0044180,"Springfield, MO",metro,39-9011,Childcare Workers,910.0,10.41,21650.0,9.49,9.57,9.83,10.45,12.0,19740.0,19910.0,20450.0,21740.0,24970.0,,
2020,0044220,"Springfield, OH",metro,39-9011,Childcare Workers,110.0,12.56,26120.0,8.93,9.21,10.78,15.15,19.57,18570.0,19160.0,22430.0,31500.0,40700.0,,
2020,0044300,"State College, PA",metro,39-9011,Childcare Workers,250.0,11.37,23650.0,8.3,9.6,11.02,12.25,15.31,17270.0,19960.0,22930.0,25480.0,31850.0,,
2020,0044420,"Staunton-Waynesboro, VA",metro,39-9011,Childcare Workers,150.0,12.73,26490.0,8.13,8.95,12.0,16.78,18.4,16920.0,18610.0,24970.0,34910.0,38270.0,,
2020,0044700,"Stockton-Lodi, CA",metro,39-9011,Childcare Workers,610.0,16.78,34900.0,13.01,13.02,15.29,18.84,24.32,27070.0,27080.0,31800.0,39180.0,50580.0,,
2020,0044940,"Sumter, SC",metro,39-9011,Childcare Workers,200.0,9.69,20150.0,8.0,8.48,9.27,10.72,12.28,16640.0,17630.0,19280.0,22300.0,25550.0,,
2020,0045060,"Syracuse, NY",metro,39-9011,Childcare Workers,1510.0,13.97,29060.0,11.91,12.06,12.64,15.39,18.25,24770.0,25090.0,26290.0,32020.0,37950.0,,
2020,0045220,"Tallahassee, FL",metro,39-9011,Childcare Workers,590.0,11.86,24680.0,9.23,9.86,11.04,12.34,15.16,19190.0,20510.0,22970.0,25660.0,31520.0,,
2020,0045300,"Tampa-St. Petersburg-Clearwater, FL",metro,39-9011,Childcare Workers,3510.0,12.28,25550.0,9.21,9.8,11.16,12.97,17.09,19160.0,20370.0,23210.0,26980.0,35550.0,,
2020,0045460,"Terre Haute, IN",metro,39-9011,Childcare Workers,320.0,9.45,19650.0,7.98,8.39,9.07,9.86,11.88,16590.0,17450.0,18870.0,20500.0,24720.0,,
2020,0045500,"Texarkana, TX-AR",metro,39-9011,Childcare Workers,170.0,10.24,21310.0,7.83,8.55,10.04,11.48,12.38,16280.0,17780.0,20890.0,23870.0,25760.0,,
2020,0045540,"The Villages, FL",metro,39-9011,Childcare Workers,40.0,12.38,25760.0,8.98,9.37,10.86,15.15,18.78,18680.0,19480.0,22590.0,31510.0,39060.0,,
2020,0045780,"Toledo, OH",metro,39-9011,Childcare Workers,1000.0,12.56,26130.0,9.14,9.65,11.46,14.06,17.31,19010.0,20080.0,23830.0,29250.0,36010.0,,
2020,0045820,"Topeka, KS",metro,39-9011,Childcare Workers,460.0,11.31,23530.0,8.63,9.83,11.16,12.5,14.39,17960.0,20450.0,23220.0,26010.0,29930.0,,
2020,0045940,"Trenton, NJ",metro,39-9011,Childcare Workers,710.0,14.58,30330.0,11.0,11.01,13.88,15.94,19.44,22890.0,22900.0,28870.0,33160.0,40430.0,,
2020,0046060,"Tucson, AZ",metro,39-9011,Childcare Workers,1690.0,13.06,27170.0,12.09,12.22,12.48,12.93,15.02,25150.0,25420.0,25950.0,26900.0,31240.0,,
2020,0046140,"Tulsa, OK",metro,39-9011,Childcare Workers,1690.0,10.3,21430.0,8.18,8.72,9.61,11.47,13.98,17010.0,18140.0,20000.0,23850.0,29080.0,,
2020,0046220,"Tuscaloosa, AL",metro,39-9011,Childcare Workers,270.0,10.18,21170.0,8.04,8.6,9.53,11.34,13.89,16730.0,17880.0,19820.0,23600.0,28890.0,,
2020,0046300,"Twin Falls, ID",metro,39-9011,Childcare Workers,120.0,11.74,24410.0,9.61,10.55,11.53,12.69,14.67,19990.0,21950.0,23990.0,26390.0,30510.0,,
2020,0046340,"Tyler, TX",metro,39-9011,Childcare Workers,310.0,11.11,23120.0,8.15,9.24,11.05,12.98,14.44,16960.0,19220.0,22990.0,27010.0,30040.0,,
2020,0046520,"Urban Honolulu, HI",metro,39-9011,Childcare Workers,1140.0,13.83,28760.0,10.74,11.35,12.66,15.84,18.99,22330.0,23610.0,26330.0,32940.0,39490.0,,
2020,0046540,"Utica-Rome, NY",metro,39-9011,Childcare Workers,480.0,15.03,31260.0,12.24,12.97,14.62,16.68,18.96,25450.0,26980.0,30420.0,34680.0,39440.0,,
2020,0046660,"Valdosta, GA",metro,39-9011,Childcare Workers,200.0,9.11,18940.0,7.94,8.33,8.97,9.63,11.21,16520.0,17330.0,18660.0,20030.0,23310.0,,
2020,0046700,"Vallejo-Fairfield, CA",metro,39-9011,Childcare Workers,480.0,15.17,31560.0,13.01,13.02,14.37,16.6,19.31,27070.0,27080.0,29880.0,34520.0,40160.0,,
2020,0047020,"Victoria, TX",metro,39-9011,Childcare Workers,200.0,9.61,20000.0,8.04,8.51,9.3,10.43,11.93,16720.0,17700.0,19330.0,21700.0,24810.0,,
2020,0047220,"Vineland-Bridgeton, NJ",metro,39-9011,Childcare Workers,,11.71,24350.0,11.0,11.01,11.41,11.87,12.15,22890.0,22900.0,23740.0,24700.0,25280.0,,
2020,0047260,"Virginia Beach-Norfolk-Newport News, VA-NC",metro,39-9011,Childcare Workers,2290.0,10.6,22050.0,7.99,8.69,10.21,11.94,14.04,16610.0,18080.0,21250.0,24830.0,29200.0,,
2020,0047300,"Visalia-Porterville, CA",metro,39-9011,Childcare Workers,830.0,14.46,30080.0,13.01,13.02,13.62,15.32,17.65,27070.0,27070.0,28330.0,31860.0,36700.0,,
2020,0047380,"Waco, TX",metro,39-9011,Childcare Workers,510.0,10.63,22120.0,7.86,8.44,9.53,12.6,15.12,16340.0,17560.0,19820.0,26210.0,31450.0,,
2020,0047460,"Walla Walla, WA",metro,39-9011,Childcare Workers,,14.51,30170.0,13.51,13.52,13.88,15.02,17.04,28110.0,28110.0,28870.0,31240.0,35440.0,,
2020,0047580,"Warner Robins, GA",metro,39-9011,Childcare Workers,270.0,8.87,18440.0,7.88,8.24,8.82,9.41,9.93,16400.0,17140.0,18340.0,19570.0,20660.0,,
2020,0047900,"Washington-Arlington-Alexandria, DC-VA-MD-WV",metro,39-9011,Childcare Workers,10010.0,15.33,31880.0,9.28,11.59,15.17,18.54,22.08,19300.0,24110.0,31540.0,38570.0,45920.0,,
2020,0047940,"Waterloo-Cedar Falls, IA",metro,39-9011,Childcare Workers,520.0,9.34,19430.0,7.99,8.39,9.04,9.77,11.64,16620.0,17450.0,18810.0,20330.0,24200.0,,
2020,0048060,"Watertown-Fort Drum, NY",metro,39-9011,Childcare Workers,200.0,12.69,26400.0,11.89,12.0,12.22,12.49,14.31,24730.0,24970.0,25410.0,25980.0,29750.0,,
2020,0048140,"Wausau, WI",metro,39-9011,Childcare Workers,140.0,12.84,26710.0,9.66,10.97,12.93,14.61,15.69,20100.0,22820.0,26900.0,30390.0,32630.0,,
2020,0048260,"Weirton-Steubenville, WV-OH",metro,39-9011,Childcare Workers,60.0,11.96,24890.0,9.36,9.8,11.07,12.45,14.84,19460.0,20390.0,23020.0,25890.0,30860.0,,
2020,0048540,"Wheeling, WV-OH",metro,39-9011,Childcare Workers,70.0,10.56,21950.0,9.13,9.37,9.93,11.39,13.18,18990.0,19480.0,20650.0,23690.0,27420.0,,
2020,0048620,"Wichita, KS",metro,39-9011,Childcare Workers,1050.0,11.34,23590.0,8.41,9.27,10.78,13.0,15.12,17490.0,19280.0,22430.0,27040.0,31450.0,,
2020,0048660,"Wichita Falls, TX",metro,39-9011,Childcare Workers,290.0,9.89,20580.0,8.02,8.54,9.39,10.95,13.01,16690.0,17770.0,19530.0,22780.0,27060.0,,
2020,0048700,"Williamsport, PA",metro,39-9011,Childcare Workers,310.0,10.36,21560.0,8.2,8.87,9.9,11.42,12.9,17060.0,18440.0,20590.0,23750.0,26830.0,,
2020,0048900,"Wilmington, NC",metro,39-9011,Childcare Workers,230.0,11.65,24230.0,8.42,9.36,11.02,13.21,16.41,17520.0,19460.0,22920.0,27470.0,34140.0,,
2020,0049020,"Winchester, VA-WV",metro,39-9011,Childcare Workers,100.0,11.99,24940.0,9.28,10.07,11.88,13.89,15.11,19310.0,20950.0,24700.0,28900.0,31430.0,,
2020,0049180,"Winston-Salem, NC",metro,39-9011,Childcare Workers,920.0,12.08,25130.0,8.44,9.42,11.19,14.75,17.8,17550.0,19600.0,23270.0,30680.0,37020.0,,
2020,0049420,"Yakima, WA",metro,39-9011,Childcare Workers,250.0,14.21,29550.0,13.51,13.51,13.52,13.52,15.49,28100.0,28110.0,28110.0,28120.0,32220.0,,
2020,0049620,"York-Hanover, PA",metro,39-9011,Childcare Workers,650.0,10.64,22130.0,7.96,8.68,10.17,11.75,14.0,16560.0,18060.0,21160.0,24430.0,29130.0,,
2020,0049660,"Youngstown-Warren-Boardman, OH-PA",metro,39-9011,Childcare Workers,910.0,11.51,23940.0,8.89,9.3,10.57,12.26,16.79,18490.0,19350.0,21990.0,25490.0,34920.0,,
2020,0049700,"Yuba City, CA",metro,39-9011,Childcare Workers,220.0,13.86,28830.0,13.01,13.01,13.02,14.31,15.92,27060.0,27070.0,27080.0,29760.0,33110.0,,
2020,0049740,"Yuma, AZ",metro,39-9011,Childcare Workers,,12.2,25370.0,12.04,12.09,12.17,12.29,12.41,25050.0,25150.0,25320.0,25560.0,25800.0,,
2020,0070750,"Bangor, ME",metro,39-9011,Childcare Workers,350.0,13.33,27730.0,12.01,12.11,12.53,14.2,15.46,24970.0,25200.0,26070.0,29530.0,32160.0,,
2020,0070900,"Barnstable Town, MA",metro,39-9011,Childcare Workers,220.0,14.38,29900.0,12.76,12.77,13.45,14.82,16.27,26550.0,26560.0,27970.0,30830.0,33840.0,,
2020,0071650,"Boston-Cambridge-Nashua, MA-NH",metro,39-9011,Childcare Workers,8640.0,15.94,33160.0,12.86,13.56,15.04,17.8,20.36,26750.0,28210.0,31280.0,37020.0,42340.0,,
2020,0071950,"Bridgeport-Stamford-Norwalk, CT",metro,39-9011,Childcare Workers,1250.0,14.66,30500.0,11.72,12.54,13.99,15.51,18.82,24380.0,26080.0,29090.0,32260.0,39140.0,,
2020,0072400,"Burlington-South Burlington, VT",metro,39-9011,Childcare Workers,480.0,15.19,31600.0,11.97,12.73,14.15,15.62,20.9,24900.0,26480.0,29440.0,32490.0,43460.0,,
2020,0072850,"Danbury, CT",metro,39-9011,Childcare Workers,240.0,13.4,27880.0,11.48,11.86,12.6,14.68,16.1,23870.0,24670.0,26200.0,30530.0,33490.0,,
2020,0073050,"Dover-Durham, NH-ME",metro,39-9011,Childcare Workers,200.0,13.34,27750.0,10.41,11.28,12.6,14.89,17.72,21650.0,23470.0,26200.0,30980.0,36860.0,,
2020,0073450,"Hartford-West Hartford-East Hartford, CT",metro,39-9011,Childcare Workers,2330.0,13.23,27520.0,11.38,11.72,12.42,14.48,16.05,23680.0,24370.0,25820.0,30110.0,33390.0,,
2020,0074500,"Leominster-Gardner, MA",metro,39-9011,Childcare Workers,110.0,15.19,31600.0,13.07,13.72,14.8,16.6,18.57,27180.0,28530.0,30780.0,34540.0,38630.0,,
2020,0074650,"Lewiston-Auburn, ME",metro,39-9011,Childcare Workers,210.0,13.57,28220.0,12.13,12.3,13.0,14.62,16.08,25230.0,25580.0,27030.0,30420.0,33450.0,,
2020,0074950,"Manchester, NH",metro,39-9011,Childcare Workers,250.0,12.09,25140.0,8.35,9.16,11.37,14.51,16.93,17360.0,19040.0,23650.0,30190.0,35210.0,,
2020,0075550,"New Bedford, MA",metro,39-9011,Childcare Workers,200.0,15.93,33130.0,12.82,13.33,14.77,17.41,19.87,26660.0,27720.0,30720.0,36220.0,41330.0,,
2020,0075700,"New Haven, CT",metro,39-9011,Childcare Workers,720.0,14.26,29660.0,11.66,12.33,13.78,15.39,18.31,24260.0,25650.0,28660.0,32020.0,38090.0,,
2020,0076450,"Norwich-New London-Westerly, CT-RI",metro,39-9011,Childcare Workers,520.0,13.16,27380.0,11.36,11.68,12.27,14.14,15.69,23620.0,24290.0,25530.0,29400.0,32640.0,,
2020,0076600,"Pittsfield, MA",metro,39-9011,Childcare Workers,100.0,14.47,30100.0,12.78,13.1,14.16,15.22,17.27,26590.0,27250.0,29450.0,31650.0,35930.0,,
2020,0076750,"Portland-South Portland, ME",metro,39-9011,Childcare Workers,740.0,14.45,30050.0,12.17,12.75,14.12,15.64,18.19,25310.0,26530.0,29380.0,32530.0,37840.0,,
2020,0076900,"Portsmouth, NH-ME",metro,39-9011,Childcare Workers,240.0,12.39,25780.0,8.78,10.45,12.55,14.29,15.42,18270.0,21730.0,26110.0,29730.0,32070.0,,
2020,0077200,"Providence-Warwick, RI-MA",metro,39-9011,Childcare Workers,2170.0,14.22,29580.0,11.17,11.69,12.81,15.39,19.04,23240.0,24320.0,26630.0,32010.0,39600.0,,
2020,0078100,"Springfield, MA-CT",metro,39-9011,Childcare Workers,1230.0,16.1,33500.0,12.77,12.91,14.67,17.4,23.21,26550.0,26850.0,30500.0,36190.0,48280.0,,
2020,0078700,"Waterbury, CT",metro,39-9011,Childcare Workers,440.0,13.11,27270.0,11.44,11.79,12.4,14.05,15.48,23800.0,24520.0,25780.0,29230.0,32200.0,,
2020,0079600,"Worcester, MA-CT",metro,39-9011,Childcare Workers,800.0,14.85,30890.0,12.76,12.85,14.09,16.52,18.86,26550.0,26720.0,29310.0,34360.0,39230.0,,
2020,0100001,Northwest Alabama nonmetropolitan area,nonmetro,39-9011,Childcare Workers,140.0,9.23,19200.0,8.02,8.39,9.02,9.68,11.29,16680.0,17460.0,18760.0,20140.0,23480.0,,
2020,0100002,Northeast Alabama nonmetropolitan area,nonmetro,39-9011,Childcare Workers,,10.88,22640.0,8.72,9.96,10.86,11.76,12.39,18140.0,20730.0,22590.0,24470.0,25780.0,,
2020,0100003,Southwest Alabama nonmetropolitan area,nonmetro,39-9011,Childcare Workers,200.0,9.77,20320.0,8.04,8.67,9.7,10.92,11.75,16710.0,18040.0,20180.0,22720.0,24450.0,,
2020,0100004,Southeast Alabama nonmetropolitan area,nonmetro,39-9011,Childcare Workers,340.0,8.99,18700.0,7.93,8.32,8.94,9.56,10.55,16490.0,17300.0,18600.0,19890.0,21950.0,,
2020,0200006,Alaska nonmetropolitan area,nonmetro,39-9011,Childcare Workers,540.0,14.5,30150.0,11.43,12.72,14.17,15.6,18.46,23780.0,26450.0,29470.0,32450.0,38410.0,,
2020,0400001,Arizona nonmetropolitan area,nonmetro,39-9011,Childcare Workers,140.0,12.87,26770.0,12.05,12.11,12.23,12.79,14.83,25060.0,25180.0,25440.0,26600.0,30840.0,,
2020,0500001,North Arkansas nonmetropolitan area,nonmetro,39-9011,Childcare Workers,330.0,10.34,21510.0,10.0,10.01,10.07,10.19,11.35,20810.0,20810.0,20940.0,21190.0,23600.0,,
2020,0500002,East Arkansas nonmetropolitan area,nonmetro,39-9011,Childcare Workers,630.0,10.62,22090.0,10.0,10.01,10.14,11.0,11.87,20810.0,20820.0,21090.0,22880.0,24690.0,,
2020,0500003,West Arkansas nonmetropolitan area,nonmetro,39-9011,Childcare Workers,210.0,10.82,22500.0,10.0,10.01,10.21,11.4,12.13,20810.0,20820.0,21230.0,23720.0,25230.0,,
2020,0500004,South Arkansas nonmetropolitan area,nonmetro,39-9011,Childcare Workers,410.0,11.58,24090.0,10.0,10.09,11.13,12.27,14.29,20810.0,20980.0,23150.0,25510.0,29730.0,,
2020,0600003,North Coast Region of California nonmetropolitan area,nonmetro,39-9011,Childcare Workers,230.0,15.65,32550.0,13.02,13.39,15.02,17.57,19.5,27070.0,27840.0,31250.0,36540.0,40550.0,,
2020,0600006,Eastern Sierra-Mother Lode Region of California nonmetropolitan area,nonmetro,39-9011,Childcare Workers,350.0,15.07,31350.0,13.02,13.47,14.72,16.36,18.45,27070.0,28020.0,30610.0,34030.0,38380.0,,
2020,0600007,North Valley-Northern Mountains Region of California nonmetropolitan area,nonmetro,39-9011,Childcare Workers,420.0,15.41,32060.0,13.01,13.03,14.97,17.38,19.05,27070.0,27090.0,31140.0,36150.0,39620.0,,
2020,0800001,Eastern and Southern Colorado nonmetropolitan area,nonmetro,39-9011,Childcare Workers,270.0,14.06,29250.0,12.07,12.16,12.7,15.12,18.38,25100.0,25290.0,26420.0,31460.0,38230.0,,
2020,0800002,Southwest Colorado nonmetropolitan area,nonmetro,39-9011,Childcare Workers,390.0,13.94,29000.0,12.1,12.25,13.14,14.97,17.45,25160.0,25480.0,27320.0,31130.0,36290.0,,
2020,0800003,Northwest Colorado nonmetropolitan area,nonmetro,39-9011,Childcare Workers,580.0,16.72,34770.0,12.78,13.98,15.96,19.11,22.51,26580.0,29070.0,33190.0,39760.0,46810.0,,
2020,0900001,Connecticut nonmetropolitan area,nonmetro,39-9011,Childcare Workers,100.0,15.2,31620.0,11.53,12.21,14.64,17.63,19.93,23990.0,25400.0,30450.0,36660.0,41460.0,,
2020,1200003,South Florida nonmetropolitan area,nonmetro,39-9011,Childcare Workers,,10.55,21940.0,8.79,9.04,9.47,11.3,12.82,18280.0,18800.0,19690.0,23500.0,26670.0,,
2020,1200006,North Florida nonmetropolitan area,nonmetro,39-9011,Childcare Workers,320.0,10.0,20810.0,8.95,9.19,9.6,10.44,11.63,18620.0,19120.0,19970.0,21710.0,24190.0,,
2020,1300001,North Georgia nonmetropolitan area,nonmetro,39-9011,Childcare Workers,560.0,11.31,23530.0,8.46,9.53,11.22,12.81,14.64,17610.0,19830.0,23330.0,26640.0,30450.0,,
2020,1300002,Middle Georgia nonmetropolitan area,nonmetro,39-9011,Childcare Workers,330.0,8.88,18470.0,8.0,8.35,8.94,9.53,9.97,16640.0,17370.0,18590.0,19820.0,20750.0,,
2020,1300003,East Georgia nonmetropolitan area,nonmetro,39-9011,Childcare Workers,120.0,12.48,25950.0,8.08,9.14,11.59,14.68,17.85,16810.0,19010.0,24110.0,30540.0,37130.0,,
2020,1300004,South Georgia nonmetropolitan area,nonmetro,39-9011,Childcare Workers,590.0,9.94,20670.0,8.09,8.56,9.33,11.0,13.69,16830.0,17800.0,19410.0,22890.0,28480.0,,
2020,1500001,Hawaii / Kauai nonmetropolitan area,nonmetro,39-9011,Childcare Workers,380.0,12.51,26010.0,10.74,10.93,11.59,12.49,15.53,22330.0,22730.0,24110.0,25970.0,32300.0,,
2020,1600006,Northwestern Idaho nonmetropolitan area,nonmetro,39-9011,Childcare Workers,160.0,12.14,25260.0,8.09,8.9,11.5,14.09,16.9,16820.0,18510.0,23910.0,29310.0,35140.0,,
2020,1600007,Southeast-Central Idaho nonmetropolitan area,nonmetro,39-9011,Childcare Workers,210.0,10.6,22040.0,8.0,8.57,9.53,12.17,15.13,16650.0,17830.0,19810.0,25310.0,31470.0,,
2020,1700001,Northwest Illinois nonmetropolitan area,nonmetro,39-9011,Childcare Workers,230.0,12.64,26290.0,9.43,9.8,11.22,13.0,20.87,19610.0,20390.0,23350.0,27030.0,43410.0,,
2020,1700002,West Central Illinois nonmetropolitan area,nonmetro,39-9011,Childcare Workers,320.0,12.48,25960.0,9.47,9.82,11.11,14.48,18.54,19700.0,20430.0,23110.0,30110.0,38560.0,,
2020,1700003,East Central Illinois nonmetropolitan area,nonmetro,39-9011,Childcare Workers,470.0,10.92,22720.0,9.36,9.63,10.27,11.56,12.79,19480.0,20020.0,21350.0,24050.0,26610.0,,
2020,1700004,South Illinois nonmetropolitan area,nonmetro,39-9011,Childcare Workers,270.0,11.64,24210.0,9.88,10.45,11.24,12.03,12.95,20550.0,21740.0,23380.0,25030.0,26940.0,,
2020,1800001,Northern Indiana nonmetropolitan area,nonmetro,39-9011,Childcare Workers,430.0,10.1,21010.0,8.06,8.57,9.42,11.3,13.38,16760.0,17830.0,19600.0,23510.0,27830.0,,
2020,1800002,Central Indiana nonmetropolitan area,nonmetro,39-9011,Childcare Workers,440.0,11.0,22880.0,8.16,8.84,10.1,12.77,15.11,16970.0,18380.0,21010.0,26570.0,31420.0,,
2020,1800003,Southern Indiana nonmetropolitan area,nonmetro,39-9011,Childcare Workers,,9.14,19020.0,7.75,8.15,8.8,9.45,11.28,16130.0,16950.0,18300.0,19660.0,23470.0,,
2020,1900001,Northeast Iowa nonmetropolitan area,nonmetro,39-9011,Childcare Workers,590.0,9.24,19210.0,7.99,8.39,9.06,9.78,11.43,16620.0,17460.0,18850.0,20340.0,23770.0,,
2020,1900002,Northwest Iowa nonmetropolitan area,nonmetro,39-9011,Childcare Workers,600.0,10.21,21240.0,8.07,8.64,9.62,11.48,12.77,16780.0,17960.0,20010.0,23880.0,26560.0,,
2020,1900003,Southwest Iowa nonmetropolitan area,nonmetro,39-9011,Childcare Workers,330.0,9.6,19970.0,8.1,8.55,9.29,10.18,11.89,16840.0,17770.0,19330.0,21170.0,24730.0,,
2020,1900004,Southeast Iowa nonmetropolitan area,nonmetro,39-9011,Childcare Workers,860.0,9.64,20060.0,8.05,8.51,9.29,10.54,12.17,16730.0,17700.0,19320.0,21930.0,25320.0,,
2020,2000006,Kansas nonmetropolitan area,nonmetro,39-9011,Childcare Workers,1110.0,10.89,22650.0,8.14,8.8,10.0,12.46,15.08,16930.0,18310.0,20810.0,25920.0,31380.0,,
2020,2100001,West Kentucky nonmetropolitan area,nonmetro,39-9011,Childcare Workers,700.0,10.66,22180.0,8.26,9.17,10.48,11.84,13.51,17190.0,19080.0,21810.0,24620.0,28110.0,,
2020,2100002,South Central Kentucky nonmetropolitan area,nonmetro,39-9011,Childcare Workers,880.0,9.84,20460.0,8.08,8.59,9.43,10.75,12.06,16800.0,17870.0,19620.0,22350.0,25080.0,,
2020,2100003,Central Kentucky nonmetropolitan area,nonmetro,39-9011,Childcare Workers,1040.0,11.41,23740.0,8.3,9.41,11.27,12.98,14.91,17260.0,19580.0,23440.0,26990.0,31000.0,,
2020,2100004,East Kentucky nonmetropolitan area,nonmetro,39-9011,Childcare Workers,300.0,9.89,20570.0,7.93,8.44,9.28,10.92,12.43,16490.0,17560.0,19290.0,22710.0,25860.0,,
2020,2200002,Central Louisiana nonmetropolitan area,nonmetro,39-9011,Childcare Workers,290.0,10.4,21640.0,8.09,8.6,9.47,11.49,14.11,16820.0,17900.0,19690.0,23900.0,29340.0,,
2020,2200003,Northeast Louisiana nonmetropolitan area,nonmetro,39-9011,Childcare Workers,280.0,9.64,20040.0,8.0,8.42,9.13,9.9,13.63,16640.0,17520.0,18990.0,20580.0,28350.0,,
2020,2200006,Southwest Louisiana nonmetropolitan area,nonmetro,39-9011,Childcare Workers,260.0,9.03,18780.0,8.0,8.36,8.97,9.59,10.3,16630.0,17390.0,18660.0,19950.0,21420.0,,
2020,2300001,Northeast Maine nonmetropolitan area,nonmetro,39-9011,Childcare Workers,,15.72,32700.0,12.17,13.6,16.23,18.07,19.18,25310.0,28290.0,33760.0,37590.0,39900.0,,
2020,2300002,Southwest Maine nonmetropolitan area,nonmetro,39-9011,Childcare Workers,750.0,14.69,30570.0,12.23,12.76,14.16,15.89,18.81,25430.0,26540.0,29450.0,33040.0,39120.0,,
2020,2400006,Maryland nonmetropolitan area,nonmetro,39-9011,Childcare Workers,140.0,12.94,26920.0,10.73,11.16,11.86,12.7,18.36,22310.0,23200.0,24660.0,26420.0,38180.0,,
2020,2500006,Massachusetts nonmetropolitan area,nonmetro,39-9011,Childcare Workers,90.0,15.44,32110.0,12.76,12.8,14.31,16.99,20.06,26550.0,26620.0,29770.0,35350.0,41730.0,,
2020,2600001,Upper Peninsula of Michigan nonmetropolitan area,nonmetro,39-9011,Childcare Workers,310.0,11.7,24330.0,10.08,10.5,11.3,12.12,13.96,20970.0,21840.0,23510.0,25210.0,29040.0,,
2020,2600002,Northeast Lower Peninsula of Michigan nonmetropolitan area,nonmetro,39-9011,Childcare Workers,320.0,11.47,23870.0,10.24,10.66,11.36,12.06,12.49,21310.0,22180.0,23640.0,25090.0,25970.0,,
2020,2600003,Northwest Lower Peninsula of Michigan nonmetropolitan area,nonmetro,39-9011,Childcare Workers,310.0,13.2,27450.0,10.72,11.91,13.18,14.59,15.5,22290.0,24770.0,27420.0,30350.0,32240.0,,
2020,2600004,Balance of Lower Peninsula of Michigan nonmetropolitan area,nonmetro,39-9011,Childcare Workers,770.0,11.99,24930.0,10.01,10.3,11.39,12.74,14.96,20820.0,21420.0,23700.0,26490.0,31110.0,,
2020,2700001,Northwest Minnesota nonmetropolitan area,nonmetro,39-9011,Childcare Workers,270.0,13.05,27140.0,10.69,11.21,12.08,14.71,17.78,22240.0,23320.0,25120.0,30590.0,36980.0,,
2020,2700002,Northeast Minnesota nonmetropolitan area,nonmetro,39-9011,Childcare Workers,70.0,12.25,25490.0,10.52,11.03,11.89,13.24,15.1,21880.0,22950.0,24720.0,27540.0,31410.0,,
2020,2700003,Southwest Minnesota nonmetropolitan area,nonmetro,39-9011,Childcare Workers,420.0,13.45,27970.0,10.49,11.23,12.68,15.2,18.01,21810.0,23360.0,26370.0,31610.0,37450.0,,
2020,2700004,Southeast Minnesota nonmetropolitan area,nonmetro,39-9011,Childcare Workers,620.0,12.51,26030.0,10.48,10.49,11.52,13.39,16.22,21800.0,21820.0,23970.0,27840.0,33740.0,,
2020,2800001,Northeast Mississippi nonmetropolitan area,nonmetro,39-9011,Childcare Workers,930.0,9.94,20670.0,8.16,8.6,9.34,10.17,13.77,16970.0,17890.0,19430.0,21150.0,28640.0,,
2020,2800002,Northwest Mississippi nonmetropolitan area,nonmetro,39-9011,Childcare Workers,700.0,8.92,18550.0,7.89,8.24,8.81,9.39,9.88,16410.0,17140.0,18330.0,19540.0,20550.0,,
2020,2800003,Southeast Mississippi nonmetropolitan area,nonmetro,39-9011,Childcare Workers,490.0,9.73,20230.0,7.88,8.27,8.91,9.57,12.75,16380.0,17190.0,18540.0,19910.0,26510.0,,
2020,2800004,Southwest Mississippi nonmetropolitan area,nonmetro,39-9011,Childcare Workers,350.0,9.18,19090.0,8.02,8.41,9.06,9.74,10.99,16680.0,17490.0,18850.0,20250.0,22860.0,,
2020,2900001,Central Missouri nonmetropolitan area,nonmetro,39-9011,Childcare Workers,760.0,11.21,23310.0,9.48,9.58,9.92,12.14,14.75,19720.0,19930.0,20640.0,25260.0,30690.0,,
2020,2900002,North Missouri nonmetropolitan area,nonmetro,39-9011,Childcare Workers,520.0,12.37,25730.0,9.55,9.8,11.66,14.31,16.39,19860.0,20390.0,24240.0,29770.0,34090.0,,
2020,2900003,Southeast Missouri nonmetropolitan area,nonmetro,39-9011,Childcare Workers,,11.83,24610.0,9.54,9.71,10.13,11.83,15.95,19840.0,20200.0,21070.0,24600.0,33170.0,,
2020,2900004,Southwest Missouri nonmetropolitan area,nonmetro,39-9011,Childcare Workers,240.0,12.29,25550.0,9.71,10.2,11.64,13.68,15.66,20190.0,21220.0,24200.0,28460.0,32570.0,,
2020,3000003,Southwest Montana nonmetropolitan area,nonmetro,39-9011,Childcare Workers,550.0,11.74,24420.0,9.19,9.65,10.97,13.14,15.85,19120.0,20060.0,22830.0,27330.0,32960.0,,
2020,3000004,West Montana nonmetropolitan area,nonmetro,39-9011,Childcare Workers,460.0,11.69,24310.0,9.15,9.64,11.11,12.84,15.57,19040.0,20050.0,23100.0,26700.0,32380.0,,
2020,3000006,East-Central Montana nonmetropolitan area,nonmetro,39-9011,Childcare Workers,130.0,11.62,24170.0,9.18,10.41,11.43,12.45,14.01,19090.0,21640.0,23760.0,25900.0,29130.0,,
2020,3100001,Northwest Nebraska nonmetropolitan area,nonmetro,39-9011,Childcare Workers,140.0,11.81,24570.0,9.64,9.94,10.75,12.3,16.03,20050.0,20680.0,22360.0,25580.0,33340.0,,
2020,3100003,Northeast Nebraska nonmetropolitan area,nonmetro,39-9011,Childcare Workers,520.0,10.98,22840.0,9.29,9.8,10.54,11.64,12.44,19320.0,20390.0,21920.0,24200.0,25870.0,,
2020,3100006,South Nebraska nonmetropolitan area,nonmetro,39-9011,Childcare Workers,1190.0,11.49,23900.0,9.37,9.95,10.99,12.28,14.39,19500.0,20690.0,22860.0,25540.0,29940.0,,
2020,3200006,Nevada nonmetropolitan area,nonmetro,39-9011,Childcare Workers,280.0,10.92,22720.0,8.14,9.02,10.71,12.23,14.17,16930.0,18760.0,22280.0,25430.0,29470.0,,
2020,3300001,Northern New Hampshire nonmetropolitan area,nonmetro,39-9011,Childcare Workers,,10.46,21770.0,7.88,8.46,9.38,11.98,14.63,16380.0,17590.0,19500.0,24930.0,30420.0,,
2020,3300002,Central New Hampshire nonmetropolitan area,nonmetro,39-9011,Childcare Workers,270.0,12.47,25930.0,10.05,10.94,12.34,14.03,15.17,20900.0,22760.0,25670.0,29180.0,31550.0,,
2020,3300006,West Central-Southwest New Hampshire nonmetropolitan area,nonmetro,39-9011,Childcare Workers,280.0,13.97,29060.0,10.11,11.95,13.94,15.92,18.47,21020.0,24850.0,29000.0,33120.0,38430.0,,
2020,3500006,Northern New Mexico nonmetropolitan area,nonmetro,39-9011,Childcare Workers,160.0,12.5,26010.0,9.24,9.61,11.46,13.34,16.19,19220.0,19980.0,23830.0,27750.0,33670.0,,
2020,3500007,Eastern New Mexico nonmetropolitan area,nonmetro,39-9011,Childcare Workers,430.0,10.52,21890.0,9.12,9.31,9.7,10.16,12.31,18970.0,19370.0,20170.0,21120.0,25600.0,,
2020,3600001,Capital/Northern New York nonmetropolitan area,nonmetro,39-9011,Childcare Workers,680.0,13.69,28480.0,11.94,12.13,12.88,14.62,16.41,24830.0,25240.0,26780.0,30420.0,34140.0,,
2020,3600004,Southwest New York nonmetropolitan area,nonmetro,39-9011,Childcare Workers,1070.0,13.47,28020.0,11.88,11.99,12.25,13.89,17.66,24720.0,24940.0,25480.0,28880.0,36740.0,,
2020,3600006,Central East New York nonmetropolitan area,nonmetro,39-9011,Childcare Workers,750.0,13.79,28690.0,11.95,12.17,12.61,14.49,17.62,24860.0,25320.0,26240.0,30130.0,36660.0,,
2020,3700001,Southeast Coastal North Carolina nonmetropolitan area,nonmetro,39-9011,Childcare Workers,1310.0,9.91,20610.0,8.06,8.62,9.59,11.14,12.17,16760.0,17920.0,19940.0,23170.0,25310.0,,
2020,3700002,Northeast Coastal North Carolina nonmetropolitan area,nonmetro,39-9011,Childcare Workers,100.0,11.58,24090.0,8.33,9.48,11.3,13.94,15.36,17330.0,19730.0,23490.0,29000.0,31960.0,,
2020,3700003,Piedmont North Carolina nonmetropolitan area,nonmetro,39-9011,Childcare Workers,1330.0,11.79,24530.0,8.23,8.87,9.97,13.56,19.99,17110.0,18460.0,20730.0,28200.0,41580.0,,
2020,3700004,Mountain North Carolina nonmetropolitan area,nonmetro,39-9011,Childcare Workers,530.0,13.88,28870.0,8.85,10.22,11.75,15.17,24.34,18410.0,21270.0,24430.0,31560.0,50620.0,,
2020,3800006,West North Dakota nonmetropolitan area,nonmetro,39-9011,Childcare Workers,690.0,13.14,27340.0,8.67,10.48,12.81,15.19,18.36,18030.0,21790.0,26640.0,31600.0,38190.0,,
2020,3800007,East North Dakota nonmetropolitan area,nonmetro,39-9011,Childcare Workers,540.0,12.45,25890.0,8.23,9.28,11.4,14.43,17.72,17110.0,19310.0,23710.0,30010.0,36860.0,,
2020,3900001,West Northwestern Ohio nonmetropolitan area,nonmetro,39-9011,Childcare Workers,630.0,10.2,21220.0,8.92,9.16,9.56,10.97,12.17,18560.0,19050.0,19880.0,22810.0,25320.0,,
2020,3900002,North Northeastern Ohio nonmetropolitan area (noncontiguous),nonmetro,39-9011,Childcare Workers,650.0,10.36,21560.0,8.93,9.15,9.53,10.72,12.7,18560.0,19030.0,19830.0,22300.0,26420.0,,
2020,3900003,Eastern Ohio nonmetropolitan area,nonmetro,39-9011,Childcare Workers,160.0,13.34,27750.0,9.42,10.61,12.72,15.33,18.61,19590.0,22080.0,26460.0,31890.0,38700.0,,
2020,3900004,Southern Ohio nonmetropolitan area,nonmetro,39-9011,Childcare Workers,460.0,10.15,21110.0,8.89,9.11,9.43,10.41,12.02,18490.0,18940.0,19610.0,21650.0,25010.0,,
2020,4000001,Northeast Oklahoma nonmetropolitan area,nonmetro,39-9011,Childcare Workers,300.0,11.21,23320.0,8.29,9.02,10.19,12.45,15.59,17230.0,18760.0,21200.0,25900.0,32420.0,,
2020,4000002,Northwest Oklahoma nonmetropolitan area,nonmetro,39-9011,Childcare Workers,310.0,9.59,19940.0,7.77,8.22,8.96,10.51,12.67,16150.0,17100.0,18630.0,21870.0,26350.0,,
2020,4000003,Southwest Oklahoma nonmetropolitan area,nonmetro,39-9011,Childcare Workers,170.0,9.28,19310.0,8.12,8.5,9.14,9.78,11.1,16890.0,17680.0,19000.0,20340.0,23090.0,,
2020,4000004,Southeast Oklahoma nonmetropolitan area,nonmetro,39-9011,Childcare Workers,870.0,10.3,21420.0,8.17,8.78,9.83,11.45,12.67,16990.0,18270.0,20450.0,23820.0,26360.0,,
2020,4100006,Coast Oregon nonmetropolitan area,nonmetro,39-9011,Childcare Workers,190.0,12.64,26280.0,11.58,11.85,12.31,13.08,14.71,24090.0,24660.0,25610.0,27200.0,30610.0,,
2020,4100007,Central Oregon nonmetropolitan area,nonmetro,39-9011,Childcare Workers,390.0,14.53,30230.0,11.68,12.13,13.23,17.25,18.98,24300.0,25220.0,27510.0,35870.0,39470.0,,
2020,4100008,Eastern Oregon nonmetropolitan area,nonmetro,39-9011,Childcare Workers,100.0,14.45,30060.0,11.5,11.83,13.37,16.16,19.64,23910.0,24610.0,27810.0,33620.0,40840.0,,
2020,4200001,Western Pennsylvania nonmetropolitan area,nonmetro,39-9011,Childcare Workers,500.0,10.92,22720.0,8.23,9.23,10.56,11.8,13.99,17120.0,19190.0,21970.0,24540.0,29100.0,,
2020,4200002,Northern Pennsylvania nonmetropolitan area,nonmetro,39-9011,Childcare Workers,630.0,11.0,22880.0,8.27,9.25,10.84,12.19,14.17,17210.0,19230.0,22540.0,25360.0,29480.0,,
2020,4200003,Southern Pennsylvania nonmetropolitan area,nonmetro,39-9011,Childcare Workers,280.0,9.51,19780.0,7.93,8.38,9.14,10.25,11.74,16490.0,17440.0,19010.0,21320.0,24420.0,,
2020,4500002,Upper Savannah South Carolina nonmetropolitan area,nonmetro,39-9011,Childcare Workers,240.0,11.16,23220.0,8.07,8.71,9.95,12.6,16.52,16790.0,18110.0,20690.0,26220.0,34370.0,,
2020,4500004,Lower Savannah South Carolina nonmetropolitan area,nonmetro,39-9011,Childcare Workers,,9.25,19240.0,7.81,8.25,8.96,9.97,11.62,16240.0,17160.0,18640.0,20740.0,24170.0,,
2020,4500006,Northeast South Carolina nonmetropolitan area,nonmetro,39-9011,Childcare Workers,440.0,9.65,20060.0,7.89,8.32,8.97,9.75,12.26,16420.0,17310.0,18650.0,20290.0,25510.0,,
2020,4600002,East South Dakota nonmetropolitan area,nonmetro,39-9011,Childcare Workers,460.0,11.25,23390.0,9.64,9.95,10.89,12.0,13.49,20060.0,20710.0,22650.0,24970.0,28070.0,,
2020,4600003,West South Dakota nonmetropolitan area,nonmetro,39-9011,Childcare Workers,430.0,10.37,21570.0,9.47,9.59,9.95,10.9,11.94,19690.0,19940.0,20690.0,22680.0,24830.0,,
2020,4700001,West Tennessee nonmetropolitan area,nonmetro,39-9011,Childcare Workers,370.0,9.84,20470.0,7.99,8.52,9.41,10.96,12.23,16620.0,17720.0,19560.0,22790.0,25430.0,,
2020,4700002,South Central Tennessee nonmetropolitan area,nonmetro,39-9011,Childcare Workers,480.0,9.42,19590.0,8.02,8.44,9.16,10.03,11.78,16670.0,17560.0,19040.0,20870.0,24500.0,,
2020,4700003,North Central Tennessee nonmetropolitan area,nonmetro,39-9011,Childcare Workers,250.0,9.85,20480.0,8.03,8.46,9.17,10.1,13.49,16690.0,17590.0,19080.0,21010.0,28060.0,,
2020,4700004,East Tennessee nonmetropolitan area,nonmetro,39-9011,Childcare Workers,260.0,10.21,21230.0,7.92,8.44,9.29,11.15,13.61,16470.0,17550.0,19330.0,23190.0,28310.0,,
2020,4800001,West Texas Region of Texas nonmetropolitan area,nonmetro,39-9011,Childcare Workers,450.0,10.1,21010.0,8.07,8.58,9.42,11.34,13.86,16790.0,17840.0,19600.0,23590.0,28830.0,,
2020,4800002,North Texas Region of Texas nonmetropolitan area,nonmetro,39-9011,Childcare Workers,850.0,9.68,20140.0,7.95,8.4,9.14,10.19,12.08,16540.0,17480.0,19010.0,21190.0,25140.0,,
2020,4800003,Big Thicket Region of Texas nonmetropolitan area,nonmetro,39-9011,Childcare Workers,430.0,9.89,20580.0,7.97,8.53,9.46,11.24,12.5,16580.0,17740.0,19680.0,23390.0,26000.0,,
2020,4800004,Hill Country Region of Texas nonmetropolitan area,nonmetro,39-9011,Childcare Workers,880.0,9.99,20770.0,7.89,8.39,9.18,10.88,13.88,16420.0,17450.0,19100.0,22630.0,28860.0,,
2020,4800005,Border Region of Texas nonmetropolitan area,nonmetro,39-9011,Childcare Workers,260.0,9.16,19050.0,7.9,8.29,8.92,9.61,10.9,16440.0,17240.0,18560.0,19990.0,22670.0,,
2020,4800006,Coastal Plains Region of Texas nonmetropolitan area,nonmetro,39-9011,Childcare Workers,650.0,9.9,20590.0,7.84,8.28,8.97,10.01,15.4,16300.0,17220.0,18660.0,20810.0,32020.0,,
2020,4900006,Eastern Utah nonmetropolitan area,nonmetro,39-9011,Childcare Workers,310.0,15.22,31660.0,8.96,11.53,14.03,17.02,20.42,18640.0,23990.0,29180.0,35400.0,42470.0,,
2020,4900007,Central Utah nonmetropolitan area,nonmetro,39-9011,Childcare Workers,190.0,10.79,22440.0,8.08,8.74,9.99,12.51,14.84,16810.0,18180.0,20790.0,26010.0,30870.0,,
2020,5000001,Southern Vermont nonmetropolitan area,nonmetro,39-9011,Childcare Workers,700.0,16.87,35100.0,11.96,13.19,15.46,20.48,23.71,24870.0,27440.0,32150.0,42600.0,49310.0,,
2020,5000002,Northern Vermont nonmetropolitan area,nonmetro,39-9011,Childcare Workers,140.0,17.61,36640.0,11.8,12.54,15.33,21.65,28.83,24550.0,26080.0,31890.0,45040.0,59970.0,,
2020,5100001,Southwest Virginia nonmetropolitan area,nonmetro,39-9011,Childcare Workers,70.0,12.37,25730.0,8.33,9.11,10.86,15.92,19.02,17330.0,18960.0,22590.0,33120.0,39560.0,,
2020,5100002,Southside Virginia nonmetropolitan area,nonmetro,39-9011,Childcare Workers,150.0,11.07,23030.0,8.05,8.57,9.42,13.07,16.27,16750.0,17820.0,19600.0,27190.0,33830.0,,
2020,5100003,Northeast Virginia nonmetropolitan area,nonmetro,39-9011,Childcare Workers,160.0,11.21,23320.0,8.18,8.94,10.24,12.02,15.68,17010.0,18590.0,21290.0,25000.0,32610.0,,
2020,5100004,Northwest Virginia nonmetropolitan area,nonmetro,39-9011,Childcare Workers,80.0,11.01,22900.0,8.05,8.87,10.62,12.83,14.71,16750.0,18450.0,22090.0,26680.0,30590.0,,
2020,5300006,Western Washington nonmetropolitan area,nonmetro,39-9011,Childcare Workers,420.0,16.44,34190.0,13.51,13.61,14.98,17.48,22.69,28110.0,28310.0,31160.0,36370.0,47190.0,,
2020,5300007,Eastern Washington nonmetropolitan area,nonmetro,39-9011,Childcare Workers,120.0,15.01,31230.0,13.51,13.52,14.17,16.44,18.31,28110.0,28110.0,29460.0,34200.0,38080.0,,
2020,5400001,Southern West Virginia nonmetropolitan area,nonmetro,39-9011,Childcare Workers,120.0,11.85,24640.0,9.51,9.69,9.95,13.51,16.71,19790.0,20160.0,20690.0,28100.0,34760.0,,
2020,5400002,Northern West Virginia nonmetropolitan area,nonmetro,39-9011,Childcare Workers,400.0,10.84,22540.0,9.68,9.9,10.3,11.61,12.41,20130.0,20580.0,21430.0,24150.0,25810.0,,
2020,5500001,Northwestern Wisconsin nonmetropolitan area,nonmetro,39-9011,Childcare Workers,90.0,11.32,23550.0,9.73,10.39,11.19,11.99,12.75,20240.0,21620.0,23280.0,24930.0,26520.0,,
2020,5500002,Northeastern Wisconsin nonmetropolitan area,nonmetro,39-9011,Childcare Workers,210.0,11.95,24850.0,8.28,9.08,10.56,12.93,20.32,17220.0,18880.0,21960.0,26890.0,42260.0,,
2020,5500003,South Central Wisconsin nonmetropolitan area,nonmetro,39-9011,Childcare Workers,170.0,12.17,25320.0,8.87,10.1,12.05,14.09,15.45,18440.0,21000.0,25050.0,29310.0,32130.0,,
2020,5500004,Western Wisconsin nonmetropolitan area,nonmetro,39-9011,Childcare Workers,,12.27,25520.0,9.97,10.69,11.89,13.89,15.11,20740.0,22230.0,24720.0,28880.0,31430.0,,
2020,5600006,Western Wyoming nonmetropolitan area,nonmetro,39-9011,Childcare Workers,610.0,14.34,29820.0,9.6,11.35,13.72,15.83,21.71,19980.0,23610.0,28530.0,32920.0,45170.0,,
2020,5600007,Eastern Wyoming nonmetropolitan area,nonmetro,39-9011,Childcare Workers,380.0,11.47,23860.0,8.27,9.43,11.17,12.71,15.24,17210.0,19600.0,23240.0,26440.0,31690.0,,
2021,0010180,"Abilene, TX",metro,39-9011,Childcare Workers,240.0,11.04,22960.0,8.22,8.95,10.59,12.58,14.07,17090.0,18610.0,22020.0,26170.0,29270.0,,
2021,0010380,"Aguadilla-Isabela, PR",metro,39-9011,Childcare Workers,70.0,8.98,18690.0,8.23,8.35,8.54,9.15,9.2,17130.0,17360.0,17750.0,19030.0,19140.0,,
2021,0010420,"Akron, OH",metro,39-9011,Childcare Workers,730.0,12.47,25930.0,9.89,10.46,11.45,14.02,14.33,20570.0,21750.0,23820.0,29160.0,29800.0,,
2021,0010500,"Albany, GA",metro,39-9011,Childcare Workers,390.0,10.14,21080.0,7.96,8.02,10.18,10.46,13.52,16560.0,16690.0,21170.0,21750.0,28110.0,,
2021,0010540,"Albany, OR",metro,39-9011,Childcare Workers,80.0,13.15,27340.0,12.17,12.17,12.22,13.65,14.65,25310.0,25310.0,25410.0,28400.0,30480.0,,
2021,0010580,"Albany-Schenectady-Troy, NY",metro,39-9011,Childcare Workers,2110.0,14.74,30660.0,12.89,13.44,13.83,14.85,18.24,26800.0,27960.0,28770.0,30890.0,37940.0,,
2021,0010740,"Albuquerque, NM",metro,39-9011,Childcare Workers,960.0,12.08,25120.0,10.85,11.06,11.18,11.8,14.05,22570.0,23010.0,23260.0,24540.0,29230.0,,
2021,0010780,"Alexandria, LA",metro,39-9011,Childcare Workers,250.0,9.46,19670.0,8.02,8.11,8.77,10.15,12.67,16680.0,16860.0,18250.0,21110.0,26350.0,,
2021,0010900,"Allentown-Bethlehem-Easton, PA-NJ",metro,39-9011,Childcare Workers,1240.0,12.48,25950.0,9.21,11.02,12.0,13.77,14.56,19160.0,22920.0,24960.0,28640.0,30290.0,,
2021,0011020,"Altoona, PA",metro,39-9011,Childcare Workers,180.0,10.67,22200.0,8.2,8.49,10.61,10.76,13.33,17050.0,17670.0,22060.0,22380.0,27720.0,,
2021,0011100,"Amarillo, TX",metro,39-9011,Childcare Workers,540.0,10.43,21690.0,8.26,8.64,9.84,11.5,13.05,17190.0,17960.0,20460.0,23920.0,27140.0,,
2021,0011180,"Ames, IA",metro,39-9011,Childcare Workers,190.0,10.48,21800.0,8.34,8.74,10.62,11.29,14.13,17350.0,18170.0,22090.0,23490.0,29380.0,,
2021,0011260,"Anchorage, AK",metro,39-9011,Childcare Workers,580.0,14.76,30700.0,11.19,11.68,13.8,14.62,21.49,23260.0,24280.0,28710.0,30400.0,44710.0,,
2021,0011460,"Ann Arbor, MI",metro,39-9011,Childcare Workers,630.0,12.79,26610.0,11.32,11.36,11.56,14.01,14.96,23550.0,23620.0,24040.0,29150.0,31120.0,,
2021,0011500,"Anniston-Oxford-Jacksonville, AL",metro,39-9011,Childcare Workers,120.0,10.1,21010.0,7.93,8.25,8.39,10.96,14.31,16490.0,17160.0,17440.0,22810.0,29760.0,,
2021,0011540,"Appleton, WI",metro,39-9011,Childcare Workers,230.0,11.88,24700.0,8.75,10.5,11.27,13.96,14.35,18210.0,21840.0,23430.0,29030.0,29840.0,,
2021,0011640,"Arecibo, PR",metro,39-9011,Childcare Workers,40.0,8.81,18320.0,8.34,8.5,8.72,8.79,9.2,17340.0,17670.0,18130.0,18290.0,19140.0,,
2021,0011700,"Asheville, NC",metro,39-9011,Childcare Workers,560.0,12.1,25170.0,8.72,9.11,11.26,14.05,14.95,18130.0,18950.0,23420.0,29220.0,31090.0,,
2021,0012020,"Athens-Clarke County, GA",metro,39-9011,Childcare Workers,490.0,10.91,22690.0,8.39,8.54,10.69,13.22,14.05,17450.0,17770.0,22230.0,27490.0,29230.0,,
2021,0012060,"Atlanta-Sandy Springs-Roswell, GA",metro,39-9011,Childcare Workers,9600.0,12.36,25700.0,8.93,11.03,11.14,13.8,17.34,18570.0,22940.0,23180.0,28710.0,36060.0,,
2021,0012100,"Atlantic City-Hammonton, NJ",metro,39-9011,Childcare Workers,220.0,14.38,29900.0,12.0,12.34,13.69,14.59,18.51,24960.0,25670.0,28470.0,30350.0,38510.0,,
2021,0012220,"Auburn-Opelika, AL",metro,39-9011,Childcare Workers,250.0,10.28,21390.0,8.12,8.67,10.3,11.22,13.62,16890.0,18030.0,21420.0,23340.0,28320.0,,
2021,0012260,"Augusta-Richmond County, GA-SC",metro,39-9011,Childcare Workers,1130.0,10.58,22000.0,8.27,8.35,10.46,11.19,14.01,17200.0,17370.0,21750.0,23280.0,29150.0,,
2021,0012420,"Austin-Round Rock, TX",metro,39-9011,Childcare Workers,4260.0,12.12,25210.0,9.04,10.15,11.34,13.73,15.44,18800.0,21100.0,23600.0,28560.0,32120.0,,
2021,0012540,"Bakersfield, CA",metro,39-9011,Childcare Workers,910.0,15.66,32570.0,14.0,14.0,14.5,17.23,17.68,29120.0,29120.0,30160.0,35840.0,36770.0,,
2021,0012580,"Baltimore-Columbia-Towson, MD",metro,39-9011,Childcare Workers,3450.0,14.29,29710.0,11.75,11.81,13.84,14.32,17.88,24440.0,24560.0,28780.0,29780.0,37180.0,,
2021,0012940,"Baton Rouge, LA",metro,39-9011,Childcare Workers,1450.0,10.62,22080.0,8.81,8.96,10.19,11.23,14.05,18320.0,18630.0,21190.0,23360.0,29230.0,,
2021,0012980,"Battle Creek, MI",metro,39-9011,Childcare Workers,140.0,12.35,25690.0,11.04,11.11,11.6,13.75,14.58,22960.0,23100.0,24130.0,28610.0,30320.0,,
2021,0013020,"Bay City, MI",metro,39-9011,Childcare Workers,80.0,11.76,24460.0,10.3,10.78,11.07,13.06,14.24,21430.0,22420.0,23030.0,27170.0,29620.0,,
2021,0013140,"Beaumont-Port Arthur, TX",metro,39-9011,Childcare Workers,520.0,10.46,21750.0,8.55,8.74,10.22,11.16,13.63,17780.0,18170.0,21260.0,23220.0,28350.0,,
2021,0013220,"Beckley, WV",metro,39-9011,Childcare Workers,120.0,10.06,20920.0,8.75,9.04,9.68,10.95,11.38,18200.0,18790.0,20130.0,22770.0,23680.0,,
2021,0013380,"Bellingham, WA",metro,39-9011,Childcare Workers,,14.26,29650.0,14.14,14.14,14.14,14.14,14.14,29410.0,29410.0,29410.0,29410.0,29410.0,,
2021,0013460,"Bend-Redmond, OR",metro,39-9011,Childcare Workers,190.0,14.98,31150.0,12.9,13.39,13.76,16.53,18.08,26840.0,27850.0,28620.0,34370.0,37610.0,,
2021,0013740,"Billings, MT",metro,39-9011,Childcare Workers,360.0,12.23,25450.0,10.11,11.05,11.33,14.05,14.31,21030.0,22970.0,23570.0,29220.0,29760.0,,
2021,0013780,"Binghamton, NY",metro,39-9011,Childcare Workers,540.0,14.11,29350.0,12.5,12.5,13.84,14.5,17.76,26000.0,26000.0,28780.0,30150.0,36940.0,,
2021,0013820,"Birmingham-Hoover, AL",metro,39-9011,Childcare Workers,1100.0,10.35,21540.0,8.49,8.87,10.08,11.12,13.72,17670.0,18460.0,20960.0,23140.0,28530.0,,
2021,0013900,"Bismarck, ND",metro,39-9011,Childcare Workers,670.0,12.74,26490.0,10.72,11.12,11.5,14.09,17.23,22290.0,23140.0,23920.0,29320.0,35840.0,,
2021,0013980,"Blacksburg-Christiansburg-Radford, VA",metro,39-9011,Childcare Workers,250.0,11.91,24770.0,9.5,10.58,10.75,13.18,14.64,19760.0,22010.0,22350.0,27420.0,30460.0,,
2021,0014010,"Bloomington, IL",metro,39-9011,Childcare Workers,410.0,12.21,25390.0,11.0,11.2,11.49,12.71,13.87,22880.0,23300.0,23910.0,26440.0,28850.0,,
2021,0014020,"Bloomington, IN",metro,39-9011,Childcare Workers,260.0,11.19,23270.0,8.36,8.75,11.06,13.1,13.89,17400.0,18200.0,23010.0,27250.0,28890.0,,
2021,0014100,"Bloomsburg-Berwick, PA",metro,39-9011,Childcare Workers,140.0,10.98,22840.0,8.53,8.53,10.82,12.75,13.71,17730.0,17730.0,22500.0,26530.0,28520.0,,
2021,0014260,"Boise City, ID",metro,39-9011,Childcare Workers,970.0,11.05,22990.0,8.53,8.78,10.29,13.43,14.4,17740.0,18250.0,21400.0,27940.0,29940.0,,
2021,0014500,"Boulder, CO",metro,39-9011,Childcare Workers,700.0,16.39,34090.0,14.28,14.42,14.92,17.79,18.6,29690.0,30000.0,31030.0,37010.0,38680.0,,
2021,0014540,"Bowling Green, KY",metro,39-9011,Childcare Workers,380.0,10.62,22100.0,8.18,8.73,10.77,11.56,12.77,17010.0,18150.0,22400.0,24040.0,26570.0,,
2021,0014740,"Bremerton-Silverdale, WA",metro,39-9011,Childcare Workers,110.0,15.59,32420.0,14.21,14.36,14.52,16.43,18.41,29550.0,29860.0,30210.0,34180.0,38290.0,,
2021,0015180,"Brownsville-Harlingen, TX",metro,39-9011,Childcare Workers,1020.0,10.31,21450.0,7.91,8.08,10.17,11.22,13.5,16450.0,16810.0,21160.0,23340.0,28080.0,,
2021,0015260,"Brunswick, GA",metro,39-9011,Childcare Workers,160.0,11.31,23520.0,8.32,8.54,10.96,13.5,14.09,17300.0,17760.0,22810.0,28070.0,29300.0,,
2021,0015380,"Buffalo-Cheektowaga-Niagara Falls, NY",metro,39-9011,Childcare Workers,2510.0,14.37,29880.0,12.5,13.22,13.67,14.16,17.45,26000.0,27500.0,28430.0,29460.0,36290.0,,
2021,0015500,"Burlington, NC",metro,39-9011,Childcare Workers,110.0,11.06,23000.0,8.27,8.75,10.44,12.6,14.01,17200.0,18190.0,21710.0,26210.0,29130.0,,
2021,0015680,"California-Lexington Park, MD",metro,39-9011,Childcare Workers,80.0,13.43,27930.0,11.75,11.75,13.2,13.99,15.99,24440.0,24440.0,27460.0,29110.0,33250.0,,
2021,0015940,"Canton-Massillon, OH",metro,39-9011,Childcare Workers,410.0,11.54,24000.0,8.96,9.35,10.56,12.83,14.09,18640.0,19450.0,21960.0,26680.0,29300.0,,
2021,0015980,"Cape Coral-Fort Myers, FL",metro,39-9011,Childcare Workers,550.0,13.61,28300.0,10.71,11.06,13.66,14.37,18.35,22270.0,23010.0,28410.0,29890.0,38160.0,,
2021,0016020,"Cape Girardeau, MO-IL",metro,39-9011,Childcare Workers,170.0,11.91,24760.0,10.3,10.33,10.96,12.69,13.94,21420.0,21490.0,22810.0,26390.0,29000.0,,
2021,0016060,"Carbondale-Marion, IL",metro,39-9011,Childcare Workers,210.0,12.06,25080.0,11.0,11.0,11.18,11.86,14.26,22880.0,22880.0,23240.0,24660.0,29650.0,,
2021,0016180,"Carson City, NV",metro,39-9011,Childcare Workers,70.0,14.23,29600.0,8.54,11.38,14.16,17.41,18.21,17770.0,23670.0,29460.0,36200.0,37880.0,,
2021,0016220,"Casper, WY",metro,39-9011,Childcare Workers,160.0,11.95,24850.0,8.68,10.82,11.05,14.31,14.33,18060.0,22510.0,22980.0,29760.0,29810.0,,
2021,0016300,"Cedar Rapids, IA",metro,39-9011,Childcare Workers,450.0,11.22,23330.0,8.63,8.81,11.01,11.95,14.39,17950.0,18330.0,22910.0,24860.0,29940.0,,
2021,0016540,"Chambersburg-Waynesboro, PA",metro,39-9011,Childcare Workers,170.0,11.74,24410.0,8.77,10.72,11.05,13.75,13.98,18250.0,22300.0,22980.0,28600.0,29070.0,,
2021,0016580,"Champaign-Urbana, IL",metro,39-9011,Childcare Workers,370.0,12.97,26980.0,11.2,11.43,11.63,13.78,16.83,23300.0,23770.0,24190.0,28660.0,35000.0,,
2021,0016620,"Charleston, WV",metro,39-9011,Childcare Workers,190.0,10.42,21670.0,8.88,9.4,9.94,10.89,11.5,18460.0,19560.0,20680.0,22650.0,23920.0,,
2021,0016700,"Charleston-North Charleston, SC",metro,39-9011,Childcare Workers,930.0,11.14,23180.0,8.56,9.1,11.05,11.57,14.32,17810.0,18930.0,22980.0,24060.0,29790.0,,
2021,0016740,"Charlotte-Concord-Gastonia, NC-SC",metro,39-9011,Childcare Workers,3400.0,11.79,24530.0,8.71,8.94,11.29,14.16,14.97,18110.0,18590.0,23490.0,29460.0,31130.0,,
2021,0016820,"Charlottesville, VA",metro,39-9011,Childcare Workers,310.0,12.49,25970.0,9.5,11.07,11.34,13.99,17.55,19760.0,23020.0,23590.0,29110.0,36500.0,,
2021,0016860,"Chattanooga, TN-GA",metro,39-9011,Childcare Workers,890.0,11.23,23360.0,8.5,8.91,10.74,11.8,14.11,17680.0,18530.0,22340.0,24540.0,29350.0,,
2021,0016940,"Cheyenne, WY",metro,39-9011,Childcare Workers,160.0,11.59,24100.0,8.48,9.21,10.64,11.5,17.71,17630.0,19150.0,22140.0,23920.0,36830.0,,
2021,0016980,"Chicago-Naperville-Elgin, IL-IN-WI",metro,39-9011,Childcare Workers,12610.0,14.24,29630.0,11.22,12.06,13.78,14.49,18.08,23340.0,25070.0,28660.0,30140.0,37610.0,,
2021,0017020,"Chico, CA",metro,39-9011,Childcare Workers,210.0,15.54,32320.0,14.0,14.0,14.15,17.03,18.22,29120.0,29120.0,29430.0,35420.0,37890.0,,
2021,0017140,"Cincinnati, OH-KY-IN",metro,39-9011,Childcare Workers,3450.0,12.82,26660.0,9.67,10.97,12.18,14.02,14.89,20100.0,22820.0,25330.0,29170.0,30960.0,,
2021,0017300,"Clarksville, TN-KY",metro,39-9011,Childcare Workers,560.0,10.55,21940.0,8.32,8.53,10.6,11.13,13.54,17310.0,17730.0,22040.0,23140.0,28160.0,,
2021,0017420,"Cleveland, TN",metro,39-9011,Childcare Workers,180.0,10.22,21260.0,8.54,8.73,8.95,10.86,13.48,17760.0,18150.0,18610.0,22590.0,28040.0,,
2021,0017460,"Cleveland-Elyria, OH",metro,39-9011,Childcare Workers,2370.0,12.68,26370.0,10.26,10.8,11.21,13.81,17.78,21340.0,22460.0,23310.0,28720.0,36970.0,,
2021,0017660,"Coeur d'Alene, ID",metro,39-9011,Childcare Workers,190.0,11.02,22930.0,8.49,8.71,10.8,11.23,14.39,17670.0,18120.0,22450.0,23360.0,29930.0,,
2021,0017780,"College Station-Bryan, TX",metro,39-9011,Childcare Workers,640.0,10.1,21000.0,8.07,8.25,10.15,10.73,13.15,16780.0,17160.0,21110.0,22310.0,27350.0,,
2021,0017820,"Colorado Springs, CO",metro,39-9011,Childcare Workers,750.0,14.5,30170.0,12.81,13.55,13.86,14.65,16.84,26650.0,28180.0,28820.0,30480.0,35030.0,,
2021,0017860,"Columbia, MO",metro,39-9011,Childcare Workers,530.0,12.19,25360.0,10.31,10.7,10.91,13.14,15.03,21440.0,22260.0,22680.0,27340.0,31260.0,,
2021,0017900,"Columbia, SC",metro,39-9011,Childcare Workers,740.0,11.14,23180.0,8.41,8.66,10.8,11.33,14.29,17500.0,18010.0,22460.0,23570.0,29710.0,,
2021,0017980,"Columbus, GA-AL",metro,39-9011,Childcare Workers,590.0,10.21,21240.0,8.04,8.16,10.25,10.8,13.46,16720.0,16970.0,21320.0,22470.0,27990.0,,
2021,0018020,"Columbus, IN",metro,39-9011,Childcare Workers,110.0,11.83,24610.0,8.49,10.64,10.98,13.92,14.85,17660.0,22140.0,22840.0,28950.0,30890.0,,
2021,0018140,"Columbus, OH",metro,39-9011,Childcare Workers,3500.0,13.06,27150.0,10.11,10.8,11.29,13.99,17.84,21030.0,22460.0,23470.0,29090.0,37110.0,,
2021,0018580,"Corpus Christi, TX",metro,39-9011,Childcare Workers,750.0,10.34,21510.0,8.47,8.61,9.92,11.0,13.48,17620.0,17920.0,20640.0,22870.0,28030.0,,
2021,0018700,"Corvallis, OR",metro,39-9011,Childcare Workers,90.0,14.37,29880.0,12.17,13.28,13.63,14.31,17.93,25310.0,27630.0,28350.0,29760.0,37290.0,,
2021,0018880,"Crestview-Fort Walton Beach-Destin, FL",metro,39-9011,Childcare Workers,270.0,13.32,27710.0,10.61,11.01,13.55,14.05,17.68,22070.0,22900.0,28180.0,29220.0,36770.0,,
2021,0019060,"Cumberland, MD-WV",metro,39-9011,Childcare Workers,90.0,11.79,24520.0,9.44,10.01,11.75,11.75,12.61,19640.0,20820.0,24440.0,24440.0,26220.0,,
2021,0019100,"Dallas-Fort Worth-Arlington, TX",metro,39-9011,Childcare Workers,11290.0,12.19,25360.0,9.13,10.36,11.14,13.96,14.62,18980.0,21540.0,23160.0,29030.0,30410.0,,
2021,0019140,"Dalton, GA",metro,39-9011,Childcare Workers,100.0,10.3,21430.0,8.02,8.24,10.32,11.05,14.05,16680.0,17140.0,21460.0,22980.0,29220.0,,
2021,0019300,"Daphne-Fairhope-Foley, AL",metro,39-9011,Childcare Workers,170.0,9.91,20620.0,8.62,8.73,8.88,10.95,13.28,17930.0,18160.0,18480.0,22780.0,27610.0,,
2021,0019340,"Davenport-Moline-Rock Island, IA-IL",metro,39-9011,Childcare Workers,440.0,12.29,25550.0,8.82,11.0,11.13,13.89,14.64,18350.0,22880.0,23160.0,28880.0,30460.0,,
2021,0019380,"Dayton, OH",metro,39-9011,Childcare Workers,750.0,12.32,25620.0,10.06,10.37,11.19,13.73,14.28,20920.0,21570.0,23270.0,28550.0,29700.0,,
2021,0019460,"Decatur, AL",metro,39-9011,Childcare Workers,120.0,10.15,21100.0,8.72,8.75,8.91,11.05,12.31,18140.0,18210.0,18530.0,22980.0,25610.0,,
2021,0019500,"Decatur, IL",metro,39-9011,Childcare Workers,90.0,12.9,26830.0,11.0,11.15,11.25,13.94,16.19,22880.0,23190.0,23390.0,29000.0,33680.0,,
2021,0019660,"Deltona-Daytona Beach-Ormond Beach, FL",metro,39-9011,Childcare Workers,670.0,14.2,29540.0,10.02,10.72,13.1,14.09,26.66,20850.0,22290.0,27250.0,29300.0,55460.0,,
2021,0019740,"Denver-Aurora-Lakewood, CO",metro,39-9011,Childcare Workers,5060.0,16.44,34190.0,13.83,14.25,14.62,17.9,22.53,28770.0,29630.0,30400.0,37230.0,46860.0,,
2021,0019780,"Des Moines-West Des Moines, IA",metro,39-9011,Childcare Workers,1200.0,11.26,23410.0,8.74,9.04,11.14,11.79,14.8,18180.0,18800.0,23160.0,24510.0,30780.0,,
2021,0019820,"Detroit-Warren-Dearborn, MI",metro,39-9011,Childcare Workers,5580.0,13.31,27690.0,11.09,11.45,11.61,14.33,17.68,23060.0,23820.0,24160.0,29810.0,36770.0,,
2021,0020020,"Dothan, AL",metro,39-9011,Childcare Workers,140.0,9.25,19240.0,8.12,8.23,8.41,10.15,10.62,16890.0,17110.0,17500.0,21110.0,22090.0,,
2021,0020100,"Dover, DE",metro,39-9011,Childcare Workers,80.0,11.75,24450.0,9.75,10.41,10.72,13.63,14.09,20270.0,21650.0,22290.0,28350.0,29300.0,,
2021,0020220,"Dubuque, IA",metro,39-9011,Childcare Workers,180.0,10.67,22190.0,8.48,8.68,10.75,11.19,14.31,17650.0,18060.0,22360.0,23280.0,29760.0,,
2021,0020260,"Duluth, MN-WI",metro,39-9011,Childcare Workers,340.0,12.55,26110.0,10.53,10.82,11.84,13.44,14.78,21900.0,22500.0,24620.0,27950.0,30730.0,,
2021,0020500,"Durham-Chapel Hill, NC",metro,39-9011,Childcare Workers,580.0,13.5,28080.0,9.14,10.23,12.65,14.62,18.46,19010.0,21270.0,26310.0,30400.0,38400.0,,
2021,0020700,"East Stroudsburg, PA",metro,39-9011,Childcare Workers,190.0,11.73,24400.0,8.81,10.5,11.01,13.37,13.63,18310.0,21830.0,22900.0,27810.0,28340.0,,
2021,0020740,"Eau Claire, WI",metro,39-9011,Childcare Workers,210.0,11.52,23970.0,8.43,10.45,11.05,13.46,14.05,17530.0,21730.0,22980.0,27990.0,29230.0,,
2021,0020940,"El Centro, CA",metro,39-9011,Childcare Workers,140.0,16.21,33720.0,14.0,14.0,14.39,16.64,21.43,29120.0,29120.0,29920.0,34610.0,44560.0,,
2021,0021060,"Elizabethtown-Fort Knox, KY",metro,39-9011,Childcare Workers,310.0,11.42,23750.0,8.25,10.76,11.05,12.95,14.05,17150.0,22380.0,22980.0,26940.0,29230.0,,
2021,0021140,"Elkhart-Goshen, IN",metro,39-9011,Childcare Workers,130.0,13.1,27240.0,8.79,10.18,11.25,14.39,22.23,18270.0,21170.0,23390.0,29940.0,46230.0,,
2021,0021300,"Elmira, NY",metro,39-9011,Childcare Workers,120.0,13.64,28360.0,12.5,12.5,12.64,14.4,14.7,26000.0,26000.0,26280.0,29960.0,30580.0,,
2021,0021340,"El Paso, TX",metro,39-9011,Childcare Workers,900.0,9.57,19910.0,7.88,8.3,8.49,10.55,12.93,16390.0,17270.0,17660.0,21950.0,26880.0,,
2021,0021420,"Enid, OK",metro,39-9011,Childcare Workers,100.0,9.94,20670.0,8.49,8.53,8.77,11.22,13.05,17670.0,17730.0,18250.0,23340.0,27130.0,,
2021,0021500,"Erie, PA",metro,39-9011,Childcare Workers,370.0,10.85,22570.0,8.33,8.91,10.62,11.5,13.44,17330.0,18530.0,22090.0,23920.0,27960.0,,
2021,0021660,"Eugene, OR",metro,39-9011,Childcare Workers,270.0,14.49,30140.0,11.56,13.15,13.64,15.79,17.39,24040.0,27350.0,28360.0,32850.0,36160.0,,
2021,0021780,"Evansville, IN-KY",metro,39-9011,Childcare Workers,520.0,10.61,22060.0,8.23,8.49,10.59,11.56,13.65,17120.0,17670.0,22020.0,24040.0,28390.0,,
2021,0021820,"Fairbanks, AK",metro,39-9011,Childcare Workers,70.0,15.35,31930.0,13.84,13.94,14.0,17.45,22.0,28780.0,28990.0,29110.0,36300.0,45760.0,,
2021,0022020,"Fargo, ND-MN",metro,39-9011,Childcare Workers,1380.0,11.98,24910.0,10.75,11.03,11.13,13.42,14.25,22360.0,22940.0,23150.0,27920.0,29630.0,,
2021,0022140,"Farmington, NM",metro,39-9011,Childcare Workers,130.0,12.18,25340.0,10.5,10.5,10.92,11.8,17.24,21840.0,21840.0,22720.0,24540.0,35860.0,,
2021,0022180,"Fayetteville, NC",metro,39-9011,Childcare Workers,350.0,11.43,23770.0,8.38,8.95,10.96,13.64,13.95,17440.0,18610.0,22810.0,28380.0,29010.0,,
2021,0022220,"Fayetteville-Springdale-Rogers, AR-MO",metro,39-9011,Childcare Workers,1100.0,11.77,24480.0,11.13,11.16,11.22,11.57,13.17,23160.0,23220.0,23340.0,24060.0,27390.0,,
2021,0022380,"Flagstaff, AZ",metro,39-9011,Childcare Workers,70.0,14.63,30420.0,13.44,13.57,14.04,14.49,17.74,27960.0,28220.0,29210.0,30140.0,36910.0,,
2021,0022420,"Flint, MI",metro,39-9011,Childcare Workers,470.0,12.12,25210.0,11.04,11.07,11.41,13.28,14.31,22970.0,23030.0,23740.0,27620.0,29750.0,,
2021,0022500,"Florence, SC",metro,39-9011,Childcare Workers,230.0,10.28,21380.0,7.89,8.12,9.94,11.18,13.61,16400.0,16890.0,20680.0,23240.0,28300.0,,
2021,0022520,"Florence-Muscle Shoals, AL",metro,39-9011,Childcare Workers,190.0,9.27,19280.0,8.12,8.34,8.95,9.98,11.38,16890.0,17360.0,18610.0,20750.0,23680.0,,
2021,0022540,"Fond du Lac, WI",metro,39-9011,Childcare Workers,70.0,10.99,22860.0,9.18,9.18,10.51,11.8,13.95,19080.0,19080.0,21870.0,24540.0,29010.0,,
2021,0022660,"Fort Collins, CO",metro,39-9011,Childcare Workers,310.0,14.84,30870.0,13.75,13.89,14.09,14.48,17.2,28600.0,28900.0,29310.0,30130.0,35770.0,,
2021,0022900,"Fort Smith, AR-OK",metro,39-9011,Childcare Workers,390.0,11.1,23090.0,8.49,10.91,11.0,11.2,13.63,17660.0,22690.0,22880.0,23300.0,28350.0,,
2021,0023060,"Fort Wayne, IN",metro,39-9011,Childcare Workers,620.0,11.28,23450.0,8.25,8.71,10.84,13.28,14.05,17160.0,18110.0,22550.0,27620.0,29230.0,,
2021,0023420,"Fresno, CA",metro,39-9011,Childcare Workers,730.0,16.27,33830.0,14.0,14.0,14.51,17.13,20.67,29120.0,29120.0,30190.0,35630.0,42990.0,,
2021,0023540,"Gainesville, FL",metro,39-9011,Childcare Workers,440.0,12.89,26810.0,10.37,10.72,13.0,13.64,17.24,21570.0,22290.0,27040.0,28380.0,35860.0,,
2021,0023580,"Gainesville, GA",metro,39-9011,Childcare Workers,450.0,11.12,23140.0,8.52,8.68,10.83,11.71,13.99,17720.0,18050.0,22530.0,24360.0,29090.0,,
2021,0023900,"Gettysburg, PA",metro,39-9011,Childcare Workers,90.0,11.84,24620.0,8.84,10.68,11.2,13.67,14.31,18380.0,22210.0,23290.0,28430.0,29760.0,,
2021,0024020,"Glens Falls, NY",metro,39-9011,Childcare Workers,190.0,13.81,28720.0,12.5,12.78,13.68,14.23,14.64,26000.0,26580.0,28460.0,29590.0,30460.0,,
2021,0024140,"Goldsboro, NC",metro,39-9011,Childcare Workers,70.0,10.81,22490.0,8.26,8.52,10.62,12.12,14.11,17170.0,17720.0,22090.0,25200.0,29350.0,,
2021,0024220,"Grand Forks, ND-MN",metro,39-9011,Childcare Workers,340.0,12.69,26400.0,10.69,11.02,11.41,13.99,16.13,22240.0,22930.0,23720.0,29100.0,33540.0,,
2021,0024260,"Grand Island, NE",metro,39-9011,Childcare Workers,160.0,11.6,24130.0,9.66,10.75,10.78,11.5,14.01,20090.0,22360.0,22430.0,23920.0,29130.0,,
2021,0024300,"Grand Junction, CO",metro,39-9011,Childcare Workers,160.0,13.66,28420.0,12.32,13.12,13.36,14.05,16.14,25630.0,27280.0,27790.0,29220.0,33560.0,,
2021,0024340,"Grand Rapids-Wyoming, MI",metro,39-9011,Childcare Workers,1960.0,12.6,26200.0,10.92,10.96,11.5,13.9,14.65,22720.0,22790.0,23920.0,28910.0,30480.0,,
2021,0024420,"Grants Pass, OR",metro,39-9011,Childcare Workers,70.0,14.17,29480.0,11.69,13.05,13.59,14.14,16.88,24320.0,27150.0,28260.0,29420.0,35120.0,,
2021,0024500,"Great Falls, MT",metro,39-9011,Childcare Workers,180.0,11.83,24610.0,9.11,10.64,11.5,13.28,14.31,18960.0,22130.0,23920.0,27630.0,29760.0,,
2021,0024540,"Greeley, CO",metro,39-9011,Childcare Workers,350.0,14.47,30100.0,12.32,13.48,13.85,14.62,17.01,25630.0,28050.0,28800.0,30400.0,35380.0,,
2021,0024580,"Green Bay, WI",metro,39-9011,Childcare Workers,350.0,12.31,25600.0,8.61,10.73,11.95,14.05,14.52,17920.0,22310.0,24860.0,29230.0,30200.0,,
2021,0024660,"Greensboro-High Point, NC",metro,39-9011,Childcare Workers,990.0,11.96,24870.0,8.7,10.5,11.25,14.26,14.47,18090.0,21840.0,23390.0,29650.0,30100.0,,
2021,0024780,"Greenville, NC",metro,39-9011,Childcare Workers,160.0,11.62,24170.0,8.39,8.77,10.96,14.27,14.59,17440.0,18250.0,22810.0,29690.0,30350.0,,
2021,0024860,"Greenville-Anderson-Mauldin, SC",metro,39-9011,Childcare Workers,1390.0,11.19,23280.0,8.26,8.75,10.73,11.35,14.5,17170.0,18190.0,22310.0,23620.0,30160.0,,
2021,0025060,"Gulfport-Biloxi-Pascagoula, MS",metro,39-9011,Childcare Workers,570.0,9.63,20040.0,8.23,8.35,8.63,10.73,11.56,17120.0,17360.0,17950.0,22310.0,24040.0,,
2021,0025180,"Hagerstown-Martinsburg, MD-WV",metro,39-9011,Childcare Workers,210.0,13.74,28570.0,10.15,11.75,12.5,14.89,17.58,21120.0,24440.0,26000.0,30960.0,36570.0,,
2021,0025220,"Hammond, LA",metro,39-9011,Childcare Workers,320.0,9.66,20090.0,8.27,8.33,8.79,10.45,12.58,17200.0,17330.0,18290.0,21740.0,26170.0,,
2021,0025260,"Hanford-Corcoran, CA",metro,39-9011,Childcare Workers,70.0,16.04,33360.0,14.0,14.0,14.48,18.02,18.55,29120.0,29120.0,30130.0,37490.0,38590.0,,
2021,0025420,"Harrisburg-Carlisle, PA",metro,39-9011,Childcare Workers,830.0,11.84,24630.0,8.89,10.86,11.18,13.67,14.19,18480.0,22580.0,23250.0,28430.0,29520.0,,
2021,0025500,"Harrisonburg, VA",metro,39-9011,Childcare Workers,100.0,12.47,25930.0,9.5,10.71,10.92,13.81,17.78,19760.0,22270.0,22710.0,28720.0,36970.0,,
2021,0025620,"Hattiesburg, MS",metro,39-9011,Childcare Workers,250.0,9.35,19440.0,7.94,8.06,8.33,10.6,12.09,16520.0,16770.0,17330.0,22050.0,25150.0,,
2021,0025860,"Hickory-Lenoir-Morganton, NC",metro,39-9011,Childcare Workers,230.0,11.45,23820.0,8.28,9.21,11.33,13.45,14.31,17220.0,19150.0,23570.0,27970.0,29770.0,,
2021,0025940,"Hilton Head Island-Bluffton-Beaufort, SC",metro,39-9011,Childcare Workers,160.0,11.47,23850.0,8.48,8.91,11.28,13.8,14.09,17630.0,18530.0,23470.0,28700.0,29300.0,,
2021,0026300,"Hot Springs, AR",metro,39-9011,Childcare Workers,100.0,11.48,23870.0,11.0,11.0,11.0,11.02,13.23,22880.0,22880.0,22880.0,22920.0,27510.0,,
2021,0026380,"Houma-Thibodaux, LA",metro,39-9011,Childcare Workers,240.0,10.02,20840.0,8.53,8.57,8.76,10.87,13.46,17730.0,17830.0,18220.0,22600.0,27990.0,,
2021,0026420,"Houston-The Woodlands-Sugar Land, TX",metro,39-9011,Childcare Workers,10110.0,11.61,24150.0,8.56,9.84,10.94,13.31,14.47,17810.0,20470.0,22750.0,27690.0,30100.0,,
2021,0026580,"Huntington-Ashland, WV-KY-OH",metro,39-9011,Childcare Workers,410.0,11.0,22880.0,8.77,9.36,10.65,11.36,13.58,18250.0,19470.0,22140.0,23630.0,28250.0,,
2021,0026620,"Huntsville, AL",metro,39-9011,Childcare Workers,510.0,11.68,24290.0,8.8,8.97,10.53,11.76,17.68,18300.0,18660.0,21890.0,24450.0,36770.0,,
2021,0026820,"Idaho Falls, ID",metro,39-9011,Childcare Workers,240.0,11.53,23990.0,8.41,8.79,10.9,13.68,14.01,17500.0,18280.0,22660.0,28460.0,29130.0,,
2021,0026900,"Indianapolis-Carmel-Anderson, IN",metro,39-9011,Childcare Workers,2410.0,11.37,23640.0,8.54,8.83,11.1,11.6,14.47,17760.0,18370.0,23080.0,24130.0,30100.0,,
2021,0026980,"Iowa City, IA",metro,39-9011,Childcare Workers,460.0,11.16,23210.0,8.74,9.04,11.2,11.54,14.49,18190.0,18790.0,23290.0,23990.0,30150.0,,
2021,0027060,"Ithaca, NY",metro,39-9011,Childcare Workers,360.0,15.03,31270.0,13.42,14.05,14.26,16.11,17.76,27920.0,29220.0,29650.0,33520.0,36940.0,,
2021,0027100,"Jackson, MI",metro,39-9011,Childcare Workers,190.0,12.01,24970.0,10.74,10.88,11.07,13.63,13.79,22330.0,22630.0,23030.0,28350.0,28680.0,,
2021,0027140,"Jackson, MS",metro,39-9011,Childcare Workers,1070.0,9.3,19340.0,8.15,8.42,8.49,8.75,11.11,16940.0,17510.0,17670.0,18190.0,23100.0,,
2021,0027180,"Jackson, TN",metro,39-9011,Childcare Workers,150.0,10.17,21160.0,8.24,8.49,8.95,10.9,13.4,17130.0,17670.0,18610.0,22670.0,27870.0,,
2021,0027260,"Jacksonville, FL",metro,39-9011,Childcare Workers,1730.0,13.1,27240.0,9.23,11.02,13.44,14.0,17.24,19210.0,22930.0,27950.0,29120.0,35860.0,,
2021,0027340,"Jacksonville, NC",metro,39-9011,Childcare Workers,130.0,11.37,23650.0,8.29,9.53,10.82,13.27,16.33,17240.0,19810.0,22510.0,27590.0,33960.0,,
2021,0027500,"Janesville-Beloit, WI",metro,39-9011,Childcare Workers,140.0,11.18,23260.0,8.63,8.81,11.06,13.37,14.09,17950.0,18320.0,23010.0,27810.0,29310.0,,
2021,0027620,"Jefferson City, MO",metro,39-9011,Childcare Workers,390.0,11.52,23970.0,10.3,10.64,10.75,11.38,13.83,21420.0,22120.0,22370.0,23680.0,28760.0,,
2021,0027740,"Johnson City, TN",metro,39-9011,Childcare Workers,180.0,10.37,21570.0,8.21,8.75,10.17,11.38,13.18,17070.0,18190.0,21160.0,23680.0,27420.0,,
2021,0027780,"Johnstown, PA",metro,39-9011,Childcare Workers,290.0,10.41,21650.0,8.02,8.49,10.3,10.69,13.61,16670.0,17670.0,21430.0,22220.0,28300.0,,
2021,0027860,"Jonesboro, AR",metro,39-9011,Childcare Workers,290.0,11.59,24100.0,11.0,11.0,11.0,11.0,13.35,22880.0,22880.0,22880.0,22880.0,27770.0,,
2021,0027900,"Joplin, MO",metro,39-9011,Childcare Workers,240.0,11.48,23870.0,10.3,10.54,10.69,12.27,13.83,21420.0,21930.0,22240.0,25520.0,28770.0,,
2021,0027980,"Kahului-Wailuku-Lahaina, HI",metro,39-9011,Childcare Workers,210.0,13.9,28910.0,11.36,11.43,14.05,14.45,18.44,23620.0,23780.0,29230.0,30050.0,38360.0,,
2021,0028020,"Kalamazoo-Portage, MI",metro,39-9011,Childcare Workers,500.0,12.61,26230.0,10.77,10.88,11.2,14.16,14.31,22410.0,22620.0,23290.0,29450.0,29760.0,,
2021,0028100,"Kankakee, IL",metro,39-9011,Childcare Workers,210.0,12.28,25550.0,11.13,11.13,11.2,12.93,16.16,23160.0,23160.0,23300.0,26900.0,33610.0,,
2021,0028140,"Kansas City, MO-KS",metro,39-9011,Childcare Workers,4990.0,12.19,25350.0,8.75,10.84,11.44,13.36,15.54,18200.0,22550.0,23800.0,27790.0,32310.0,,
2021,0028420,"Kennewick-Richland, WA",metro,39-9011,Childcare Workers,210.0,14.97,31140.0,14.04,14.18,14.43,14.65,17.32,29210.0,29490.0,30010.0,30470.0,36020.0,,
2021,0028660,"Killeen-Temple, TX",metro,39-9011,Childcare Workers,640.0,10.44,21710.0,8.33,8.64,10.19,10.96,13.35,17330.0,17970.0,21190.0,22790.0,27760.0,,
2021,0028700,"Kingsport-Bristol-Bristol, TN-VA",metro,39-9011,Childcare Workers,160.0,10.86,22590.0,8.45,9.07,10.16,12.47,13.9,17570.0,18860.0,21130.0,25930.0,28900.0,,
2021,0028740,"Kingston, NY",metro,39-9011,Childcare Workers,370.0,14.13,29380.0,12.5,12.5,13.73,14.39,16.68,26000.0,26000.0,28560.0,29940.0,34680.0,,
2021,0028940,"Knoxville, TN",metro,39-9011,Childcare Workers,1180.0,11.09,23060.0,8.54,8.83,10.79,12.84,13.97,17750.0,18360.0,22450.0,26700.0,29060.0,,
2021,0029020,"Kokomo, IN",metro,39-9011,Childcare Workers,120.0,11.15,23190.0,8.61,8.83,10.84,13.68,14.12,17920.0,18360.0,22550.0,28460.0,29370.0,,
2021,0029100,"La Crosse-Onalaska, WI-MN",metro,39-9011,Childcare Workers,260.0,11.78,24510.0,8.49,10.34,11.22,14.05,14.31,17670.0,21520.0,23330.0,29220.0,29760.0,,
2021,0029180,"Lafayette, LA",metro,39-9011,Childcare Workers,970.0,9.89,20560.0,8.32,8.42,8.87,10.56,13.27,17310.0,17500.0,18440.0,21960.0,27610.0,,
2021,0029200,"Lafayette-West Lafayette, IN",metro,39-9011,Childcare Workers,270.0,12.25,25470.0,8.74,10.71,11.21,14.17,17.62,18170.0,22290.0,23320.0,29470.0,36640.0,,
2021,0029340,"Lake Charles, LA",metro,39-9011,Childcare Workers,180.0,9.83,20450.0,8.55,8.59,8.95,10.66,11.05,17780.0,17870.0,18610.0,22170.0,22980.0,,
2021,0029420,"Lake Havasu City-Kingman, AZ",metro,39-9011,Childcare Workers,120.0,13.68,28460.0,12.2,12.2,13.16,14.31,17.4,25370.0,25370.0,27370.0,29760.0,36190.0,,
2021,0029460,"Lakeland-Winter Haven, FL",metro,39-9011,Childcare Workers,450.0,12.14,25260.0,9.46,10.42,11.05,13.43,14.02,19670.0,21670.0,22980.0,27940.0,29160.0,,
2021,0029540,"Lancaster, PA",metro,39-9011,Childcare Workers,550.0,12.2,25370.0,8.8,10.92,11.1,13.68,14.31,18300.0,22720.0,23090.0,28450.0,29760.0,,
2021,0029620,"Lansing-East Lansing, MI",metro,39-9011,Childcare Workers,700.0,12.66,26340.0,11.09,11.29,11.51,13.79,15.1,23070.0,23480.0,23940.0,28680.0,31400.0,,
2021,0029700,"Laredo, TX",metro,39-9011,Childcare Workers,310.0,9.03,18770.0,8.1,8.25,8.59,9.18,10.64,16850.0,17160.0,17870.0,19100.0,22120.0,,
2021,0029740,"Las Cruces, NM",metro,39-9011,Childcare Workers,240.0,11.47,23860.0,10.5,10.5,10.67,11.05,12.98,21840.0,21840.0,22190.0,22980.0,27000.0,,
2021,0029820,"Las Vegas-Henderson-Paradise, NV",metro,39-9011,Childcare Workers,1530.0,13.1,27240.0,9.18,11.23,11.49,14.34,17.6,19080.0,23360.0,23900.0,29830.0,36610.0,,
2021,0029940,"Lawrence, KS",metro,39-9011,Childcare Workers,290.0,10.64,22130.0,8.1,8.61,10.59,11.71,13.59,16850.0,17910.0,22030.0,24360.0,28260.0,,
2021,0030020,"Lawton, OK",metro,39-9011,Childcare Workers,140.0,9.89,20570.0,8.26,8.39,10.28,10.71,10.95,17190.0,17460.0,21380.0,22280.0,22770.0,,
2021,0030140,"Lebanon, PA",metro,39-9011,Childcare Workers,130.0,11.66,24250.0,8.53,10.52,11.06,13.63,13.81,17740.0,21870.0,23010.0,28350.0,28720.0,,
2021,0030300,"Lewiston, ID-WA",metro,39-9011,Childcare Workers,80.0,12.41,25810.0,8.89,10.46,13.32,13.71,14.41,18490.0,21760.0,27710.0,28520.0,29970.0,,
2021,0030460,"Lexington-Fayette, KY",metro,39-9011,Childcare Workers,1500.0,11.95,24860.0,8.56,10.72,11.41,13.48,14.64,17810.0,22290.0,23720.0,28040.0,30460.0,,
2021,0030620,"Lima, OH",metro,39-9011,Childcare Workers,90.0,12.85,26720.0,9.16,10.31,10.87,13.52,21.34,19050.0,21450.0,22620.0,28120.0,44380.0,,
2021,0030700,"Lincoln, NE",metro,39-9011,Childcare Workers,1600.0,12.38,25750.0,10.53,10.72,11.05,13.71,17.3,21910.0,22290.0,22980.0,28510.0,35980.0,,
2021,0030780,"Little Rock-North Little Rock-Conway, AR",metro,39-9011,Childcare Workers,1470.0,11.83,24610.0,11.0,11.12,11.25,11.81,14.05,22880.0,23130.0,23390.0,24560.0,29220.0,,
2021,0030860,"Logan, UT-ID",metro,39-9011,Childcare Workers,240.0,11.23,23350.0,7.81,10.33,10.72,12.93,14.09,16240.0,21490.0,22290.0,26900.0,29300.0,,
2021,0030980,"Longview, TX",metro,39-9011,Childcare Workers,320.0,10.24,21290.0,8.41,8.47,9.73,11.27,12.82,17500.0,17620.0,20240.0,23440.0,26660.0,,
2021,0031020,"Longview, WA",metro,39-9011,Childcare Workers,,16.43,34170.0,14.06,14.22,17.23,17.23,18.19,29240.0,29570.0,35840.0,35840.0,37840.0,,
2021,0031080,"Los Angeles-Long Beach-Anaheim, CA",metro,39-9011,Childcare Workers,7810.0,16.39,34080.0,14.31,14.39,14.66,17.88,18.75,29760.0,29930.0,30500.0,37180.0,38990.0,,
2021,0031140,"Louisville/Jefferson County, KY-IN",metro,39-9011,Childcare Workers,3020.0,12.35,25680.0,8.76,10.85,11.3,13.41,15.31,18210.0,22580.0,23510.0,27900.0,31850.0,,
2021,0031180,"Lubbock, TX",metro,39-9011,Childcare Workers,650.0,10.75,22360.0,8.2,8.47,10.41,12.32,14.07,17050.0,17610.0,21650.0,25620.0,29270.0,,
2021,0031340,"Lynchburg, VA",metro,39-9011,Childcare Workers,210.0,10.62,22090.0,9.5,9.5,9.5,10.61,13.33,19760.0,19760.0,19760.0,22080.0,27720.0,,
2021,0031420,"Macon, GA",metro,39-9011,Childcare Workers,400.0,10.56,21970.0,8.16,8.33,10.31,10.99,13.67,16970.0,17320.0,21440.0,22870.0,28440.0,,
2021,0031460,"Madera, CA",metro,39-9011,Childcare Workers,130.0,15.87,33010.0,14.0,14.0,15.47,16.65,17.66,29120.0,29120.0,32170.0,34640.0,36740.0,,
2021,0031540,"Madison, WI",metro,39-9011,Childcare Workers,830.0,12.18,25340.0,8.61,11.06,11.48,14.16,14.73,17920.0,23000.0,23880.0,29460.0,30640.0,,
2021,0031740,"Manhattan, KS",metro,39-9011,Childcare Workers,320.0,10.22,21260.0,8.39,8.39,10.02,11.51,13.63,17440.0,17440.0,20850.0,23940.0,28350.0,,
2021,0031860,"Mankato-North Mankato, MN",metro,39-9011,Childcare Workers,310.0,12.18,25340.0,10.82,11.13,11.13,13.57,13.83,22500.0,23160.0,23160.0,28230.0,28760.0,,
2021,0031900,"Mansfield, OH",metro,39-9011,Childcare Workers,70.0,12.21,25410.0,8.96,9.35,10.83,12.98,17.39,18630.0,19450.0,22520.0,27000.0,36160.0,,
2021,0032580,"McAllen-Edinburg-Mission, TX",metro,39-9011,Childcare Workers,1430.0,10.47,21780.0,7.91,8.14,10.12,12.46,13.22,16460.0,16920.0,21050.0,25930.0,27490.0,,
2021,0032780,"Medford, OR",metro,39-9011,Childcare Workers,200.0,14.38,29900.0,11.67,13.41,14.01,14.09,16.61,24270.0,27890.0,29130.0,29300.0,34550.0,,
2021,0032820,"Memphis, TN-MS-AR",metro,39-9011,Childcare Workers,2000.0,11.17,23230.0,8.53,8.93,10.98,12.39,14.15,17740.0,18580.0,22840.0,25780.0,29420.0,,
2021,0032900,"Merced, CA",metro,39-9011,Childcare Workers,270.0,17.0,35360.0,14.0,14.24,17.14,17.14,21.15,29120.0,29620.0,35640.0,35640.0,43990.0,,
2021,0033100,"Miami-Fort Lauderdale-West Palm Beach, FL",metro,39-9011,Childcare Workers,10980.0,13.33,27720.0,10.11,10.92,13.63,14.1,17.76,21020.0,22720.0,28350.0,29320.0,36940.0,,
2021,0033140,"Michigan City-La Porte, IN",metro,39-9011,Childcare Workers,80.0,11.29,23480.0,7.96,8.69,10.72,13.63,17.23,16570.0,18080.0,22290.0,28350.0,35840.0,,
2021,0033220,"Midland, MI",metro,39-9011,Childcare Workers,180.0,11.86,24670.0,10.77,10.9,11.04,11.93,13.92,22400.0,22670.0,22960.0,24820.0,28960.0,,
2021,0033260,"Midland, TX",metro,39-9011,Childcare Workers,260.0,12.23,25450.0,9.12,10.23,11.22,14.17,14.62,18970.0,21270.0,23340.0,29470.0,30400.0,,
2021,0033340,"Milwaukee-Waukesha-West Allis, WI",metro,39-9011,Childcare Workers,1880.0,12.69,26400.0,9.18,11.16,11.98,14.17,14.64,19080.0,23210.0,24930.0,29470.0,30460.0,,
2021,0033460,"Minneapolis-St. Paul-Bloomington, MN-WI",metro,39-9011,Childcare Workers,7560.0,14.71,30590.0,11.49,12.8,14.25,15.49,18.09,23910.0,26610.0,29640.0,32210.0,37630.0,,
2021,0033540,"Missoula, MT",metro,39-9011,Childcare Workers,300.0,11.91,24770.0,9.35,10.73,11.06,13.63,14.31,19450.0,22320.0,23000.0,28350.0,29760.0,,
2021,0033660,"Mobile, AL",metro,39-9011,Childcare Workers,460.0,9.8,20380.0,8.49,8.76,8.83,10.85,12.4,17670.0,18220.0,18360.0,22560.0,25790.0,,
2021,0033700,"Modesto, CA",metro,39-9011,Childcare Workers,390.0,16.76,34860.0,14.0,14.33,14.65,18.24,21.91,29120.0,29810.0,30480.0,37950.0,45570.0,,
2021,0033740,"Monroe, LA",metro,39-9011,Childcare Workers,330.0,9.32,19380.0,8.08,8.19,8.61,10.1,11.38,16810.0,17030.0,17910.0,21010.0,23680.0,,
2021,0033780,"Monroe, MI",metro,39-9011,Childcare Workers,110.0,11.91,24780.0,10.74,11.16,11.5,11.8,13.99,22330.0,23210.0,23920.0,24540.0,29100.0,,
2021,0033860,"Montgomery, AL",metro,39-9011,Childcare Workers,460.0,9.57,19910.0,8.23,8.5,8.66,10.72,11.71,17120.0,17680.0,18000.0,22290.0,24360.0,,
2021,0034060,"Morgantown, WV",metro,39-9011,Childcare Workers,90.0,9.68,20120.0,8.75,8.86,9.18,10.62,10.74,18200.0,18440.0,19090.0,22080.0,22340.0,,
2021,0034100,"Morristown, TN",metro,39-9011,Childcare Workers,90.0,10.05,20890.0,8.47,8.77,8.95,10.57,13.17,17620.0,18250.0,18620.0,21980.0,27390.0,,
2021,0034580,"Mount Vernon-Anacortes, WA",metro,39-9011,Childcare Workers,50.0,15.53,32310.0,14.33,14.45,14.57,15.25,18.75,29810.0,30060.0,30300.0,31720.0,39010.0,,
2021,0034620,"Muncie, IN",metro,39-9011,Childcare Workers,400.0,12.62,26240.0,8.46,10.31,13.63,14.05,17.76,17610.0,21450.0,28350.0,29220.0,36940.0,,
2021,0034740,"Muskegon, MI",metro,39-9011,Childcare Workers,120.0,11.96,24890.0,10.64,10.72,11.17,12.91,14.07,22140.0,22300.0,23220.0,26850.0,29260.0,,
2021,0034820,"Myrtle Beach-Conway-North Myrtle Beach, SC-NC",metro,39-9011,Childcare Workers,380.0,11.21,23310.0,8.21,8.56,10.81,13.73,14.2,17070.0,17790.0,22490.0,28550.0,29540.0,,
2021,0034900,"Napa, CA",metro,39-9011,Childcare Workers,80.0,17.72,36850.0,14.85,15.9,16.71,18.48,21.31,30890.0,33070.0,34750.0,38450.0,44310.0,,
2021,0034940,"Naples-Immokalee-Marco Island, FL",metro,39-9011,Childcare Workers,780.0,13.49,28050.0,10.72,11.61,11.95,14.28,17.76,22290.0,24160.0,24860.0,29690.0,36940.0,,
2021,0034980,"Nashville-Davidson--Murfreesboro--Franklin, TN",metro,39-9011,Childcare Workers,4010.0,12.05,25070.0,9.01,10.72,11.37,14.05,14.21,18750.0,22290.0,23640.0,29220.0,29570.0,,
2021,0035100,"New Bern, NC",metro,39-9011,Childcare Workers,110.0,10.46,21750.0,8.0,8.64,10.55,11.38,13.48,16640.0,17960.0,21940.0,23680.0,28040.0,,
2021,0035380,"New Orleans-Metairie, LA",metro,39-9011,Childcare Workers,1780.0,10.52,21870.0,8.71,8.9,10.23,11.01,13.95,18110.0,18510.0,21280.0,22900.0,29010.0,,
2021,0035620,"New York-Newark-Jersey City, NY-NJ-PA",metro,39-9011,Childcare Workers,37220.0,16.33,33970.0,13.45,14.14,14.62,18.01,18.73,27980.0,29400.0,30400.0,37450.0,38950.0,,
2021,0035660,"Niles-Benton Harbor, MI",metro,39-9011,Childcare Workers,160.0,12.09,25150.0,10.74,10.76,11.32,13.5,14.13,22330.0,22380.0,23550.0,28080.0,29380.0,,
2021,0035840,"North Port-Sarasota-Bradenton, FL",metro,39-9011,Childcare Workers,1280.0,17.38,36150.0,10.73,11.33,14.25,22.84,29.09,22310.0,23570.0,29640.0,47510.0,60510.0,,
2021,0036100,"Ocala, FL",metro,39-9011,Childcare Workers,380.0,12.63,26280.0,9.01,10.33,12.73,13.27,16.65,18750.0,21480.0,26470.0,27610.0,34620.0,,
2021,0036140,"Ocean City, NJ",metro,39-9011,Childcare Workers,100.0,14.66,30500.0,12.0,12.0,14.74,14.89,17.37,24960.0,24960.0,30660.0,30960.0,36120.0,,
2021,0036220,"Odessa, TX",metro,39-9011,Childcare Workers,290.0,11.61,24160.0,8.83,9.97,11.02,14.16,14.33,18360.0,20730.0,22910.0,29460.0,29810.0,,
2021,0036260,"Ogden-Clearfield, UT",metro,39-9011,Childcare Workers,920.0,11.49,23900.0,8.44,8.86,11.28,13.63,14.26,17550.0,18440.0,23460.0,28340.0,29650.0,,
2021,0036420,"Oklahoma City, OK",metro,39-9011,Childcare Workers,1940.0,10.85,22560.0,8.68,8.84,10.72,11.33,14.25,18050.0,18390.0,22290.0,23570.0,29640.0,,
2021,0036500,"Olympia-Tumwater, WA",metro,39-9011,Childcare Workers,220.0,15.75,32750.0,14.07,14.49,14.71,17.03,17.88,29260.0,30150.0,30590.0,35420.0,37180.0,,
2021,0036540,"Omaha-Council Bluffs, NE-IA",metro,39-9011,Childcare Workers,3940.0,12.61,26220.0,10.73,11.02,11.2,13.96,14.66,22320.0,22930.0,23290.0,29040.0,30500.0,,
2021,0036740,"Orlando-Kissimmee-Sanford, FL",metro,39-9011,Childcare Workers,2960.0,13.12,27280.0,9.06,10.63,11.49,14.07,17.8,18840.0,22120.0,23910.0,29270.0,37020.0,,
2021,0036780,"Oshkosh-Neenah, WI",metro,39-9011,Childcare Workers,160.0,11.74,24420.0,8.62,8.91,11.14,14.08,14.32,17940.0,18530.0,23180.0,29280.0,29780.0,,
2021,0036980,"Owensboro, KY",metro,39-9011,Childcare Workers,360.0,11.77,24470.0,8.33,10.82,11.05,13.24,14.75,17320.0,22500.0,22980.0,27530.0,30680.0,,
2021,0037100,"Oxnard-Thousand Oaks-Ventura, CA",metro,39-9011,Childcare Workers,730.0,16.24,33780.0,14.06,14.24,14.63,17.78,18.81,29240.0,29620.0,30420.0,36970.0,39130.0,,
2021,0037340,"Palm Bay-Melbourne-Titusville, FL",metro,39-9011,Childcare Workers,620.0,13.38,27830.0,10.63,11.06,13.64,13.97,17.24,22100.0,23010.0,28380.0,29060.0,35860.0,,
2021,0037460,"Panama City, FL",metro,39-9011,Childcare Workers,240.0,12.22,25430.0,9.23,10.44,11.19,13.55,14.33,19210.0,21720.0,23280.0,28190.0,29810.0,,
2021,0037620,"Parkersburg-Vienna, WV",metro,39-9011,Childcare Workers,90.0,10.2,21210.0,8.75,8.81,9.1,10.54,14.9,18200.0,18330.0,18930.0,21930.0,30990.0,,
2021,0037860,"Pensacola-Ferry Pass-Brent, FL",metro,39-9011,Childcare Workers,510.0,12.12,25200.0,9.24,10.49,11.22,13.39,16.05,19210.0,21810.0,23340.0,27860.0,33390.0,,
2021,0037900,"Peoria, IL",metro,39-9011,Childcare Workers,560.0,12.74,26490.0,11.0,11.08,11.22,13.63,16.94,22880.0,23050.0,23340.0,28350.0,35230.0,,
2021,0037980,"Philadelphia-Camden-Wilmington, PA-NJ-DE-MD",metro,39-9011,Childcare Workers,7310.0,13.33,27730.0,10.55,11.26,13.16,14.21,17.39,21950.0,23410.0,27380.0,29560.0,36160.0,,
2021,0038060,"Phoenix-Mesa-Scottsdale, AZ",metro,39-9011,Childcare Workers,3960.0,14.74,30650.0,12.22,13.51,14.16,17.34,17.68,25410.0,28100.0,29460.0,36060.0,36770.0,,
2021,0038300,"Pittsburgh, PA",metro,39-9011,Childcare Workers,3130.0,11.97,24910.0,8.87,11.02,11.36,13.36,14.45,18450.0,22910.0,23620.0,27790.0,30060.0,,
2021,0038540,"Pocatello, ID",metro,39-9011,Childcare Workers,130.0,10.11,21030.0,7.93,8.26,9.3,10.71,13.63,16500.0,17180.0,19340.0,22270.0,28350.0,,
2021,0038660,"Ponce, PR",metro,39-9011,Childcare Workers,30.0,9.38,19520.0,8.29,8.38,8.79,8.89,11.48,17250.0,17440.0,18280.0,18500.0,23880.0,,
2021,0038900,"Portland-Vancouver-Hillsboro, OR-WA",metro,39-9011,Childcare Workers,2210.0,16.83,35010.0,13.57,14.24,15.73,18.01,22.63,28220.0,29620.0,32720.0,37450.0,47060.0,,
2021,0038940,"Port St. Lucie, FL",metro,39-9011,Childcare Workers,420.0,12.84,26700.0,10.53,10.8,13.42,13.98,15.19,21900.0,22450.0,27910.0,29080.0,31590.0,,
2021,0039140,"Prescott, AZ",metro,39-9011,Childcare Workers,90.0,13.83,28760.0,12.25,12.94,13.19,14.37,17.24,25480.0,26910.0,27440.0,29890.0,35860.0,,
2021,0039340,"Provo-Orem, UT",metro,39-9011,Childcare Workers,670.0,11.98,24920.0,8.51,10.72,11.4,14.01,16.83,17710.0,22290.0,23710.0,29130.0,35000.0,,
2021,0039380,"Pueblo, CO",metro,39-9011,Childcare Workers,160.0,17.11,35600.0,12.96,14.01,18.06,18.06,22.74,26950.0,29130.0,37570.0,37570.0,47300.0,,
2021,0039460,"Punta Gorda, FL",metro,39-9011,Childcare Workers,110.0,13.33,27730.0,10.38,11.98,13.8,14.09,16.4,21590.0,24920.0,28700.0,29300.0,34110.0,,
2021,0039540,"Racine, WI",metro,39-9011,Childcare Workers,170.0,12.0,24960.0,8.25,10.66,11.12,14.1,14.61,17160.0,22180.0,23130.0,29320.0,30380.0,,
2021,0039580,"Raleigh, NC",metro,39-9011,Childcare Workers,1220.0,12.42,25830.0,8.77,9.51,11.93,13.91,18.01,18240.0,19780.0,24820.0,28930.0,37450.0,,
2021,0039660,"Rapid City, SD",metro,39-9011,Childcare Workers,420.0,11.42,23750.0,10.69,10.7,10.78,11.24,13.76,22240.0,22250.0,22410.0,23370.0,28630.0,,
2021,0039740,"Reading, PA",metro,39-9011,Childcare Workers,360.0,12.34,25670.0,8.75,10.79,11.11,14.02,18.06,18190.0,22450.0,23100.0,29160.0,37570.0,,
2021,0039820,"Redding, CA",metro,39-9011,Childcare Workers,130.0,15.13,31470.0,14.0,14.0,14.09,16.51,17.27,29120.0,29120.0,29320.0,34330.0,35920.0,,
2021,0039900,"Reno, NV",metro,39-9011,Childcare Workers,520.0,14.14,29400.0,8.91,11.2,13.89,17.39,18.17,18530.0,23290.0,28900.0,36160.0,37800.0,,
2021,0040060,"Richmond, VA",metro,39-9011,Childcare Workers,1640.0,11.81,24560.0,9.5,9.84,11.18,12.29,14.64,19760.0,20460.0,23240.0,25570.0,30460.0,,
2021,0040140,"Riverside-San Bernardino-Ontario, CA",metro,39-9011,Childcare Workers,3140.0,17.23,35840.0,14.0,14.46,17.25,18.44,21.73,29120.0,30080.0,35890.0,38350.0,45190.0,,
2021,0040220,"Roanoke, VA",metro,39-9011,Childcare Workers,380.0,11.15,23200.0,9.5,9.5,10.56,11.04,13.72,19760.0,19760.0,21970.0,22970.0,28530.0,,
2021,0040340,"Rochester, MN",metro,39-9011,Childcare Workers,340.0,13.55,28170.0,11.22,11.44,13.71,14.16,17.39,23330.0,23800.0,28510.0,29460.0,36160.0,,
2021,0040380,"Rochester, NY",metro,39-9011,Childcare Workers,2100.0,14.49,30140.0,12.5,12.9,13.77,14.85,18.48,26000.0,26820.0,28630.0,30890.0,38450.0,,
2021,0040420,"Rockford, IL",metro,39-9011,Childcare Workers,300.0,12.24,25460.0,11.13,11.13,11.46,11.8,14.46,23160.0,23160.0,23830.0,24540.0,30070.0,,
2021,0040580,"Rocky Mount, NC",metro,39-9011,Childcare Workers,120.0,10.97,22810.0,8.12,8.49,10.54,12.7,14.09,16890.0,17660.0,21920.0,26420.0,29300.0,,
2021,0040660,"Rome, GA",metro,39-9011,Childcare Workers,150.0,10.13,21070.0,8.46,8.46,9.26,10.83,13.55,17590.0,17590.0,19260.0,22530.0,28190.0,,
2021,0040900,"Sacramento--Roseville--Arden-Arcade, CA",metro,39-9011,Childcare Workers,1910.0,16.02,33320.0,14.04,14.35,14.5,17.68,18.32,29200.0,29840.0,30160.0,36780.0,38110.0,,
2021,0040980,"Saginaw, MI",metro,39-9011,Childcare Workers,270.0,12.04,25050.0,10.69,10.74,11.02,13.38,14.33,22230.0,22330.0,22920.0,27820.0,29810.0,,
2021,0041060,"St. Cloud, MN",metro,39-9011,Childcare Workers,300.0,12.97,26970.0,11.12,11.21,13.2,13.82,14.45,23140.0,23320.0,27450.0,28740.0,30060.0,,
2021,0041100,"St. George, UT",metro,39-9011,Childcare Workers,190.0,12.81,26650.0,8.52,10.96,11.63,14.01,18.08,17730.0,22810.0,24180.0,29130.0,37610.0,,
2021,0041140,"St. Joseph, MO-KS",metro,39-9011,Childcare Workers,140.0,11.79,24530.0,10.3,11.05,11.17,11.27,13.63,21420.0,22990.0,23220.0,23450.0,28360.0,,
2021,0041180,"St. Louis, MO-IL",metro,39-9011,Childcare Workers,5680.0,12.99,27010.0,10.81,11.23,12.66,13.55,16.03,22490.0,23360.0,26320.0,28180.0,33340.0,,
2021,0041420,"Salem, OR",metro,39-9011,Childcare Workers,390.0,14.44,30040.0,11.96,13.1,13.64,14.39,17.23,24870.0,27250.0,28380.0,29930.0,35840.0,,
2021,0041500,"Salinas, CA",metro,39-9011,Childcare Workers,280.0,16.91,35170.0,14.11,14.68,16.16,18.28,21.88,29350.0,30530.0,33620.0,38030.0,45510.0,,
2021,0041540,"Salisbury, MD-DE",metro,39-9011,Childcare Workers,310.0,12.96,26970.0,11.05,11.75,11.91,14.05,15.11,22980.0,24440.0,24760.0,29220.0,31440.0,,
2021,0041620,"Salt Lake City, UT",metro,39-9011,Childcare Workers,2070.0,12.26,25510.0,8.81,10.56,11.43,13.79,17.68,18310.0,21970.0,23780.0,28680.0,36770.0,,
2021,0041660,"San Angelo, TX",metro,39-9011,Childcare Workers,240.0,9.99,20780.0,8.38,8.77,8.95,11.05,12.93,17430.0,18250.0,18610.0,22980.0,26890.0,,
2021,0041700,"San Antonio-New Braunfels, TX",metro,39-9011,Childcare Workers,3860.0,11.53,23970.0,8.71,10.2,11.0,13.14,14.04,18110.0,21220.0,22880.0,27340.0,29210.0,,
2021,0041740,"San Diego-Carlsbad, CA",metro,39-9011,Childcare Workers,2610.0,16.79,34930.0,14.08,14.31,15.11,18.1,21.85,29290.0,29760.0,31440.0,37650.0,45460.0,,
2021,0041860,"San Francisco-Oakland-Hayward, CA",metro,39-9011,Childcare Workers,3840.0,18.81,39120.0,14.44,16.44,17.56,21.02,22.74,30030.0,34200.0,36530.0,43720.0,47290.0,,
2021,0041900,"San German, PR",metro,39-9011,Childcare Workers,80.0,10.62,22090.0,8.25,8.64,11.21,11.93,14.13,17170.0,17970.0,23330.0,24820.0,29380.0,,
2021,0041940,"San Jose-Sunnyvale-Santa Clara, CA",metro,39-9011,Childcare Workers,1730.0,18.94,39390.0,14.39,16.79,17.74,21.38,22.87,29930.0,34920.0,36910.0,44460.0,47560.0,,
2021,0041980,"San Juan-Carolina-Caguas, PR",metro,39-9011,Childcare Workers,690.0,9.5,19760.0,8.5,8.63,8.89,9.48,11.15,17680.0,17950.0,18500.0,19720.0,23200.0,,
2021,0042020,"San Luis Obispo-Paso Robles-Arroyo Grande, CA",metro,39-9011,Childcare Workers,210.0,15.5,32240.0,14.0,14.12,14.57,16.99,18.17,29120.0,29360.0,30310.0,35330.0,37790.0,,
2021,0042100,"Santa Cruz-Watsonville, CA",metro,39-9011,Childcare Workers,220.0,16.39,34100.0,14.08,14.61,15.0,17.99,19.1,29280.0,30380.0,31190.0,37430.0,39730.0,,
2021,0042140,"Santa Fe, NM",metro,39-9011,Childcare Workers,60.0,15.86,32980.0,11.27,11.51,14.52,18.08,22.5,23430.0,23950.0,30200.0,37610.0,46810.0,,
2021,0042200,"Santa Maria-Santa Barbara, CA",metro,39-9011,Childcare Workers,360.0,17.19,35750.0,14.05,14.39,15.22,18.22,22.53,29230.0,29940.0,31650.0,37890.0,46850.0,,
2021,0042220,"Santa Rosa, CA",metro,39-9011,Childcare Workers,350.0,17.66,36720.0,14.22,15.02,16.68,19.39,21.91,29570.0,31240.0,34680.0,40340.0,45570.0,,
2021,0042340,"Savannah, GA",metro,39-9011,Childcare Workers,880.0,10.78,22420.0,8.43,8.61,10.81,11.06,13.91,17540.0,17920.0,22470.0,23010.0,28930.0,,
2021,0042540,"Scranton--Wilkes-Barre--Hazleton, PA",metro,39-9011,Childcare Workers,930.0,11.76,24450.0,9.08,10.98,11.1,13.04,14.21,18880.0,22840.0,23090.0,27120.0,29560.0,,
2021,0042660,"Seattle-Tacoma-Bellevue, WA",metro,39-9011,Childcare Workers,2710.0,17.66,36730.0,14.7,16.19,17.45,18.03,21.47,30570.0,33670.0,36300.0,37500.0,44660.0,,
2021,0042680,"Sebastian-Vero Beach, FL",metro,39-9011,Childcare Workers,110.0,12.24,25460.0,10.19,10.73,11.06,13.55,14.03,21200.0,22320.0,23010.0,28190.0,29190.0,,
2021,0042700,"Sebring, FL",metro,39-9011,Childcare Workers,90.0,11.34,23600.0,8.96,9.67,10.54,12.61,13.5,18650.0,20110.0,21920.0,26220.0,28080.0,,
2021,0043100,"Sheboygan, WI",metro,39-9011,Childcare Workers,160.0,11.94,24840.0,8.49,10.86,11.49,14.01,14.64,17670.0,22590.0,23910.0,29130.0,30460.0,,
2021,0043300,"Sherman-Denison, TX",metro,39-9011,Childcare Workers,140.0,9.8,20380.0,8.31,8.6,8.95,10.72,11.49,17280.0,17890.0,18610.0,22290.0,23910.0,,
2021,0043340,"Shreveport-Bossier City, LA",metro,39-9011,Childcare Workers,560.0,9.7,20180.0,8.43,8.5,8.91,10.54,11.15,17540.0,17670.0,18530.0,21920.0,23190.0,,
2021,0043420,"Sierra Vista-Douglas, AZ",metro,39-9011,Childcare Workers,40.0,13.45,27970.0,12.15,12.93,13.64,13.8,13.8,25270.0,26900.0,28370.0,28700.0,28700.0,,
2021,0043580,"Sioux City, IA-NE-SD",metro,39-9011,Childcare Workers,310.0,11.17,23230.0,8.56,10.6,11.05,11.37,14.07,17790.0,22050.0,22980.0,23650.0,29270.0,,
2021,0043620,"Sioux Falls, SD",metro,39-9011,Childcare Workers,1280.0,11.51,23930.0,10.86,10.9,10.96,11.12,14.05,22580.0,22680.0,22800.0,23140.0,29220.0,,
2021,0043780,"South Bend-Mishawaka, IN-MI",metro,39-9011,Childcare Workers,410.0,11.39,23690.0,8.52,10.19,11.0,13.38,14.11,17730.0,21190.0,22890.0,27820.0,29350.0,,
2021,0043900,"Spartanburg, SC",metro,39-9011,Childcare Workers,270.0,11.4,23720.0,8.36,8.91,10.72,13.07,14.24,17380.0,18530.0,22290.0,27180.0,29620.0,,
2021,0044060,"Spokane-Spokane Valley, WA",metro,39-9011,Childcare Workers,430.0,15.85,32970.0,13.7,13.89,14.17,16.8,21.85,28500.0,28900.0,29470.0,34940.0,45460.0,,
2021,0044100,"Springfield, IL",metro,39-9011,Childcare Workers,260.0,12.99,27020.0,11.0,11.35,11.53,14.21,17.84,22880.0,23600.0,23980.0,29560.0,37100.0,,
2021,0044180,"Springfield, MO",metro,39-9011,Childcare Workers,900.0,11.54,24010.0,10.3,10.58,10.7,11.8,13.43,21420.0,22000.0,22260.0,24540.0,27940.0,,
2021,0044220,"Springfield, OH",metro,39-9011,Childcare Workers,60.0,12.46,25920.0,8.86,9.11,10.6,13.6,21.6,18430.0,18960.0,22040.0,28290.0,44930.0,,
2021,0044300,"State College, PA",metro,39-9011,Childcare Workers,200.0,11.64,24220.0,8.75,10.6,10.93,13.33,13.82,18190.0,22040.0,22720.0,27720.0,28740.0,,
2021,0044420,"Staunton-Waynesboro, VA",metro,39-9011,Childcare Workers,110.0,11.66,24260.0,9.5,10.35,11.05,13.77,14.09,19760.0,21530.0,22980.0,28640.0,29300.0,,
2021,0044700,"Stockton-Lodi, CA",metro,39-9011,Childcare Workers,570.0,16.96,35270.0,14.0,14.28,14.89,17.97,22.18,29120.0,29700.0,30960.0,37380.0,46140.0,,
2021,0044940,"Sumter, SC",metro,39-9011,Childcare Workers,180.0,10.71,22270.0,8.15,8.77,10.46,11.38,13.51,16960.0,18250.0,21760.0,23680.0,28090.0,,
2021,0045060,"Syracuse, NY",metro,39-9011,Childcare Workers,1130.0,14.13,29390.0,12.5,12.5,13.46,14.33,18.08,26000.0,26000.0,28000.0,29810.0,37610.0,,
2021,0045220,"Tallahassee, FL",metro,39-9011,Childcare Workers,400.0,11.79,24520.0,9.58,9.97,11.8,12.85,14.65,19930.0,20730.0,24540.0,26730.0,30480.0,,
2021,0045300,"Tampa-St. Petersburg-Clearwater, FL",metro,39-9011,Childcare Workers,3760.0,12.49,25970.0,9.39,10.84,11.31,14.01,14.32,19540.0,22550.0,23520.0,29130.0,29790.0,,
2021,0045460,"Terre Haute, IN",metro,39-9011,Childcare Workers,290.0,11.04,22960.0,8.22,8.53,10.35,12.82,13.63,17090.0,17730.0,21520.0,26660.0,28350.0,,
2021,0045500,"Texarkana, TX-AR",metro,39-9011,Childcare Workers,230.0,10.14,21080.0,7.99,8.46,9.98,11.0,11.82,16620.0,17590.0,20750.0,22880.0,24590.0,,
2021,0045540,"The Villages, FL",metro,39-9011,Childcare Workers,40.0,12.71,26430.0,9.05,10.63,11.05,13.63,21.73,18820.0,22110.0,22980.0,28350.0,45190.0,,
2021,0045780,"Toledo, OH",metro,39-9011,Childcare Workers,630.0,13.26,27580.0,9.29,10.16,11.01,14.05,21.96,19330.0,21130.0,22900.0,29220.0,45680.0,,
2021,0045820,"Topeka, KS",metro,39-9011,Childcare Workers,500.0,11.68,24300.0,8.53,8.81,11.11,13.64,14.33,17740.0,18330.0,23110.0,28370.0,29810.0,,
2021,0045940,"Trenton, NJ",metro,39-9011,Childcare Workers,570.0,14.5,30160.0,12.0,12.53,13.74,15.08,17.24,24960.0,26060.0,28570.0,31370.0,35850.0,,
2021,0046060,"Tucson, AZ",metro,39-9011,Childcare Workers,600.0,14.12,29380.0,12.33,13.35,14.01,14.26,17.23,25650.0,27770.0,29130.0,29650.0,35840.0,,
2021,0046140,"Tulsa, OK",metro,39-9011,Childcare Workers,1720.0,11.34,23580.0,8.7,9.05,10.85,12.85,14.16,18090.0,18820.0,22560.0,26730.0,29450.0,,
2021,0046220,"Tuscaloosa, AL",metro,39-9011,Childcare Workers,230.0,10.92,22710.0,8.51,8.86,10.18,11.38,15.03,17700.0,18430.0,21170.0,23680.0,31260.0,,
2021,0046300,"Twin Falls, ID",metro,39-9011,Childcare Workers,90.0,11.24,23390.0,8.35,8.53,10.75,13.25,13.6,17370.0,17730.0,22360.0,27560.0,28280.0,,
2021,0046340,"Tyler, TX",metro,39-9011,Childcare Workers,410.0,10.95,22780.0,8.49,8.77,10.66,11.71,14.05,17670.0,18250.0,22170.0,24360.0,29220.0,,
2021,0046520,"Urban Honolulu, HI",metro,39-9011,Childcare Workers,770.0,14.11,29360.0,10.92,11.61,13.79,14.51,18.46,22720.0,24150.0,28690.0,30180.0,38400.0,,
2021,0046540,"Utica-Rome, NY",metro,39-9011,Childcare Workers,590.0,14.8,30770.0,12.5,13.62,14.02,14.65,18.24,26000.0,28320.0,29160.0,30480.0,37940.0,,
2021,0046660,"Valdosta, GA",metro,39-9011,Childcare Workers,300.0,9.93,20650.0,7.89,8.12,9.18,10.62,13.21,16410.0,16890.0,19100.0,22090.0,27490.0,,
2021,0046700,"Vallejo-Fairfield, CA",metro,39-9011,Childcare Workers,200.0,16.75,34830.0,14.28,14.64,15.92,18.26,20.26,29700.0,30440.0,33110.0,37980.0,42140.0,,
2021,0047020,"Victoria, TX",metro,39-9011,Childcare Workers,140.0,9.97,20740.0,7.9,8.47,9.77,10.51,12.41,16430.0,17630.0,20320.0,21870.0,25810.0,,
2021,0047220,"Vineland-Bridgeton, NJ",metro,39-9011,Childcare Workers,180.0,12.75,26520.0,12.0,12.0,12.0,13.25,13.83,24960.0,24960.0,24960.0,27560.0,28760.0,,
2021,0047260,"Virginia Beach-Norfolk-Newport News, VA-NC",metro,39-9011,Childcare Workers,2130.0,12.1,25170.0,9.5,10.72,11.15,13.64,14.79,19760.0,22310.0,23190.0,28360.0,30760.0,,
2021,0047300,"Visalia-Porterville, CA",metro,39-9011,Childcare Workers,200.0,16.62,34570.0,14.0,14.06,16.09,17.74,21.06,29120.0,29250.0,33470.0,36910.0,43800.0,,
2021,0047380,"Waco, TX",metro,39-9011,Childcare Workers,430.0,10.29,21410.0,8.3,8.53,8.89,11.33,14.11,17260.0,17740.0,18500.0,23570.0,29340.0,,
2021,0047460,"Walla Walla, WA",metro,39-9011,Childcare Workers,40.0,14.55,30260.0,13.69,13.69,13.8,14.52,17.44,28480.0,28480.0,28700.0,30210.0,36280.0,,
2021,0047580,"Warner Robins, GA",metro,39-9011,Childcare Workers,430.0,10.11,21020.0,8.15,8.23,10.15,10.96,13.33,16950.0,17110.0,21120.0,22810.0,27720.0,,
2021,0047900,"Washington-Arlington-Alexandria, DC-VA-MD-WV",metro,39-9011,Childcare Workers,7780.0,16.01,33300.0,11.22,13.55,15.0,18.46,22.0,23340.0,28180.0,31200.0,38400.0,45760.0,,
2021,0047940,"Waterloo-Cedar Falls, IA",metro,39-9011,Childcare Workers,330.0,10.66,22170.0,8.49,8.77,10.66,11.26,13.9,17670.0,18230.0,22180.0,23420.0,28910.0,,
2021,0048060,"Watertown-Fort Drum, NY",metro,39-9011,Childcare Workers,220.0,13.75,28590.0,12.5,12.5,13.68,14.05,14.43,26000.0,26000.0,28460.0,29220.0,30020.0,,
2021,0048140,"Wausau, WI",metro,39-9011,Childcare Workers,100.0,11.9,24740.0,8.1,10.54,11.33,14.05,14.65,16850.0,21920.0,23570.0,29220.0,30480.0,,
2021,0048260,"Weirton-Steubenville, WV-OH",metro,39-9011,Childcare Workers,50.0,12.34,25660.0,8.81,9.72,10.62,13.45,20.69,18330.0,20220.0,22090.0,27980.0,43040.0,,
2021,0048300,"Wenatchee, WA",metro,39-9011,Childcare Workers,100.0,15.14,31490.0,13.91,14.04,14.1,16.44,18.0,28940.0,29190.0,29320.0,34190.0,37440.0,,
2021,0048540,"Wheeling, WV-OH",metro,39-9011,Childcare Workers,100.0,11.45,23820.0,9.2,9.61,10.12,11.5,16.3,19130.0,19980.0,21040.0,23920.0,33900.0,,
2021,0048620,"Wichita, KS",metro,39-9011,Childcare Workers,1530.0,11.26,23420.0,8.23,8.92,10.67,13.56,14.33,17120.0,18560.0,22190.0,28210.0,29800.0,,
2021,0048660,"Wichita Falls, TX",metro,39-9011,Childcare Workers,230.0,9.81,20410.0,7.84,8.25,9.9,10.95,12.15,16320.0,17160.0,20600.0,22770.0,25270.0,,
2021,0048700,"Williamsport, PA",metro,39-9011,Childcare Workers,190.0,11.68,24290.0,8.58,10.44,10.94,13.35,13.63,17850.0,21700.0,22760.0,27760.0,28350.0,,
2021,0048900,"Wilmington, NC",metro,39-9011,Childcare Workers,280.0,12.45,25900.0,8.49,8.69,11.55,14.1,17.0,17670.0,18070.0,24030.0,29330.0,35350.0,,
2021,0049020,"Winchester, VA-WV",metro,39-9011,Childcare Workers,140.0,12.82,26670.0,9.5,10.88,11.44,15.1,15.1,19760.0,22640.0,23800.0,31410.0,31410.0,,
2021,0049180,"Winston-Salem, NC",metro,39-9011,Childcare Workers,590.0,12.34,25670.0,8.49,8.84,11.6,14.33,17.76,17670.0,18400.0,24130.0,29810.0,36940.0,,
2021,0049420,"Yakima, WA",metro,39-9011,Childcare Workers,240.0,14.84,30860.0,13.69,13.92,14.25,14.65,17.0,28480.0,28950.0,29640.0,30470.0,35360.0,,
2021,0049620,"York-Hanover, PA",metro,39-9011,Childcare Workers,660.0,11.6,24130.0,8.52,9.46,11.21,13.5,14.06,17710.0,19680.0,23330.0,28070.0,29240.0,,
2021,0049660,"Youngstown-Warren-Boardman, OH-PA",metro,39-9011,Childcare Workers,550.0,11.49,23910.0,8.86,9.18,10.56,12.81,16.19,18430.0,19100.0,21950.0,26640.0,33680.0,,
2021,0049700,"Yuba City, CA",metro,39-9011,Childcare Workers,110.0,15.65,32540.0,14.0,14.0,14.49,17.5,18.29,29120.0,29120.0,30140.0,36410.0,38030.0,,
2021,0049740,"Yuma, AZ",metro,39-9011,Childcare Workers,70.0,12.6,26210.0,12.15,12.15,12.15,13.0,13.92,25270.0,25270.0,25270.0,27050.0,28950.0,,
2021,0070750,"Bangor, ME",metro,39-9011,Childcare Workers,390.0,14.59,30360.0,13.6,13.71,13.91,14.65,17.23,28290.0,28510.0,28930.0,30470.0,35840.0,,
2021,0070900,"Barnstable Town, MA",metro,39-9011,Childcare Workers,280.0,16.1,33490.0,14.29,14.49,14.76,17.82,18.67,29720.0,30140.0,30700.0,37060.0,38830.0,,
2021,0071650,"Boston-Cambridge-Nashua, MA-NH",metro,39-9011,Childcare Workers,9160.0,16.84,35020.0,14.39,14.64,14.96,18.24,22.73,29930.0,30440.0,31130.0,37940.0,47270.0,,
2021,0071950,"Bridgeport-Stamford-Norwalk, CT",metro,39-9011,Childcare Workers,1600.0,15.68,32610.0,13.61,14.21,14.62,15.21,18.73,28300.0,29570.0,30400.0,31630.0,38950.0,,
2021,0072400,"Burlington-South Burlington, VT",metro,39-9011,Childcare Workers,420.0,16.0,33280.0,13.87,14.07,14.85,17.34,18.48,28850.0,29260.0,30890.0,36060.0,38450.0,,
2021,0072850,"Danbury, CT",metro,39-9011,Childcare Workers,240.0,13.66,28420.0,12.01,12.11,13.7,14.05,14.85,24970.0,25180.0,28500.0,29220.0,30890.0,,
2021,0073050,"Dover-Durham, NH-ME",metro,39-9011,Childcare Workers,210.0,12.38,25740.0,8.3,10.57,11.8,14.11,17.09,17260.0,21990.0,24540.0,29350.0,35550.0,,
2021,0073450,"Hartford-West Hartford-East Hartford, CT",metro,39-9011,Childcare Workers,1690.0,14.07,29260.0,12.0,13.62,13.99,14.16,14.74,24960.0,28330.0,29090.0,29460.0,30660.0,,
2021,0074500,"Leominster-Gardner, MA",metro,39-9011,Childcare Workers,130.0,15.32,31860.0,13.62,13.87,14.13,16.97,17.71,28330.0,28840.0,29390.0,35300.0,36830.0,,
2021,0074650,"Lewiston-Auburn, ME",metro,39-9011,Childcare Workers,350.0,14.51,30170.0,13.46,13.62,13.78,16.49,17.16,27990.0,28330.0,28670.0,34300.0,35690.0,,
2021,0074950,"Manchester, NH",metro,39-9011,Childcare Workers,320.0,11.58,24080.0,8.41,9.99,10.97,13.65,14.37,17500.0,20780.0,22810.0,28390.0,29890.0,,
2021,0075550,"New Bedford, MA",metro,39-9011,Childcare Workers,280.0,15.72,32700.0,13.77,13.98,14.32,17.19,17.88,28650.0,29080.0,29790.0,35750.0,37190.0,,
2021,0075700,"New Haven, CT",metro,39-9011,Childcare Workers,640.0,14.4,29940.0,12.0,13.52,13.97,14.25,17.59,24960.0,28130.0,29050.0,29640.0,36580.0,,
2021,0076450,"Norwich-New London-Westerly, CT-RI",metro,39-9011,Childcare Workers,430.0,14.25,29630.0,11.91,13.38,13.73,14.63,17.65,24770.0,27820.0,28560.0,30420.0,36720.0,,
2021,0076600,"Pittsfield, MA",metro,39-9011,Childcare Workers,110.0,15.18,31580.0,13.5,13.84,14.15,16.76,17.5,28080.0,28780.0,29420.0,34850.0,36390.0,,
2021,0076750,"Portland-South Portland, ME",metro,39-9011,Childcare Workers,1660.0,15.3,31820.0,14.05,14.19,14.48,17.35,18.24,29210.0,29510.0,30130.0,36080.0,37950.0,,
2021,0076900,"Portsmouth, NH-ME",metro,39-9011,Childcare Workers,280.0,12.96,26960.0,8.86,11.05,13.84,14.62,15.15,18440.0,22980.0,28780.0,30400.0,31500.0,,
2021,0077200,"Providence-Warwick, RI-MA",metro,39-9011,Childcare Workers,1950.0,14.74,30650.0,11.73,12.07,13.43,14.85,21.32,24390.0,25100.0,27930.0,30890.0,44340.0,,
2021,0078100,"Springfield, MA-CT",metro,39-9011,Childcare Workers,1090.0,15.71,32670.0,13.54,13.83,14.2,17.12,21.1,28170.0,28770.0,29540.0,35610.0,43890.0,,
2021,0078700,"Waterbury, CT",metro,39-9011,Childcare Workers,340.0,16.04,33360.0,12.0,13.58,13.75,14.05,17.23,24960.0,28250.0,28600.0,29220.0,35830.0,,
2021,0079600,"Worcester, MA-CT",metro,39-9011,Childcare Workers,1090.0,15.96,33190.0,13.74,14.07,14.46,17.45,18.48,28570.0,29260.0,30070.0,36300.0,38450.0,,
2021,0100001,Northwest Alabama nonmetropolitan area,nonmetro,39-9011,Childcare Workers,110.0,9.39,19520.0,8.25,8.35,8.51,10.51,11.56,17160.0,17370.0,17690.0,21860.0,24040.0,,
2021,0100002,Northeast Alabama nonmetropolitan area,nonmetro,39-9011,Childcare Workers,280.0,9.32,19380.0,8.24,8.33,8.41,10.53,11.38,17130.0,17330.0,17490.0,21910.0,23680.0,,
2021,0100003,Southwest Alabama nonmetropolitan area,nonmetro,39-9011,Childcare Workers,200.0,9.32,19390.0,8.24,8.35,8.53,10.5,11.22,17140.0,17370.0,17730.0,21830.0,23340.0,,
2021,0100004,Southeast Alabama nonmetropolitan area,nonmetro,39-9011,Childcare Workers,190.0,9.3,19340.0,8.2,8.32,8.4,10.49,10.98,17050.0,17300.0,17470.0,21820.0,22840.0,,
2021,0200006,Alaska nonmetropolitan area,nonmetro,39-9011,Childcare Workers,190.0,15.86,33000.0,11.87,13.83,14.03,17.63,22.07,24690.0,28760.0,29180.0,36660.0,45910.0,,
2021,0400001,Arizona nonmetropolitan area,nonmetro,39-9011,Childcare Workers,130.0,13.44,27950.0,12.2,12.2,12.73,14.11,14.47,25370.0,25370.0,26490.0,29350.0,30100.0,,
2021,0500001,North Arkansas nonmetropolitan area,nonmetro,39-9011,Childcare Workers,380.0,11.3,23500.0,11.0,11.0,11.0,11.07,11.38,22880.0,22880.0,22880.0,23030.0,23670.0,,
2021,0500002,East Arkansas nonmetropolitan area,nonmetro,39-9011,Childcare Workers,370.0,11.5,23920.0,11.0,11.0,11.0,11.4,13.5,22880.0,22880.0,22880.0,23720.0,28080.0,,
2021,0500003,West Arkansas nonmetropolitan area,nonmetro,39-9011,Childcare Workers,330.0,11.5,23920.0,11.0,11.0,11.0,11.2,13.39,22880.0,22880.0,22880.0,23300.0,27860.0,,
2021,0500004,South Arkansas nonmetropolitan area,nonmetro,39-9011,Childcare Workers,280.0,11.52,23960.0,11.0,11.0,11.0,11.22,13.6,22880.0,22880.0,22880.0,23340.0,28290.0,,
2021,0600003,North Coast Region of California nonmetropolitan area,nonmetro,39-9011,Childcare Workers,210.0,16.55,34420.0,14.12,14.34,14.94,18.02,19.08,29370.0,29840.0,31080.0,37470.0,39680.0,,
2021,0600006,Eastern Sierra-Mother Lode Region of California nonmetropolitan area,nonmetro,39-9011,Childcare Workers,210.0,16.73,34790.0,14.14,14.47,17.68,17.68,18.31,29400.0,30090.0,36770.0,36770.0,38090.0,,
2021,0600007,North Valley-Northern Mountains Region of California nonmetropolitan area,nonmetro,39-9011,Childcare Workers,280.0,16.35,34000.0,14.0,14.33,14.47,18.08,18.85,29120.0,29810.0,30090.0,37610.0,39210.0,,
2021,0800001,Eastern and Southern Colorado nonmetropolitan area,nonmetro,39-9011,Childcare Workers,190.0,15.33,31880.0,13.68,13.81,14.01,16.89,17.84,28460.0,28730.0,29130.0,35140.0,37100.0,,
2021,0800002,Southwest Colorado nonmetropolitan area,nonmetro,39-9011,Childcare Workers,290.0,14.99,31180.0,12.32,13.65,14.26,16.79,18.06,25630.0,28380.0,29660.0,34930.0,37570.0,,
2021,0800003,Northwest Colorado nonmetropolitan area,nonmetro,39-9011,Childcare Workers,380.0,17.01,35390.0,13.75,13.89,17.15,18.55,22.84,28590.0,28880.0,35670.0,38590.0,47510.0,,
2021,0900001,Connecticut nonmetropolitan area,nonmetro,39-9011,Childcare Workers,120.0,14.44,30040.0,12.0,12.0,13.72,14.43,18.17,24960.0,24960.0,28530.0,30010.0,37800.0,,
2021,1200003,South Florida nonmetropolitan area,nonmetro,39-9011,Childcare Workers,270.0,12.33,25650.0,9.24,10.8,11.22,14.03,14.38,19210.0,22460.0,23330.0,29180.0,29910.0,,
2021,1200006,North Florida nonmetropolitan area,nonmetro,39-9011,Childcare Workers,420.0,12.31,25600.0,8.95,10.67,11.0,13.7,14.36,18610.0,22190.0,22870.0,28490.0,29870.0,,
2021,1300001,North Georgia nonmetropolitan area,nonmetro,39-9011,Childcare Workers,720.0,10.34,21500.0,8.1,8.22,10.31,10.99,13.72,16850.0,17090.0,21450.0,22860.0,28540.0,,
2021,1300002,Middle Georgia nonmetropolitan area,nonmetro,39-9011,Childcare Workers,520.0,10.07,20940.0,8.12,8.24,8.39,10.63,13.94,16890.0,17150.0,17440.0,22110.0,28990.0,,
2021,1300003,East Georgia nonmetropolitan area,nonmetro,39-9011,Childcare Workers,450.0,10.27,21350.0,8.12,8.22,8.67,10.62,14.1,16890.0,17110.0,18040.0,22090.0,29320.0,,
2021,1300004,South Georgia nonmetropolitan area,nonmetro,39-9011,Childcare Workers,800.0,10.26,21350.0,8.12,8.25,8.95,10.62,13.74,16890.0,17160.0,18610.0,22090.0,28580.0,,
2021,1500001,Hawaii / Kauai nonmetropolitan area,nonmetro,39-9011,Childcare Workers,300.0,14.07,29270.0,11.22,11.48,13.69,15.03,17.76,23340.0,23870.0,28480.0,31260.0,36940.0,,
2021,1600006,Northwestern Idaho nonmetropolitan area,nonmetro,39-9011,Childcare Workers,290.0,11.0,22890.0,8.53,8.62,9.18,13.63,14.33,17730.0,17930.0,19100.0,28350.0,29810.0,,
2021,1600007,Southeast-Central Idaho nonmetropolitan area,nonmetro,39-9011,Childcare Workers,200.0,10.9,22670.0,8.23,8.54,8.91,11.89,13.68,17120.0,17770.0,18530.0,24740.0,28460.0,,
2021,1700001,Northwest Illinois nonmetropolitan area,nonmetro,39-9011,Childcare Workers,320.0,12.15,25280.0,11.0,11.0,11.14,12.62,14.23,22880.0,22880.0,23160.0,26250.0,29600.0,,
2021,1700002,West Central Illinois nonmetropolitan area,nonmetro,39-9011,Childcare Workers,460.0,12.34,25670.0,11.0,11.0,11.17,12.97,14.41,22880.0,22880.0,23240.0,26970.0,29960.0,,
2021,1700003,East Central Illinois nonmetropolitan area,nonmetro,39-9011,Childcare Workers,440.0,12.47,25930.0,11.0,11.03,11.2,13.69,14.52,22880.0,22950.0,23300.0,28480.0,30200.0,,
2021,1700004,South Illinois nonmetropolitan area,nonmetro,39-9011,Childcare Workers,310.0,13.11,27270.0,11.0,11.11,11.56,14.05,16.15,22880.0,23120.0,24040.0,29230.0,33600.0,,
2021,1800001,Northern Indiana nonmetropolitan area,nonmetro,39-9011,Childcare Workers,420.0,11.67,24260.0,8.32,8.75,10.77,13.93,17.23,17300.0,18190.0,22400.0,28970.0,35840.0,,
2021,1800002,Central Indiana nonmetropolitan area,nonmetro,39-9011,Childcare Workers,320.0,10.97,22810.0,8.23,8.53,10.7,13.22,14.41,17120.0,17740.0,22250.0,27490.0,29960.0,,
2021,1800003,Southern Indiana nonmetropolitan area,nonmetro,39-9011,Childcare Workers,490.0,11.19,23280.0,8.46,8.75,10.67,11.86,14.52,17610.0,18190.0,22200.0,24660.0,30200.0,,
2021,1900001,Northeast Iowa nonmetropolitan area,nonmetro,39-9011,Childcare Workers,480.0,10.18,21180.0,8.37,8.53,10.45,10.86,13.07,17410.0,17730.0,21730.0,22600.0,27190.0,,
2021,1900002,Northwest Iowa nonmetropolitan area,nonmetro,39-9011,Childcare Workers,610.0,10.14,21080.0,8.35,8.54,9.03,11.05,13.63,17360.0,17760.0,18780.0,22980.0,28350.0,,
2021,1900003,Southwest Iowa nonmetropolitan area,nonmetro,39-9011,Childcare Workers,300.0,10.29,21410.0,8.28,8.46,10.64,11.05,13.74,17210.0,17590.0,22120.0,22980.0,28590.0,,
2021,1900004,Southeast Iowa nonmetropolitan area,nonmetro,39-9011,Childcare Workers,620.0,10.2,21220.0,8.27,8.36,10.44,11.02,13.5,17190.0,17380.0,21720.0,22920.0,28090.0,,
2021,2000006,Kansas nonmetropolitan area,nonmetro,39-9011,Childcare Workers,1240.0,10.49,21830.0,8.25,8.42,10.25,11.3,13.75,17150.0,17520.0,21310.0,23500.0,28610.0,,
2021,2100001,West Kentucky nonmetropolitan area,nonmetro,39-9011,Childcare Workers,880.0,10.89,22640.0,8.21,9.18,10.73,11.6,13.64,17070.0,19100.0,22310.0,24120.0,28380.0,,
2021,2100002,South Central Kentucky nonmetropolitan area,nonmetro,39-9011,Childcare Workers,1120.0,10.33,21490.0,8.36,8.72,10.53,11.4,13.03,17380.0,18140.0,21900.0,23720.0,27090.0,,
2021,2100003,Central Kentucky nonmetropolitan area,nonmetro,39-9011,Childcare Workers,1150.0,11.13,23150.0,8.23,10.27,10.78,11.86,14.47,17120.0,21370.0,22410.0,24660.0,30100.0,,
2021,2100004,East Kentucky nonmetropolitan area,nonmetro,39-9011,Childcare Workers,630.0,10.39,21610.0,8.15,8.66,10.51,11.11,13.07,16950.0,18010.0,21870.0,23100.0,27190.0,,
2021,2200002,Central Louisiana nonmetropolitan area,nonmetro,39-9011,Childcare Workers,290.0,9.28,19300.0,8.11,8.15,8.23,10.1,11.71,16880.0,16960.0,17120.0,21010.0,24360.0,,
2021,2200003,Northeast Louisiana nonmetropolitan area,nonmetro,39-9011,Childcare Workers,260.0,9.14,19000.0,8.05,8.11,8.16,10.12,11.22,16740.0,16860.0,16960.0,21060.0,23340.0,,
2021,2200006,Southwest Louisiana nonmetropolitan area,nonmetro,39-9011,Childcare Workers,280.0,9.13,18990.0,8.09,8.12,8.18,10.0,10.85,16830.0,16890.0,17010.0,20790.0,22560.0,,
2021,2300001,Northeast Maine nonmetropolitan area,nonmetro,39-9011,Childcare Workers,330.0,14.75,30680.0,13.46,13.63,13.77,16.69,17.23,28000.0,28350.0,28650.0,34710.0,35840.0,,
2021,2300002,Southwest Maine nonmetropolitan area,nonmetro,39-9011,Childcare Workers,1330.0,14.61,30390.0,13.54,13.69,13.94,14.31,17.35,28160.0,28480.0,28990.0,29760.0,36090.0,,
2021,2400006,Maryland nonmetropolitan area,nonmetro,39-9011,Childcare Workers,150.0,14.08,29280.0,11.75,11.75,13.59,14.46,17.76,24440.0,24440.0,28280.0,30070.0,36940.0,,
2021,2500006,Massachusetts nonmetropolitan area,nonmetro,39-9011,Childcare Workers,170.0,17.07,35500.0,14.46,14.75,17.28,18.08,21.78,30090.0,30680.0,35950.0,37610.0,45310.0,,
2021,2600001,Upper Peninsula of Michigan nonmetropolitan area,nonmetro,39-9011,Childcare Workers,400.0,12.25,25480.0,10.67,10.83,11.09,13.52,14.41,22200.0,22520.0,23070.0,28110.0,29960.0,,
2021,2600002,Northeast Lower Peninsula of Michigan nonmetropolitan area,nonmetro,39-9011,Childcare Workers,380.0,13.72,28540.0,10.65,10.72,13.4,17.08,17.08,22150.0,22290.0,27860.0,35530.0,35530.0,,
2021,2600003,Northwest Lower Peninsula of Michigan nonmetropolitan area,nonmetro,39-9011,Childcare Workers,440.0,12.39,25770.0,10.77,10.85,11.07,14.05,14.33,22390.0,22560.0,23030.0,29230.0,29810.0,,
2021,2600004,Balance of Lower Peninsula of Michigan nonmetropolitan area,nonmetro,39-9011,Childcare Workers,770.0,12.26,25500.0,10.64,10.84,11.2,14.0,14.31,22140.0,22560.0,23290.0,29110.0,29760.0,,
2021,2700001,Northwest Minnesota nonmetropolitan area,nonmetro,39-9011,Childcare Workers,390.0,13.31,27680.0,10.78,11.06,13.53,13.7,17.23,22420.0,23000.0,28150.0,28490.0,35840.0,,
2021,2700002,Northeast Minnesota nonmetropolitan area,nonmetro,39-9011,Childcare Workers,100.0,12.44,25870.0,10.5,10.83,11.71,13.38,15.65,21840.0,22520.0,24360.0,27840.0,32540.0,,
2021,2700003,Southwest Minnesota nonmetropolitan area,nonmetro,39-9011,Childcare Workers,420.0,12.53,26060.0,10.82,10.87,11.26,13.96,14.65,22500.0,22600.0,23420.0,29040.0,30480.0,,
2021,2700004,Southeast Minnesota nonmetropolitan area,nonmetro,39-9011,Childcare Workers,370.0,13.32,27700.0,10.82,11.03,12.75,13.78,18.06,22500.0,22950.0,26510.0,28670.0,37570.0,,
2021,2800001,Northeast Mississippi nonmetropolitan area,nonmetro,39-9011,Childcare Workers,730.0,9.22,19190.0,8.1,8.13,8.23,10.37,11.38,16850.0,16920.0,17130.0,21570.0,23680.0,,
2021,2800002,Northwest Mississippi nonmetropolitan area,nonmetro,39-9011,Childcare Workers,560.0,9.21,19150.0,8.1,8.12,8.26,9.18,10.77,16850.0,16900.0,17190.0,19100.0,22400.0,,
2021,2800003,Southeast Mississippi nonmetropolitan area,nonmetro,39-9011,Childcare Workers,520.0,9.44,19640.0,8.09,8.15,8.36,8.56,12.03,16820.0,16950.0,17390.0,17800.0,25020.0,,
2021,2800004,Southwest Mississippi nonmetropolitan area,nonmetro,39-9011,Childcare Workers,330.0,9.07,18860.0,8.09,8.12,8.21,8.77,10.95,16830.0,16900.0,17070.0,18250.0,22770.0,,
2021,2900001,Central Missouri nonmetropolitan area,nonmetro,39-9011,Childcare Workers,580.0,11.56,24050.0,10.3,10.45,10.65,12.65,13.95,21420.0,21730.0,22160.0,26300.0,29010.0,,
2021,2900002,North Missouri nonmetropolitan area,nonmetro,39-9011,Childcare Workers,390.0,11.29,23480.0,10.3,10.45,10.67,11.06,13.78,21420.0,21730.0,22180.0,22990.0,28650.0,,
2021,2900003,Southeast Missouri nonmetropolitan area,nonmetro,39-9011,Childcare Workers,590.0,11.48,23870.0,10.3,10.45,10.68,11.71,13.73,21420.0,21730.0,22200.0,24360.0,28550.0,,
2021,2900004,Southwest Missouri nonmetropolitan area,nonmetro,39-9011,Childcare Workers,210.0,11.73,24390.0,10.3,10.56,10.82,12.7,14.07,21420.0,21960.0,22500.0,26420.0,29270.0,,
2021,3000003,Southwest Montana nonmetropolitan area,nonmetro,39-9011,Childcare Workers,540.0,12.11,25190.0,9.02,10.72,11.26,13.72,14.1,18760.0,22290.0,23410.0,28530.0,29330.0,,
2021,3000004,West Montana nonmetropolitan area,nonmetro,39-9011,Childcare Workers,280.0,12.22,25410.0,9.0,10.72,11.33,13.81,14.52,18720.0,22290.0,23560.0,28730.0,30200.0,,
2021,3000006,East-Central Montana nonmetropolitan area,nonmetro,39-9011,Childcare Workers,170.0,11.49,23890.0,8.98,9.12,11.05,13.63,13.95,18680.0,18970.0,22980.0,28350.0,29020.0,,
2021,3100001,Northwest Nebraska nonmetropolitan area,nonmetro,39-9011,Childcare Workers,140.0,12.26,25510.0,9.06,10.39,10.71,13.64,17.4,18840.0,21600.0,22280.0,28380.0,36190.0,,
2021,3100003,Northeast Nebraska nonmetropolitan area,nonmetro,39-9011,Childcare Workers,610.0,11.82,24580.0,9.3,10.54,11.06,13.4,14.01,19340.0,21930.0,23010.0,27860.0,29130.0,,
2021,3100006,South Nebraska nonmetropolitan area,nonmetro,39-9011,Childcare Workers,1200.0,11.55,24030.0,9.02,10.5,10.62,13.45,14.03,18760.0,21840.0,22090.0,27970.0,29190.0,,
2021,3200006,Nevada nonmetropolitan area,nonmetro,39-9011,Childcare Workers,200.0,12.11,25180.0,8.8,8.81,11.27,14.07,16.55,18300.0,18320.0,23430.0,29270.0,34430.0,,
2021,3300001,Northern New Hampshire nonmetropolitan area,nonmetro,39-9011,Childcare Workers,90.0,11.16,23200.0,8.34,8.55,10.8,13.51,14.15,17350.0,17790.0,22460.0,28110.0,29430.0,,
2021,3300002,Central New Hampshire nonmetropolitan area,nonmetro,39-9011,Childcare Workers,260.0,10.97,22820.0,8.34,8.37,10.74,13.32,14.16,17350.0,17410.0,22330.0,27700.0,29450.0,,
2021,3300006,West Central-Southwest New Hampshire nonmetropolitan area,nonmetro,39-9011,Childcare Workers,280.0,11.76,24450.0,8.34,8.6,11.18,13.63,14.65,17350.0,17880.0,23260.0,28350.0,30480.0,,
2021,3500006,Northern New Mexico nonmetropolitan area,nonmetro,39-9011,Childcare Workers,140.0,11.77,24490.0,10.5,10.68,10.78,10.96,14.49,21840.0,22210.0,22430.0,22810.0,30140.0,,
2021,3500007,Eastern New Mexico nonmetropolitan area,nonmetro,39-9011,Childcare Workers,380.0,11.99,24940.0,10.5,10.63,10.8,11.56,14.49,21840.0,22120.0,22470.0,24040.0,30140.0,,
2021,3600001,Capital/Northern New York nonmetropolitan area,nonmetro,39-9011,Childcare Workers,530.0,13.89,28900.0,12.5,12.5,13.44,14.05,14.84,26000.0,26000.0,27940.0,29230.0,30870.0,,
2021,3600004,Southwest New York nonmetropolitan area,nonmetro,39-9011,Childcare Workers,810.0,14.33,29810.0,12.5,12.77,13.46,14.05,17.76,26000.0,26570.0,28000.0,29220.0,36940.0,,
2021,3600006,Central East New York nonmetropolitan area,nonmetro,39-9011,Childcare Workers,680.0,14.08,29280.0,12.5,13.0,13.68,14.05,15.37,26000.0,27030.0,28460.0,29230.0,31960.0,,
2021,3700001,Southeast Coastal North Carolina nonmetropolitan area,nonmetro,39-9011,Childcare Workers,600.0,10.76,22370.0,8.49,8.75,10.76,11.22,13.95,17660.0,18190.0,22370.0,23340.0,29010.0,,
2021,3700002,Northeast Coastal North Carolina nonmetropolitan area,nonmetro,39-9011,Childcare Workers,160.0,11.17,23230.0,8.49,8.95,10.65,12.73,13.8,17660.0,18610.0,22140.0,26470.0,28700.0,,
2021,3700003,Piedmont North Carolina nonmetropolitan area,nonmetro,39-9011,Childcare Workers,560.0,11.3,23500.0,8.29,8.49,10.81,12.9,14.49,17240.0,17670.0,22490.0,26820.0,30140.0,,
2021,3700004,Mountain North Carolina nonmetropolitan area,nonmetro,39-9011,Childcare Workers,290.0,11.79,24510.0,8.39,9.83,11.32,13.94,17.37,17440.0,20440.0,23550.0,29000.0,36120.0,,
2021,3800006,West North Dakota nonmetropolitan area,nonmetro,39-9011,Childcare Workers,790.0,12.62,26250.0,8.6,10.98,11.25,14.47,17.53,17890.0,22830.0,23390.0,30100.0,36460.0,,
2021,3800007,East North Dakota nonmetropolitan area,nonmetro,39-9011,Childcare Workers,690.0,11.57,24060.0,8.59,10.72,11.07,13.63,14.53,17860.0,22290.0,23020.0,28340.0,30220.0,,
2021,3900001,West Northwestern Ohio nonmetropolitan area,nonmetro,39-9011,Childcare Workers,520.0,10.61,22060.0,9.05,9.35,10.2,11.05,13.27,18810.0,19450.0,21220.0,22980.0,27610.0,,
2021,3900002,North Northeastern Ohio nonmetropolitan area (noncontiguous),nonmetro,39-9011,Childcare Workers,560.0,11.02,22910.0,9.06,9.35,10.57,11.05,14.01,18850.0,19450.0,21980.0,22980.0,29130.0,,
2021,3900003,Eastern Ohio nonmetropolitan area,nonmetro,39-9011,Childcare Workers,230.0,12.2,25370.0,9.04,10.18,11.07,13.68,17.24,18800.0,21170.0,23020.0,28440.0,35860.0,,
2021,3900004,Southern Ohio nonmetropolitan area,nonmetro,39-9011,Childcare Workers,280.0,11.73,24390.0,9.09,9.85,10.78,12.85,14.65,18910.0,20480.0,22420.0,26720.0,30470.0,,
2021,4000001,Northeast Oklahoma nonmetropolitan area,nonmetro,39-9011,Childcare Workers,430.0,11.3,23490.0,8.27,8.54,10.72,12.44,14.33,17200.0,17770.0,22300.0,25880.0,29810.0,,
2021,4000002,Northwest Oklahoma nonmetropolitan area,nonmetro,39-9011,Childcare Workers,330.0,10.13,21070.0,8.25,8.46,8.91,10.81,13.87,17160.0,17590.0,18530.0,22480.0,28850.0,,
2021,4000003,Southwest Oklahoma nonmetropolitan area,nonmetro,39-9011,Childcare Workers,200.0,10.19,21190.0,8.29,8.39,10.38,10.93,13.72,17230.0,17450.0,21590.0,22730.0,28530.0,,
2021,4000004,Southeast Oklahoma nonmetropolitan area,nonmetro,39-9011,Childcare Workers,810.0,11.14,23160.0,8.31,8.51,10.63,13.39,14.18,17280.0,17690.0,22110.0,27840.0,29490.0,,
2021,4100006,Coast Oregon nonmetropolitan area,nonmetro,39-9011,Childcare Workers,190.0,14.64,30460.0,12.71,13.38,14.05,14.64,17.72,26430.0,27830.0,29220.0,30460.0,36870.0,,
2021,4100007,Central Oregon nonmetropolitan area,nonmetro,39-9011,Childcare Workers,280.0,15.05,31310.0,11.55,13.44,13.93,17.73,18.08,24030.0,27950.0,28980.0,36880.0,37610.0,,
2021,4100008,Eastern Oregon nonmetropolitan area,nonmetro,39-9011,Childcare Workers,210.0,15.33,31890.0,11.71,13.05,13.63,17.23,21.73,24360.0,27140.0,28350.0,35840.0,45190.0,,
2021,4200001,Western Pennsylvania nonmetropolitan area,nonmetro,39-9011,Childcare Workers,520.0,10.99,22850.0,8.4,8.67,10.82,11.5,13.62,17480.0,18040.0,22510.0,23920.0,28330.0,,
2021,4200002,Northern Pennsylvania nonmetropolitan area,nonmetro,39-9011,Childcare Workers,550.0,10.9,22670.0,8.52,8.86,10.86,11.05,13.44,17730.0,18440.0,22580.0,22980.0,27960.0,,
2021,4200003,Southern Pennsylvania nonmetropolitan area,nonmetro,39-9011,Childcare Workers,430.0,10.78,22420.0,8.41,8.91,10.72,11.05,13.34,17480.0,18530.0,22290.0,22980.0,27750.0,,
2021,4500002,Upper Savannah South Carolina nonmetropolitan area,nonmetro,39-9011,Childcare Workers,290.0,11.51,23940.0,8.24,8.53,10.61,13.63,17.37,17130.0,17750.0,22080.0,28350.0,36120.0,,
2021,4500004,Lower Savannah South Carolina nonmetropolitan area,nonmetro,39-9011,Childcare Workers,190.0,10.64,22140.0,8.15,8.41,10.08,10.96,13.95,16950.0,17480.0,20970.0,22810.0,29010.0,,
2021,4500006,Northeast South Carolina nonmetropolitan area,nonmetro,39-9011,Childcare Workers,220.0,10.49,21830.0,8.19,8.37,10.06,10.96,13.86,17030.0,17410.0,20920.0,22810.0,28820.0,,
2021,4600002,East South Dakota nonmetropolitan area,nonmetro,39-9011,Childcare Workers,540.0,11.46,23840.0,10.65,10.68,10.78,11.5,13.75,22160.0,22210.0,22420.0,23920.0,28590.0,,
2021,4600003,West South Dakota nonmetropolitan area,nonmetro,39-9011,Childcare Workers,450.0,10.99,22860.0,10.0,10.6,10.74,11.11,11.86,20800.0,22050.0,22340.0,23100.0,24660.0,,
2021,4700001,West Tennessee nonmetropolitan area,nonmetro,39-9011,Childcare Workers,320.0,10.71,22270.0,8.42,8.55,10.54,11.33,13.59,17510.0,17790.0,21930.0,23570.0,28270.0,,
2021,4700002,South Central Tennessee nonmetropolitan area,nonmetro,39-9011,Childcare Workers,310.0,10.77,22400.0,8.38,8.53,10.51,12.82,13.66,17420.0,17730.0,21850.0,26670.0,28400.0,,
2021,4700003,North Central Tennessee nonmetropolitan area,nonmetro,39-9011,Childcare Workers,290.0,10.64,22140.0,8.32,8.49,10.35,11.56,13.65,17310.0,17660.0,21520.0,24040.0,28390.0,,
2021,4700004,East Tennessee nonmetropolitan area,nonmetro,39-9011,Childcare Workers,280.0,10.34,21510.0,8.35,8.43,10.3,11.06,13.57,17360.0,17520.0,21420.0,23010.0,28220.0,,
2021,4800001,West Texas Region of Texas nonmetropolitan area,nonmetro,39-9011,Childcare Workers,440.0,10.94,22740.0,8.38,8.53,10.65,13.07,13.32,17440.0,17740.0,22140.0,27190.0,27700.0,,
2021,4800002,North Texas Region of Texas nonmetropolitan area,nonmetro,39-9011,Childcare Workers,870.0,10.29,21390.0,8.39,8.51,9.21,10.93,13.52,17450.0,17700.0,19150.0,22730.0,28120.0,,
2021,4800003,Big Thicket Region of Texas nonmetropolitan area,nonmetro,39-9011,Childcare Workers,360.0,10.61,22080.0,8.36,8.52,10.16,10.93,13.6,17400.0,17730.0,21140.0,22740.0,28280.0,,
2021,4800004,Hill Country Region of Texas nonmetropolitan area,nonmetro,39-9011,Childcare Workers,530.0,10.68,22220.0,8.35,8.51,10.62,11.49,13.63,17360.0,17690.0,22100.0,23910.0,28350.0,,
2021,4800005,Border Region of Texas nonmetropolitan area,nonmetro,39-9011,Childcare Workers,240.0,10.17,21140.0,8.35,8.52,9.21,10.83,13.26,17370.0,17730.0,19150.0,22530.0,27580.0,,
2021,4800006,Coastal Plains Region of Texas nonmetropolitan area,nonmetro,39-9011,Childcare Workers,620.0,10.5,21840.0,8.38,8.52,10.1,11.37,13.91,17420.0,17720.0,21020.0,23650.0,28920.0,,
2021,4900006,Eastern Utah nonmetropolitan area,nonmetro,39-9011,Childcare Workers,240.0,12.78,26580.0,8.53,8.91,13.63,14.65,17.62,17750.0,18530.0,28350.0,30480.0,36650.0,,
2021,4900007,Central Utah nonmetropolitan area,nonmetro,39-9011,Childcare Workers,260.0,11.95,24850.0,8.53,9.18,11.25,14.09,14.18,17730.0,19100.0,23410.0,29300.0,29490.0,,
2021,5000001,Southern Vermont nonmetropolitan area,nonmetro,39-9011,Childcare Workers,460.0,15.8,32860.0,13.55,13.75,13.87,17.23,22.53,28180.0,28590.0,28850.0,35840.0,46860.0,,
2021,5000002,Northern Vermont nonmetropolitan area,nonmetro,39-9011,Childcare Workers,210.0,15.54,32320.0,13.74,13.81,13.86,16.93,18.17,28580.0,28710.0,28840.0,35210.0,37800.0,,
2021,5100001,Southwest Virginia nonmetropolitan area,nonmetro,39-9011,Childcare Workers,170.0,10.95,22780.0,9.5,9.5,10.63,10.82,13.63,19760.0,19760.0,22110.0,22500.0,28360.0,,
2021,5100002,Southside Virginia nonmetropolitan area,nonmetro,39-9011,Childcare Workers,210.0,11.0,22880.0,9.5,9.5,10.63,10.96,13.52,19760.0,19760.0,22110.0,22810.0,28130.0,,
2021,5100003,Northeast Virginia nonmetropolitan area,nonmetro,39-9011,Childcare Workers,120.0,10.71,22270.0,9.5,9.5,10.74,10.96,11.71,19760.0,19760.0,22330.0,22810.0,24360.0,,
2021,5100004,Northwest Virginia nonmetropolitan area,nonmetro,39-9011,Childcare Workers,200.0,12.05,25070.0,9.5,10.57,10.96,13.64,14.65,19760.0,21980.0,22810.0,28380.0,30480.0,,
2021,5300006,Western Washington nonmetropolitan area,nonmetro,39-9011,Childcare Workers,210.0,15.97,33210.0,13.92,14.09,14.18,17.23,21.91,28950.0,29310.0,29500.0,35840.0,45570.0,,
2021,5300007,Eastern Washington nonmetropolitan area,nonmetro,39-9011,Childcare Workers,190.0,15.01,31210.0,13.69,13.96,14.17,16.41,16.64,28480.0,29040.0,29470.0,34120.0,34610.0,,
2021,5400001,Southern West Virginia nonmetropolitan area,nonmetro,39-9011,Childcare Workers,100.0,11.07,23030.0,8.81,8.93,9.19,11.01,14.49,18330.0,18560.0,19110.0,22900.0,30140.0,,
2021,5400002,Northern West Virginia nonmetropolitan area,nonmetro,39-9011,Childcare Workers,270.0,10.19,21190.0,8.76,8.93,10.38,11.01,11.71,18210.0,18570.0,21600.0,22900.0,24360.0,,
2021,5500001,Northwestern Wisconsin nonmetropolitan area,nonmetro,39-9011,Childcare Workers,110.0,12.26,25490.0,10.45,10.8,11.22,13.81,14.33,21740.0,22460.0,23340.0,28720.0,29810.0,,
2021,5500002,Northeastern Wisconsin nonmetropolitan area,nonmetro,39-9011,Childcare Workers,380.0,12.31,25590.0,8.36,10.69,11.17,13.66,17.24,17380.0,22230.0,23240.0,28410.0,35860.0,,
2021,5500003,South Central Wisconsin nonmetropolitan area,nonmetro,39-9011,Childcare Workers,420.0,12.71,26430.0,10.06,10.8,13.63,14.26,14.89,20930.0,22460.0,28360.0,29650.0,30960.0,,
2021,5500004,Western Wisconsin nonmetropolitan area,nonmetro,39-9011,Childcare Workers,400.0,13.15,27360.0,10.73,11.06,11.74,14.75,17.24,22310.0,22990.0,24420.0,30680.0,35860.0,,
2021,5600006,Western Wyoming nonmetropolitan area,nonmetro,39-9011,Childcare Workers,410.0,14.73,30640.0,8.89,10.94,14.17,17.84,21.74,18480.0,22750.0,29470.0,37100.0,45220.0,,
2021,5600007,Eastern Wyoming nonmetropolitan area,nonmetro,39-9011,Childcare Workers,420.0,12.82,26670.0,8.49,10.72,11.12,14.26,18.06,17670.0,22290.0,23120.0,29650.0,37570.0,,
2021,6600001,Guam,nonmetro,39-9011,Childcare Workers,170.0,9.49,19750.0,8.99,9.0,9.0,9.64,10.49,18700.0,18720.0,18720.0,20050.0,21820.0,,
2021,7800001,Virgin Islands,nonmetro,39-9011,Childcare Workers,40.0,12.71,26430.0,11.01,11.07,11.15,13.6,17.84,22900.0,23030.0,23200.0,28280.0,37110.0,,
2022,0010180,"Abilene, TX",metro,39-9011,Childcare Workers,240.0,12.54,26090.0,9.06,10.43,11.08,13.65,18.2,18850.0,21690.0,23050.0,28390.0,37850.0,,
2022,0010380,"Aguadilla-Isabela, PR",metro,39-9011,Childcare Workers,100.0,9.53,19810.0,8.5,8.81,8.95,9.49,11.39,17680.0,18320.0,18620.0,19730.0,23690.0,,
2022,0010420,"Akron, OH",metro,39-9011,Childcare Workers,720.0,13.58,28250.0,10.31,10.94,13.7,15.65,16.47,21440.0,22750.0,28490.0,32540.0,34250.0,,
2022,0010500,"Albany, GA",metro,39-9011,Childcare Workers,350.0,11.01,22890.0,8.37,8.74,10.51,12.7,13.36,17400.0,18180.0,21850.0,26420.0,27780.0,,
2022,0010540,"Albany, OR",metro,39-9011,Childcare Workers,50.0,14.78,30740.0,12.84,13.2,13.67,14.45,17.94,26710.0,27460.0,28430.0,30060.0,37320.0,,
2022,0010580,"Albany-Schenectady-Troy, NY",metro,39-9011,Childcare Workers,1860.0,16.03,33350.0,13.9,14.5,15.03,17.24,19.44,28900.0,30170.0,31260.0,35860.0,40430.0,,
2022,0010740,"Albuquerque, NM",metro,39-9011,Childcare Workers,850.0,13.25,27560.0,11.5,11.62,12.87,13.37,15.33,23920.0,24180.0,26770.0,27800.0,31890.0,,
2022,0010780,"Alexandria, LA",metro,39-9011,Childcare Workers,320.0,10.19,21190.0,8.34,8.51,9.49,10.24,13.8,17350.0,17710.0,19740.0,21300.0,28700.0,,
2022,0010900,"Allentown-Bethlehem-Easton, PA-NJ",metro,39-9011,Childcare Workers,1290.0,13.25,27550.0,10.39,11.55,13.45,14.0,15.85,21610.0,24020.0,27980.0,29130.0,32960.0,,
2022,0011020,"Altoona, PA",metro,39-9011,Childcare Workers,160.0,11.7,24330.0,8.51,10.13,11.28,12.76,13.18,17710.0,21080.0,23450.0,26540.0,27420.0,,
2022,0011100,"Amarillo, TX",metro,39-9011,Childcare Workers,500.0,11.75,24450.0,8.89,9.63,10.59,12.93,18.47,18480.0,20020.0,22020.0,26890.0,38420.0,,
2022,0011180,"Ames, IA",metro,39-9011,Childcare Workers,210.0,11.38,23660.0,9.51,9.85,10.88,13.04,14.07,19780.0,20500.0,22620.0,27120.0,29270.0,,
2022,0011260,"Anchorage, AK",metro,39-9011,Childcare Workers,660.0,15.99,33270.0,11.38,14.44,15.14,17.22,20.29,23660.0,30040.0,31500.0,35820.0,42200.0,,
2022,0011460,"Ann Arbor, MI",metro,39-9011,Childcare Workers,800.0,13.72,28530.0,11.14,11.73,13.61,14.08,17.32,23170.0,24390.0,28300.0,29290.0,36020.0,,
2022,0011500,"Anniston-Oxford-Jacksonville, AL",metro,39-9011,Childcare Workers,120.0,10.41,21660.0,8.18,8.43,9.5,10.82,13.61,17020.0,17540.0,19760.0,22510.0,28300.0,,
2022,0011540,"Appleton, WI",metro,39-9011,Childcare Workers,150.0,12.31,25600.0,10.26,10.86,11.24,13.43,16.16,21330.0,22580.0,23370.0,27930.0,33600.0,,
2022,0011700,"Asheville, NC",metro,39-9011,Childcare Workers,460.0,13.29,27640.0,10.16,10.76,13.4,14.53,16.34,21140.0,22380.0,27870.0,30220.0,33990.0,,
2022,0012020,"Athens-Clarke County, GA",metro,39-9011,Childcare Workers,370.0,12.15,25270.0,9.12,10.23,11.34,13.56,15.56,18970.0,21290.0,23590.0,28210.0,32370.0,,
2022,0012060,"Atlanta-Sandy Springs-Roswell, GA",metro,39-9011,Childcare Workers,8940.0,13.49,28060.0,10.7,11.07,12.55,13.93,17.83,22250.0,23020.0,26110.0,28980.0,37080.0,,
2022,0012100,"Atlantic City-Hammonton, NJ",metro,39-9011,Childcare Workers,250.0,14.68,30540.0,13.0,13.0,14.12,15.22,16.79,27040.0,27040.0,29360.0,31650.0,34930.0,,
2022,0012220,"Auburn-Opelika, AL",metro,39-9011,Childcare Workers,220.0,11.34,23590.0,8.66,9.9,10.42,13.03,15.23,18010.0,20600.0,21670.0,27110.0,31670.0,,
2022,0012260,"Augusta-Richmond County, GA-SC",metro,39-9011,Childcare Workers,890.0,11.34,23600.0,8.64,10.07,10.59,12.75,13.73,17960.0,20950.0,22040.0,26530.0,28570.0,,
2022,0012420,"Austin-Round Rock, TX",metro,39-9011,Childcare Workers,4320.0,13.36,27780.0,10.27,10.95,13.07,14.85,17.16,21360.0,22780.0,27190.0,30890.0,35690.0,,
2022,0012540,"Bakersfield, CA",metro,39-9011,Childcare Workers,680.0,16.82,34980.0,14.23,14.66,16.42,18.48,19.05,29590.0,30490.0,34150.0,38430.0,39620.0,,
2022,0012580,"Baltimore-Columbia-Towson, MD",metro,39-9011,Childcare Workers,3340.0,15.0,31190.0,13.11,13.39,14.0,15.71,18.31,27260.0,27850.0,29120.0,32670.0,38080.0,,
2022,0012940,"Baton Rouge, LA",metro,39-9011,Childcare Workers,2000.0,11.07,23030.0,8.91,9.8,10.31,10.83,13.98,18540.0,20380.0,21440.0,22530.0,29080.0,,
2022,0012980,"Battle Creek, MI",metro,39-9011,Childcare Workers,170.0,13.08,27210.0,10.96,11.21,13.02,13.96,15.01,22790.0,23310.0,27080.0,29040.0,31220.0,,
2022,0013020,"Bay City, MI",metro,39-9011,Childcare Workers,90.0,12.25,25490.0,10.14,11.14,12.43,12.94,13.78,21090.0,23180.0,25860.0,26910.0,28660.0,,
2022,0013140,"Beaumont-Port Arthur, TX",metro,39-9011,Childcare Workers,500.0,11.42,23750.0,8.85,10.41,10.61,12.65,13.66,18400.0,21650.0,22060.0,26310.0,28420.0,,
2022,0013220,"Beckley, WV",metro,39-9011,Childcare Workers,90.0,10.43,21690.0,8.75,9.6,10.45,10.55,12.27,18200.0,19980.0,21740.0,21940.0,25520.0,,
2022,0013380,"Bellingham, WA",metro,39-9011,Childcare Workers,,16.12,33530.0,15.13,15.14,15.67,16.6,17.97,31460.0,31500.0,32590.0,34520.0,37370.0,,
2022,0013460,"Bend-Redmond, OR",metro,39-9011,Childcare Workers,150.0,15.75,32760.0,13.33,14.08,14.73,16.26,19.72,27730.0,29280.0,30630.0,33810.0,41020.0,,
2022,0013740,"Billings, MT",metro,39-9011,Childcare Workers,450.0,12.97,26980.0,10.54,10.89,12.6,14.18,16.2,21910.0,22650.0,26210.0,29490.0,33700.0,,
2022,0013780,"Binghamton, NY",metro,39-9011,Childcare Workers,420.0,14.71,30600.0,13.2,13.46,13.83,15.08,17.07,27460.0,27990.0,28760.0,31370.0,35500.0,,
2022,0013820,"Birmingham-Hoover, AL",metro,39-9011,Childcare Workers,1150.0,11.25,23410.0,8.64,9.18,10.64,12.4,14.39,17970.0,19090.0,22120.0,25790.0,29940.0,,
2022,0013900,"Bismarck, ND",metro,39-9011,Childcare Workers,630.0,13.56,28210.0,11.0,11.54,12.92,15.02,17.15,22880.0,24010.0,26860.0,31230.0,35670.0,,
2022,0013980,"Blacksburg-Christiansburg-Radford, VA",metro,39-9011,Childcare Workers,240.0,12.94,26920.0,11.0,11.0,11.51,13.23,15.81,22880.0,22880.0,23940.0,27510.0,32880.0,,
2022,0014010,"Bloomington, IL",metro,39-9011,Childcare Workers,550.0,13.56,28200.0,12.0,12.74,12.89,14.03,14.85,24960.0,26500.0,26800.0,29180.0,30880.0,,
2022,0014020,"Bloomington, IN",metro,39-9011,Childcare Workers,190.0,12.19,25360.0,8.85,10.3,12.07,13.71,14.45,18410.0,21430.0,25100.0,28520.0,30050.0,,
2022,0014100,"Bloomsburg-Berwick, PA",metro,39-9011,Childcare Workers,130.0,12.37,25730.0,10.0,10.51,11.47,13.24,16.36,20790.0,21850.0,23850.0,27550.0,34020.0,,
2022,0014260,"Boise City, ID",metro,39-9011,Childcare Workers,1060.0,11.92,24800.0,9.04,10.11,10.64,13.42,15.87,18800.0,21040.0,22130.0,27910.0,33010.0,,
2022,0014500,"Boulder, CO",metro,39-9011,Childcare Workers,620.0,17.62,36650.0,14.72,15.27,17.25,18.98,21.0,30620.0,31770.0,35880.0,39480.0,43680.0,,
2022,0014540,"Bowling Green, KY",metro,39-9011,Childcare Workers,400.0,11.38,23660.0,8.71,8.96,11.1,12.98,13.49,18110.0,18650.0,23090.0,26990.0,28060.0,,
2022,0015180,"Brownsville-Harlingen, TX",metro,39-9011,Childcare Workers,2380.0,15.02,31250.0,8.99,10.63,17.69,18.46,19.07,18700.0,22100.0,36790.0,38390.0,39670.0,,
2022,0015260,"Brunswick, GA",metro,39-9011,Childcare Workers,160.0,11.81,24570.0,8.68,10.37,10.89,12.93,15.35,18050.0,21560.0,22660.0,26900.0,31930.0,,
2022,0015380,"Buffalo-Cheektowaga-Niagara Falls, NY",metro,39-9011,Childcare Workers,2230.0,15.53,32290.0,13.52,13.9,14.29,16.18,19.25,28120.0,28920.0,29730.0,33660.0,40040.0,,
2022,0015500,"Burlington, NC",metro,39-9011,Childcare Workers,170.0,12.2,25370.0,9.82,9.99,10.86,13.79,15.57,20430.0,20770.0,22590.0,28680.0,32380.0,,
2022,0015680,"California-Lexington Park, MD",metro,39-9011,Childcare Workers,90.0,14.08,29280.0,12.69,12.75,13.3,13.91,17.27,26390.0,26510.0,27650.0,28930.0,35920.0,,
2022,0015940,"Canton-Massillon, OH",metro,39-9011,Childcare Workers,360.0,12.24,25470.0,9.76,10.21,11.28,13.9,15.86,20290.0,21250.0,23460.0,28910.0,32980.0,,
2022,0015980,"Cape Coral-Fort Myers, FL",metro,39-9011,Childcare Workers,560.0,13.6,28290.0,10.88,11.51,13.57,14.38,16.2,22620.0,23930.0,28230.0,29920.0,33690.0,,
2022,0016020,"Cape Girardeau, MO-IL",metro,39-9011,Childcare Workers,240.0,12.86,26750.0,11.15,11.15,12.77,13.72,14.15,23190.0,23190.0,26570.0,28550.0,29420.0,,
2022,0016060,"Carbondale-Marion, IL",metro,39-9011,Childcare Workers,200.0,13.07,27190.0,12.0,12.0,12.67,12.82,15.1,24960.0,24960.0,26350.0,26660.0,31400.0,,
2022,0016180,"Carson City, NV",metro,39-9011,Childcare Workers,50.0,14.94,31080.0,9.17,11.5,14.2,18.33,19.56,19080.0,23920.0,29540.0,38130.0,40690.0,,
2022,0016220,"Casper, WY",metro,39-9011,Childcare Workers,130.0,12.59,26180.0,9.53,10.82,11.98,13.5,15.28,19820.0,22510.0,24920.0,28090.0,31780.0,,
2022,0016300,"Cedar Rapids, IA",metro,39-9011,Childcare Workers,630.0,12.42,25820.0,9.82,10.62,12.07,13.57,15.06,20420.0,22090.0,25100.0,28220.0,31330.0,,
2022,0016540,"Chambersburg-Waynesboro, PA",metro,39-9011,Childcare Workers,170.0,11.99,24930.0,9.61,10.61,12.35,13.29,13.59,19980.0,22060.0,25690.0,27640.0,28270.0,,
2022,0016580,"Champaign-Urbana, IL",metro,39-9011,Childcare Workers,440.0,13.85,28800.0,12.0,12.47,13.13,13.7,16.79,24960.0,25950.0,27310.0,28500.0,34920.0,,
2022,0016620,"Charleston, WV",metro,39-9011,Childcare Workers,200.0,10.79,22440.0,9.0,9.85,10.8,11.31,12.93,18720.0,20490.0,22460.0,23530.0,26890.0,,
2022,0016700,"Charleston-North Charleston, SC",metro,39-9011,Childcare Workers,1560.0,12.54,26090.0,10.15,10.62,10.96,13.99,16.62,21110.0,22090.0,22810.0,29090.0,34570.0,,
2022,0016740,"Charlotte-Concord-Gastonia, NC-SC",metro,39-9011,Childcare Workers,3310.0,13.27,27600.0,9.9,10.55,13.68,15.0,16.38,20600.0,21950.0,28450.0,31200.0,34070.0,,
2022,0016820,"Charlottesville, VA",metro,39-9011,Childcare Workers,360.0,13.7,28490.0,11.0,11.6,12.55,14.4,18.56,22880.0,24120.0,26100.0,29950.0,38600.0,,
2022,0016860,"Chattanooga, TN-GA",metro,39-9011,Childcare Workers,660.0,11.98,24910.0,9.03,10.31,10.88,12.68,14.88,18780.0,21440.0,22640.0,26370.0,30950.0,,
2022,0016940,"Cheyenne, WY",metro,39-9011,Childcare Workers,120.0,12.01,24980.0,10.35,10.68,10.78,13.16,16.44,21540.0,22210.0,22420.0,27360.0,34190.0,,
2022,0016980,"Chicago-Naperville-Elgin, IL-IN-WI",metro,39-9011,Childcare Workers,16840.0,15.3,31830.0,12.0,13.08,14.19,17.01,19.67,24960.0,27200.0,29510.0,35380.0,40920.0,,
2022,0017020,"Chico, CA",metro,39-9011,Childcare Workers,220.0,16.8,34950.0,14.22,14.89,16.51,17.7,20.66,29570.0,30980.0,34350.0,36810.0,42970.0,,
2022,0017140,"Cincinnati, OH-KY-IN",metro,39-9011,Childcare Workers,3360.0,13.59,28260.0,10.19,11.51,13.47,14.89,16.9,21200.0,23940.0,28020.0,30970.0,35160.0,,
2022,0017300,"Clarksville, TN-KY",metro,39-9011,Childcare Workers,590.0,11.53,23980.0,8.88,10.18,11.04,13.12,13.84,18460.0,21170.0,22960.0,27290.0,28790.0,,
2022,0017420,"Cleveland, TN",metro,39-9011,Childcare Workers,140.0,11.25,23410.0,8.7,10.02,10.66,13.13,13.87,18090.0,20830.0,22160.0,27320.0,28850.0,,
2022,0017460,"Cleveland-Elyria, OH",metro,39-9011,Childcare Workers,2180.0,13.88,28870.0,10.45,11.05,13.52,14.93,19.07,21730.0,22990.0,28120.0,31050.0,39670.0,,
2022,0017660,"Coeur d'Alene, ID",metro,39-9011,Childcare Workers,190.0,12.04,25040.0,9.71,9.92,10.62,13.24,17.05,20190.0,20640.0,22090.0,27540.0,35450.0,,
2022,0017780,"College Station-Bryan, TX",metro,39-9011,Childcare Workers,590.0,10.89,22640.0,9.09,9.74,10.51,10.7,13.83,18900.0,20260.0,21860.0,22260.0,28770.0,,
2022,0017820,"Colorado Springs, CO",metro,39-9011,Childcare Workers,730.0,15.6,32440.0,13.94,14.46,15.0,16.76,17.4,28990.0,30090.0,31200.0,34860.0,36180.0,,
2022,0017860,"Columbia, MO",metro,39-9011,Childcare Workers,570.0,13.98,29070.0,11.15,11.69,13.13,15.03,18.91,23190.0,24310.0,27310.0,31270.0,39330.0,,
2022,0017900,"Columbia, SC",metro,39-9011,Childcare Workers,900.0,11.9,24760.0,9.44,10.15,11.15,13.27,14.61,19620.0,21100.0,23200.0,27600.0,30390.0,,
2022,0017980,"Columbus, GA-AL",metro,39-9011,Childcare Workers,450.0,11.03,22940.0,8.37,9.45,10.5,12.58,13.42,17400.0,19660.0,21830.0,26160.0,27920.0,,
2022,0018140,"Columbus, OH",metro,39-9011,Childcare Workers,3470.0,14.6,30370.0,10.34,12.77,13.49,15.51,19.32,21500.0,26570.0,28050.0,32260.0,40190.0,,
2022,0018580,"Corpus Christi, TX",metro,39-9011,Childcare Workers,860.0,12.4,25800.0,9.35,10.14,10.88,13.72,19.07,19450.0,21090.0,22630.0,28530.0,39670.0,,
2022,0018700,"Corvallis, OR",metro,39-9011,Childcare Workers,60.0,14.83,30840.0,13.35,13.35,14.37,15.2,17.49,27760.0,27760.0,29900.0,31610.0,36380.0,,
2022,0018880,"Crestview-Fort Walton Beach-Destin, FL",metro,39-9011,Childcare Workers,320.0,13.35,27760.0,10.87,11.09,13.47,14.27,16.83,22610.0,23070.0,28020.0,29680.0,35010.0,,
2022,0019060,"Cumberland, MD-WV",metro,39-9011,Childcare Workers,70.0,12.17,25300.0,10.25,10.45,12.5,12.8,14.0,21320.0,21730.0,26000.0,26630.0,29120.0,,
2022,0019100,"Dallas-Fort Worth-Arlington, TX",metro,39-9011,Childcare Workers,12220.0,12.84,26720.0,10.58,10.93,12.58,14.07,16.38,22000.0,22720.0,26160.0,29260.0,34070.0,,
2022,0019140,"Dalton, GA",metro,39-9011,Childcare Workers,120.0,10.69,22240.0,8.49,8.49,10.35,11.45,14.16,17660.0,17660.0,21530.0,23810.0,29460.0,,
2022,0019180,"Danville, IL",metro,39-9011,Childcare Workers,150.0,12.69,26400.0,12.0,12.0,12.0,13.0,15.18,24960.0,24960.0,24960.0,27040.0,31570.0,,
2022,0019300,"Daphne-Fairhope-Foley, AL",metro,39-9011,Childcare Workers,190.0,10.93,22730.0,8.41,8.65,10.39,11.43,14.18,17490.0,17990.0,21600.0,23770.0,29480.0,,
2022,0019340,"Davenport-Moline-Rock Island, IA-IL",metro,39-9011,Childcare Workers,610.0,13.14,27330.0,10.27,12.0,12.66,14.29,15.64,21370.0,24960.0,26330.0,29730.0,32540.0,,
2022,0019380,"Dayton, OH",metro,39-9011,Childcare Workers,770.0,12.85,26720.0,10.13,10.49,12.75,14.57,16.07,21070.0,21820.0,26520.0,30300.0,33420.0,,
2022,0019460,"Decatur, AL",metro,39-9011,Childcare Workers,100.0,10.9,22680.0,8.42,9.98,10.56,10.83,13.91,17510.0,20750.0,21960.0,22520.0,28930.0,,
2022,0019500,"Decatur, IL",metro,39-9011,Childcare Workers,130.0,13.98,29080.0,12.0,12.79,13.36,13.99,17.04,24960.0,26590.0,27780.0,29090.0,35440.0,,
2022,0019660,"Deltona-Daytona Beach-Ormond Beach, FL",metro,39-9011,Childcare Workers,630.0,12.57,26140.0,10.31,10.59,11.71,13.92,15.64,21440.0,22030.0,24350.0,28960.0,32520.0,,
2022,0019740,"Denver-Aurora-Lakewood, CO",metro,39-9011,Childcare Workers,4820.0,17.07,35510.0,14.23,14.76,17.23,18.11,19.47,29600.0,30710.0,35830.0,37660.0,40490.0,,
2022,0019780,"Des Moines-West Des Moines, IA",metro,39-9011,Childcare Workers,1420.0,12.33,25650.0,9.43,10.54,11.72,13.58,15.09,19620.0,21910.0,24370.0,28240.0,31400.0,,
2022,0019820,"Detroit-Warren-Dearborn, MI",metro,39-9011,Childcare Workers,6920.0,13.83,28770.0,11.17,11.52,13.51,14.43,18.09,23240.0,23970.0,28100.0,30010.0,37620.0,,
2022,0020020,"Dothan, AL",metro,39-9011,Childcare Workers,170.0,9.48,19720.0,8.03,8.31,8.41,9.93,12.27,16700.0,17280.0,17500.0,20660.0,25520.0,,
2022,0020100,"Dover, DE",metro,39-9011,Childcare Workers,120.0,12.91,26840.0,10.73,11.05,11.68,12.99,15.26,22310.0,22980.0,24300.0,27020.0,31740.0,,
2022,0020220,"Dubuque, IA",metro,39-9011,Childcare Workers,180.0,12.2,25370.0,9.7,10.35,11.03,13.27,15.71,20170.0,21520.0,22950.0,27610.0,32680.0,,
2022,0020260,"Duluth, MN-WI",metro,39-9011,Childcare Workers,320.0,12.91,26860.0,10.87,11.49,12.37,13.33,15.76,22600.0,23900.0,25730.0,27730.0,32780.0,,
2022,0020500,"Durham-Chapel Hill, NC",metro,39-9011,Childcare Workers,590.0,14.48,30120.0,10.65,11.9,14.81,16.15,17.38,22140.0,24750.0,30810.0,33580.0,36150.0,,
2022,0020700,"East Stroudsburg, PA",metro,39-9011,Childcare Workers,180.0,12.18,25330.0,10.13,10.72,12.22,13.07,13.62,21060.0,22310.0,25420.0,27190.0,28320.0,,
2022,0020740,"Eau Claire, WI",metro,39-9011,Childcare Workers,100.0,12.33,25640.0,9.4,10.64,11.5,13.53,16.19,19550.0,22140.0,23930.0,28140.0,33680.0,,
2022,0020940,"El Centro, CA",metro,39-9011,Childcare Workers,140.0,17.56,36530.0,14.15,15.15,16.81,17.3,21.56,29440.0,31520.0,34970.0,35990.0,44840.0,,
2022,0021060,"Elizabethtown-Fort Knox, KY",metro,39-9011,Childcare Workers,350.0,11.87,24690.0,8.72,9.24,12.51,13.1,15.35,18140.0,19210.0,26020.0,27240.0,31940.0,,
2022,0021140,"Elkhart-Goshen, IN",metro,39-9011,Childcare Workers,110.0,13.88,28880.0,9.74,10.87,12.89,14.47,24.69,20260.0,22610.0,26800.0,30100.0,51360.0,,
2022,0021300,"Elmira, NY",metro,39-9011,Childcare Workers,100.0,14.56,30290.0,13.2,13.4,13.71,14.48,16.98,27460.0,27870.0,28520.0,30120.0,35310.0,,
2022,0021340,"El Paso, TX",metro,39-9011,Childcare Workers,1100.0,11.05,22990.0,8.73,9.08,10.07,12.38,17.08,18160.0,18880.0,20950.0,25750.0,35530.0,,
2022,0021420,"Enid, OK",metro,39-9011,Childcare Workers,100.0,10.86,22590.0,8.71,9.37,10.16,11.94,13.59,18120.0,19490.0,21130.0,24840.0,28270.0,,
2022,0021500,"Erie, PA",metro,39-9011,Childcare Workers,420.0,11.93,24810.0,9.49,10.28,11.16,13.01,14.3,19740.0,21380.0,23220.0,27070.0,29740.0,,
2022,0021660,"Eugene, OR",metro,39-9011,Childcare Workers,210.0,15.66,32560.0,13.64,13.91,14.35,16.74,19.54,28370.0,28930.0,29850.0,34820.0,40650.0,,
2022,0021780,"Evansville, IN-KY",metro,39-9011,Childcare Workers,550.0,11.94,24830.0,8.87,10.55,11.0,13.73,14.68,18450.0,21940.0,22880.0,28560.0,30530.0,,
2022,0021820,"Fairbanks, AK",metro,39-9011,Childcare Workers,90.0,16.26,33820.0,14.09,14.27,14.85,18.35,20.48,29310.0,29680.0,30880.0,38170.0,42590.0,,
2022,0022020,"Fargo, ND-MN",metro,39-9011,Childcare Workers,1500.0,13.8,28710.0,11.27,12.28,12.84,15.44,17.13,23440.0,25540.0,26700.0,32120.0,35630.0,,
2022,0022140,"Farmington, NM",metro,39-9011,Childcare Workers,110.0,13.11,27270.0,11.5,11.5,12.13,13.01,17.89,23920.0,23920.0,25220.0,27050.0,37210.0,,
2022,0022180,"Fayetteville, NC",metro,39-9011,Childcare Workers,350.0,12.0,24970.0,9.59,10.16,11.44,13.58,14.91,19950.0,21130.0,23800.0,28240.0,31010.0,,
2022,0022220,"Fayetteville-Springdale-Rogers, AR-MO",metro,39-9011,Childcare Workers,1130.0,12.96,26950.0,11.53,12.11,12.65,13.69,14.5,23990.0,25180.0,26310.0,28460.0,30170.0,,
2022,0022380,"Flagstaff, AZ",metro,39-9011,Childcare Workers,80.0,15.54,32320.0,13.74,13.97,15.13,16.31,17.22,28580.0,29060.0,31470.0,33930.0,35820.0,,
2022,0022420,"Flint, MI",metro,39-9011,Childcare Workers,550.0,12.67,26360.0,10.67,11.07,12.61,13.43,14.75,22190.0,23030.0,26220.0,27940.0,30680.0,,
2022,0022500,"Florence, SC",metro,39-9011,Childcare Workers,320.0,11.6,24120.0,8.89,10.1,10.57,13.11,14.18,18480.0,21010.0,21990.0,27270.0,29500.0,,
2022,0022520,"Florence-Muscle Shoals, AL",metro,39-9011,Childcare Workers,140.0,10.29,21400.0,8.12,8.4,9.94,10.49,13.48,16890.0,17480.0,20680.0,21830.0,28040.0,,
2022,0022660,"Fort Collins, CO",metro,39-9011,Childcare Workers,380.0,16.2,33690.0,14.19,14.55,15.62,17.36,18.37,29510.0,30260.0,32480.0,36110.0,38220.0,,
2022,0022900,"Fort Smith, AR-OK",metro,39-9011,Childcare Workers,400.0,11.91,24770.0,9.5,11.15,11.7,12.49,13.89,19760.0,23180.0,24340.0,25980.0,28900.0,,
2022,0023060,"Fort Wayne, IN",metro,39-9011,Childcare Workers,530.0,12.14,25250.0,8.26,10.3,11.77,13.67,15.12,17180.0,21430.0,24490.0,28430.0,31440.0,,
2022,0023420,"Fresno, CA",metro,39-9011,Childcare Workers,590.0,17.3,35970.0,14.35,15.23,16.93,18.94,19.72,29840.0,31680.0,35220.0,39400.0,41010.0,,
2022,0023540,"Gainesville, FL",metro,39-9011,Childcare Workers,500.0,12.91,26850.0,10.58,11.16,11.7,13.94,16.32,22010.0,23210.0,24330.0,28990.0,33940.0,,
2022,0023580,"Gainesville, GA",metro,39-9011,Childcare Workers,330.0,12.53,26050.0,10.15,10.75,11.68,14.07,14.59,21100.0,22350.0,24280.0,29270.0,30340.0,,
2022,0023900,"Gettysburg, PA",metro,39-9011,Childcare Workers,100.0,13.28,27630.0,10.89,11.19,13.43,13.86,15.66,22650.0,23260.0,27940.0,28820.0,32560.0,,
2022,0024020,"Glens Falls, NY",metro,39-9011,Childcare Workers,170.0,14.56,30280.0,13.2,13.43,13.97,15.26,16.85,27460.0,27930.0,29050.0,31740.0,35050.0,,
2022,0024140,"Goldsboro, NC",metro,39-9011,Childcare Workers,100.0,11.6,24130.0,9.85,10.14,10.58,12.93,13.52,20490.0,21080.0,22010.0,26900.0,28130.0,,
2022,0024220,"Grand Forks, ND-MN",metro,39-9011,Childcare Workers,300.0,13.71,28520.0,10.98,11.2,12.51,14.56,17.14,22840.0,23300.0,26020.0,30290.0,35660.0,,
2022,0024260,"Grand Island, NE",metro,39-9011,Childcare Workers,230.0,12.92,26870.0,10.37,10.74,12.42,13.58,17.42,21560.0,22330.0,25830.0,28250.0,36240.0,,
2022,0024300,"Grand Junction, CO",metro,39-9011,Childcare Workers,190.0,14.95,31100.0,13.63,13.7,14.35,15.56,16.99,28350.0,28490.0,29860.0,32360.0,35340.0,,
2022,0024340,"Grand Rapids-Wyoming, MI",metro,39-9011,Childcare Workers,2460.0,13.4,27870.0,10.9,11.28,12.94,14.06,17.3,22670.0,23470.0,26920.0,29250.0,35980.0,,
2022,0024420,"Grants Pass, OR",metro,39-9011,Childcare Workers,50.0,14.96,31110.0,13.09,13.09,13.96,15.5,18.2,27230.0,27230.0,29040.0,32240.0,37850.0,,
2022,0024500,"Great Falls, MT",metro,39-9011,Childcare Workers,220.0,12.77,26570.0,10.17,10.47,13.11,13.91,15.35,21160.0,21770.0,27270.0,28930.0,31920.0,,
2022,0024540,"Greeley, CO",metro,39-9011,Childcare Workers,290.0,15.94,33150.0,14.34,14.64,15.76,16.8,17.4,29830.0,30440.0,32770.0,34940.0,36200.0,,
2022,0024580,"Green Bay, WI",metro,39-9011,Childcare Workers,210.0,12.97,26980.0,10.31,10.8,12.94,14.36,15.43,21440.0,22470.0,26910.0,29870.0,32090.0,,
2022,0024660,"Greensboro-High Point, NC",metro,39-9011,Childcare Workers,950.0,12.8,26620.0,10.03,10.45,13.47,14.33,15.47,20870.0,21730.0,28010.0,29800.0,32180.0,,
2022,0024780,"Greenville, NC",metro,39-9011,Childcare Workers,150.0,11.52,23970.0,9.27,9.9,10.92,13.29,14.09,19270.0,20590.0,22710.0,27650.0,29300.0,,
2022,0024860,"Greenville-Anderson-Mauldin, SC",metro,39-9011,Childcare Workers,1550.0,11.86,24670.0,8.86,10.3,10.83,13.24,14.39,18430.0,21430.0,22520.0,27530.0,29920.0,,
2022,0025060,"Gulfport-Biloxi-Pascagoula, MS",metro,39-9011,Childcare Workers,810.0,10.23,21270.0,8.29,8.64,9.83,10.38,12.99,17240.0,17960.0,20450.0,21590.0,27010.0,,
2022,0025180,"Hagerstown-Martinsburg, MD-WV",metro,39-9011,Childcare Workers,150.0,13.2,27450.0,10.24,12.5,12.66,13.52,17.77,21300.0,26000.0,26330.0,28130.0,36950.0,,
2022,0025220,"Hammond, LA",metro,39-9011,Childcare Workers,440.0,9.94,20680.0,8.59,8.69,9.87,10.31,12.95,17860.0,18060.0,20530.0,21440.0,26930.0,,
2022,0025260,"Hanford-Corcoran, CA",metro,39-9011,Childcare Workers,90.0,17.33,36050.0,14.69,14.85,16.64,18.22,21.5,30560.0,30890.0,34620.0,37900.0,44720.0,,
2022,0025420,"Harrisburg-Carlisle, PA",metro,39-9011,Childcare Workers,880.0,12.55,26100.0,10.23,10.81,13.07,13.57,14.08,21280.0,22480.0,27180.0,28230.0,29290.0,,
2022,0025500,"Harrisonburg, VA",metro,39-9011,Childcare Workers,110.0,12.53,26070.0,11.0,11.16,11.76,13.56,14.5,22880.0,23220.0,24470.0,28210.0,30170.0,,
2022,0025620,"Hattiesburg, MS",metro,39-9011,Childcare Workers,230.0,9.39,19540.0,8.09,8.14,8.44,10.41,11.23,16820.0,16930.0,17550.0,21660.0,23350.0,,
2022,0025860,"Hickory-Lenoir-Morganton, NC",metro,39-9011,Childcare Workers,230.0,12.23,25440.0,10.16,10.67,11.61,13.72,14.52,21140.0,22200.0,24160.0,28530.0,30210.0,,
2022,0025940,"Hilton Head Island-Bluffton-Beaufort, SC",metro,39-9011,Childcare Workers,160.0,12.16,25290.0,9.25,10.45,11.86,14.63,14.97,19250.0,21730.0,24670.0,30420.0,31140.0,,
2022,0025980,"Hinesville, GA",metro,39-9011,Childcare Workers,110.0,11.1,23090.0,8.79,10.04,10.48,12.96,13.21,18280.0,20880.0,21790.0,26960.0,27480.0,,
2022,0026300,"Hot Springs, AR",metro,39-9011,Childcare Workers,150.0,12.45,25890.0,11.05,11.34,11.91,13.22,13.92,22980.0,23590.0,24760.0,27490.0,28950.0,,
2022,0026380,"Houma-Thibodaux, LA",metro,39-9011,Childcare Workers,240.0,10.14,21080.0,8.8,8.98,9.54,10.47,12.27,18310.0,18680.0,19840.0,21780.0,25530.0,,
2022,0026420,"Houston-The Woodlands-Sugar Land, TX",metro,39-9011,Childcare Workers,10300.0,12.35,25700.0,10.43,10.61,11.11,13.26,15.29,21690.0,22070.0,23110.0,27580.0,31810.0,,
2022,0026580,"Huntington-Ashland, WV-KY-OH",metro,39-9011,Childcare Workers,420.0,11.01,22900.0,8.89,9.78,10.88,11.64,13.45,18490.0,20340.0,22630.0,24210.0,27970.0,,
2022,0026620,"Huntsville, AL",metro,39-9011,Childcare Workers,470.0,12.55,26100.0,8.77,10.2,11.31,13.78,16.3,18230.0,21220.0,23520.0,28660.0,33910.0,,
2022,0026820,"Idaho Falls, ID",metro,39-9011,Childcare Workers,250.0,12.49,25990.0,9.47,10.39,11.58,14.47,16.27,19700.0,21620.0,24090.0,30100.0,33850.0,,
2022,0026900,"Indianapolis-Carmel-Anderson, IN",metro,39-9011,Childcare Workers,3390.0,12.7,26420.0,9.67,10.62,12.37,14.07,16.19,20120.0,22090.0,25730.0,29260.0,33670.0,,
2022,0026980,"Iowa City, IA",metro,39-9011,Childcare Workers,510.0,12.02,25010.0,8.86,10.51,12.33,13.33,14.97,18420.0,21860.0,25640.0,27730.0,31140.0,,
2022,0027060,"Ithaca, NY",metro,39-9011,Childcare Workers,300.0,16.23,33760.0,14.36,15.09,15.35,16.9,19.12,29880.0,31390.0,31930.0,35150.0,39770.0,,
2022,0027100,"Jackson, MI",metro,39-9011,Childcare Workers,280.0,12.84,26700.0,10.76,11.05,12.36,13.6,16.92,22380.0,22990.0,25710.0,28280.0,35190.0,,
2022,0027140,"Jackson, MS",metro,39-9011,Childcare Workers,1400.0,10.22,21270.0,8.17,8.8,9.84,10.24,12.58,16990.0,18300.0,20460.0,21300.0,26170.0,,
2022,0027180,"Jackson, TN",metro,39-9011,Childcare Workers,200.0,10.53,21900.0,7.86,8.93,10.31,11.1,13.82,16360.0,18570.0,21440.0,23090.0,28750.0,,
2022,0027260,"Jacksonville, FL",metro,39-9011,Childcare Workers,1780.0,12.85,26740.0,10.41,10.66,13.02,13.98,15.8,21650.0,22170.0,27080.0,29070.0,32860.0,,
2022,0027340,"Jacksonville, NC",metro,39-9011,Childcare Workers,160.0,12.36,25710.0,9.7,10.35,12.13,13.65,15.01,20170.0,21530.0,25230.0,28390.0,31230.0,,
2022,0027620,"Jefferson City, MO",metro,39-9011,Childcare Workers,420.0,12.56,26130.0,11.15,11.15,11.8,13.26,13.64,23190.0,23190.0,24550.0,27570.0,28370.0,,
2022,0027740,"Johnson City, TN",metro,39-9011,Childcare Workers,130.0,11.23,23350.0,8.69,9.43,10.46,11.75,14.56,18080.0,19610.0,21750.0,24440.0,30280.0,,
2022,0027780,"Johnstown, PA",metro,39-9011,Childcare Workers,290.0,10.38,21580.0,8.47,8.68,10.66,11.07,12.44,17610.0,18050.0,22160.0,23020.0,25860.0,,
2022,0027860,"Jonesboro, AR",metro,39-9011,Childcare Workers,310.0,12.83,26680.0,11.1,11.65,13.05,13.79,14.03,23080.0,24230.0,27140.0,28680.0,29190.0,,
2022,0027900,"Joplin, MO",metro,39-9011,Childcare Workers,280.0,12.99,27030.0,11.15,11.15,12.58,13.87,16.8,23190.0,23190.0,26160.0,28840.0,34950.0,,
2022,0027980,"Kahului-Wailuku-Lahaina, HI",metro,39-9011,Childcare Workers,170.0,15.41,32050.0,12.48,13.84,14.12,16.25,19.05,25950.0,28790.0,29370.0,33800.0,39630.0,,
2022,0028020,"Kalamazoo-Portage, MI",metro,39-9011,Childcare Workers,620.0,12.81,26640.0,10.78,11.1,12.25,13.6,15.25,22410.0,23090.0,25470.0,28280.0,31720.0,,
2022,0028100,"Kankakee, IL",metro,39-9011,Childcare Workers,230.0,13.27,27600.0,12.0,12.51,13.18,13.4,13.72,24960.0,26010.0,27420.0,27870.0,28530.0,,
2022,0028140,"Kansas City, MO-KS",metro,39-9011,Childcare Workers,4440.0,13.55,28190.0,10.66,11.54,13.55,14.11,16.86,22170.0,24000.0,28190.0,29340.0,35060.0,,
2022,0028420,"Kennewick-Richland, WA",metro,39-9011,Childcare Workers,240.0,17.0,35370.0,14.63,15.11,16.09,16.35,24.05,30440.0,31440.0,33460.0,34010.0,50030.0,,
2022,0028660,"Killeen-Temple, TX",metro,39-9011,Childcare Workers,670.0,11.14,23180.0,8.84,10.12,10.38,12.11,13.56,18390.0,21050.0,21600.0,25190.0,28200.0,,
2022,0028700,"Kingsport-Bristol-Bristol, TN-VA",metro,39-9011,Childcare Workers,170.0,11.66,24250.0,9.82,10.38,11.0,13.28,13.83,20430.0,21580.0,22880.0,27620.0,28760.0,,
2022,0028740,"Kingston, NY",metro,39-9011,Childcare Workers,370.0,15.49,32210.0,13.43,14.23,14.8,16.38,17.63,27940.0,29590.0,30790.0,34060.0,36660.0,,
2022,0028940,"Knoxville, TN",metro,39-9011,Childcare Workers,1530.0,11.21,23310.0,8.31,9.0,10.88,13.7,14.29,17280.0,18710.0,22620.0,28490.0,29720.0,,
2022,0029020,"Kokomo, IN",metro,39-9011,Childcare Workers,90.0,11.79,24530.0,8.93,9.42,11.42,13.75,14.19,18570.0,19600.0,23760.0,28610.0,29500.0,,
2022,0029100,"La Crosse-Onalaska, WI-MN",metro,39-9011,Childcare Workers,270.0,11.5,23920.0,9.75,9.75,11.22,12.49,15.6,20280.0,20280.0,23350.0,25970.0,32450.0,,
2022,0029180,"Lafayette, LA",metro,39-9011,Childcare Workers,1300.0,10.6,22040.0,8.68,8.88,10.0,10.59,13.82,18050.0,18470.0,20800.0,22030.0,28740.0,,
2022,0029200,"Lafayette-West Lafayette, IN",metro,39-9011,Childcare Workers,310.0,13.09,27230.0,10.22,11.02,13.26,13.78,16.92,21260.0,22930.0,27580.0,28660.0,35190.0,,
2022,0029340,"Lake Charles, LA",metro,39-9011,Childcare Workers,290.0,10.4,21630.0,8.82,9.28,10.06,10.32,13.26,18340.0,19300.0,20930.0,21460.0,27580.0,,
2022,0029420,"Lake Havasu City-Kingman, AZ",metro,39-9011,Childcare Workers,110.0,15.08,31360.0,12.95,13.46,13.97,16.63,17.52,26940.0,28010.0,29060.0,34590.0,36440.0,,
2022,0029460,"Lakeland-Winter Haven, FL",metro,39-9011,Childcare Workers,510.0,13.13,27310.0,10.68,10.95,13.07,14.09,16.44,22210.0,22770.0,27180.0,29310.0,34200.0,,
2022,0029540,"Lancaster, PA",metro,39-9011,Childcare Workers,560.0,12.68,26370.0,10.02,10.8,12.86,13.58,14.68,20850.0,22470.0,26750.0,28250.0,30540.0,,
2022,0029620,"Lansing-East Lansing, MI",metro,39-9011,Childcare Workers,780.0,13.23,27520.0,11.13,11.5,13.01,13.8,16.2,23140.0,23910.0,27060.0,28700.0,33690.0,,
2022,0029700,"Laredo, TX",metro,39-9011,Childcare Workers,350.0,10.31,21450.0,8.5,9.33,9.68,10.61,12.86,17680.0,19410.0,20130.0,22070.0,26760.0,,
2022,0029740,"Las Cruces, NM",metro,39-9011,Childcare Workers,200.0,12.37,25730.0,11.5,11.5,12.0,12.7,13.38,23920.0,23920.0,24960.0,26410.0,27840.0,,
2022,0029820,"Las Vegas-Henderson-Paradise, NV",metro,39-9011,Childcare Workers,1340.0,13.45,27970.0,10.2,11.38,12.48,14.18,17.58,21210.0,23670.0,25960.0,29490.0,36570.0,,
2022,0029940,"Lawrence, KS",metro,39-9011,Childcare Workers,280.0,11.17,23240.0,9.58,9.9,10.37,12.73,13.74,19920.0,20600.0,21560.0,26480.0,28590.0,,
2022,0030020,"Lawton, OK",metro,39-9011,Childcare Workers,180.0,10.58,22010.0,8.62,8.92,10.75,11.01,13.3,17930.0,18560.0,22360.0,22900.0,27670.0,,
2022,0030140,"Lebanon, PA",metro,39-9011,Childcare Workers,160.0,12.25,25480.0,9.97,10.8,12.99,13.36,13.44,20730.0,22470.0,27010.0,27800.0,27960.0,,
2022,0030300,"Lewiston, ID-WA",metro,39-9011,Childcare Workers,90.0,12.4,25790.0,9.91,10.2,10.38,14.49,17.27,20620.0,21210.0,21590.0,30140.0,35930.0,,
2022,0030460,"Lexington-Fayette, KY",metro,39-9011,Childcare Workers,1660.0,12.68,26360.0,9.23,10.35,13.03,14.22,15.69,19190.0,21530.0,27090.0,29570.0,32620.0,,
2022,0030620,"Lima, OH",metro,39-9011,Childcare Workers,100.0,13.71,28520.0,9.82,11.3,13.65,15.46,17.68,20430.0,23500.0,28400.0,32150.0,36780.0,,
2022,0030700,"Lincoln, NE",metro,39-9011,Childcare Workers,1520.0,13.98,29070.0,10.7,11.25,13.31,15.64,18.79,22260.0,23400.0,27680.0,32520.0,39090.0,,
2022,0030780,"Little Rock-North Little Rock-Conway, AR",metro,39-9011,Childcare Workers,1410.0,12.93,26890.0,11.46,11.8,12.69,13.44,14.51,23850.0,24550.0,26400.0,27960.0,30180.0,,
2022,0030860,"Logan, UT-ID",metro,39-9011,Childcare Workers,220.0,12.5,26000.0,9.34,11.09,11.96,13.99,15.01,19420.0,23070.0,24880.0,29110.0,31210.0,,
2022,0030980,"Longview, TX",metro,39-9011,Childcare Workers,350.0,11.2,23300.0,8.76,9.7,10.22,12.46,14.46,18220.0,20170.0,21250.0,25910.0,30070.0,,
2022,0031020,"Longview, WA",metro,39-9011,Childcare Workers,40.0,17.34,36080.0,14.61,15.48,17.4,18.62,19.54,30380.0,32200.0,36200.0,38720.0,40650.0,,
2022,0031080,"Los Angeles-Long Beach-Anaheim, CA",metro,39-9011,Childcare Workers,8340.0,17.39,36160.0,15.0,15.19,16.0,18.04,20.82,31200.0,31600.0,33280.0,37530.0,43310.0,,
2022,0031140,"Louisville/Jefferson County, KY-IN",metro,39-9011,Childcare Workers,3180.0,12.98,27000.0,9.89,10.22,13.05,14.1,16.3,20580.0,21260.0,27140.0,29330.0,33900.0,,
2022,0031180,"Lubbock, TX",metro,39-9011,Childcare Workers,710.0,11.32,23540.0,8.65,9.93,10.62,12.77,14.33,18000.0,20660.0,22090.0,26560.0,29800.0,,
2022,0031340,"Lynchburg, VA",metro,39-9011,Childcare Workers,220.0,11.98,24910.0,11.0,11.0,11.09,12.62,13.64,22880.0,22880.0,23070.0,26240.0,28370.0,,
2022,0031420,"Macon, GA",metro,39-9011,Childcare Workers,340.0,11.85,24650.0,8.59,10.19,10.81,13.18,14.65,17860.0,21190.0,22490.0,27410.0,30460.0,,
2022,0031540,"Madison, WI",metro,39-9011,Childcare Workers,410.0,12.91,26860.0,9.17,10.42,11.72,14.7,18.09,19080.0,21680.0,24380.0,30570.0,37620.0,,
2022,0031740,"Manhattan, KS",metro,39-9011,Childcare Workers,280.0,11.02,22920.0,9.08,9.08,10.23,12.98,14.29,18890.0,18890.0,21270.0,26990.0,29730.0,,
2022,0031860,"Mankato-North Mankato, MN",metro,39-9011,Childcare Workers,430.0,13.2,27460.0,11.21,11.76,12.88,14.24,14.91,23320.0,24450.0,26780.0,29620.0,31000.0,,
2022,0031900,"Mansfield, OH",metro,39-9011,Childcare Workers,100.0,12.49,25980.0,9.3,9.63,12.23,14.3,16.32,19340.0,20040.0,25440.0,29750.0,33940.0,,
2022,0032580,"McAllen-Edinburg-Mission, TX",metro,39-9011,Childcare Workers,1300.0,10.94,22760.0,8.45,8.94,10.64,11.03,13.79,17580.0,18600.0,22120.0,22950.0,28670.0,,
2022,0032780,"Medford, OR",metro,39-9011,Childcare Workers,120.0,15.03,31260.0,13.43,14.19,14.19,15.2,18.0,27920.0,29520.0,29520.0,31620.0,37430.0,,
2022,0032820,"Memphis, TN-MS-AR",metro,39-9011,Childcare Workers,2290.0,12.11,25180.0,9.78,10.47,11.3,13.64,14.94,20330.0,21770.0,23510.0,28360.0,31080.0,,
2022,0032900,"Merced, CA",metro,39-9011,Childcare Workers,160.0,17.53,36470.0,14.17,14.17,16.07,18.66,23.54,29480.0,29480.0,33430.0,38810.0,48950.0,,
2022,0033100,"Miami-Fort Lauderdale-West Palm Beach, FL",metro,39-9011,Childcare Workers,9690.0,14.4,29960.0,10.75,11.98,13.87,15.0,17.86,22350.0,24910.0,28840.0,31200.0,37150.0,,
2022,0033140,"Michigan City-La Porte, IN",metro,39-9011,Childcare Workers,100.0,12.46,25910.0,8.77,9.9,12.82,13.47,17.53,18250.0,20600.0,26670.0,28010.0,36450.0,,
2022,0033220,"Midland, MI",metro,39-9011,Childcare Workers,170.0,12.55,26100.0,10.91,11.3,12.4,13.47,13.79,22680.0,23510.0,25780.0,28030.0,28680.0,,
2022,0033260,"Midland, TX",metro,39-9011,Childcare Workers,260.0,12.6,26210.0,9.38,10.57,12.41,14.06,16.46,19500.0,21980.0,25820.0,29250.0,34230.0,,
2022,0033340,"Milwaukee-Waukesha-West Allis, WI",metro,39-9011,Childcare Workers,1300.0,13.44,27960.0,9.79,11.4,13.61,15.1,16.24,20350.0,23710.0,28300.0,31400.0,33780.0,,
2022,0033460,"Minneapolis-St. Paul-Bloomington, MN-WI",metro,39-9011,Childcare Workers,6710.0,15.27,31750.0,11.62,13.41,14.69,17.1,18.85,24170.0,27890.0,30560.0,35570.0,39210.0,,
2022,0033540,"Missoula, MT",metro,39-9011,Childcare Workers,300.0,12.6,26200.0,10.3,10.53,12.65,13.86,15.83,21420.0,21900.0,26310.0,28820.0,32920.0,,
2022,0033660,"Mobile, AL",metro,39-9011,Childcare Workers,470.0,10.43,21700.0,8.38,8.64,10.11,10.81,13.56,17420.0,17970.0,21020.0,22480.0,28200.0,,
2022,0033700,"Modesto, CA",metro,39-9011,Childcare Workers,420.0,17.39,36170.0,14.53,15.94,16.84,17.89,20.9,30230.0,33150.0,35020.0,37220.0,43470.0,,
2022,0033740,"Monroe, LA",metro,39-9011,Childcare Workers,400.0,9.69,20150.0,8.41,8.57,9.27,10.09,12.41,17490.0,17820.0,19280.0,20980.0,25810.0,,
2022,0033780,"Monroe, MI",metro,39-9011,Childcare Workers,120.0,12.73,26480.0,10.82,11.01,12.7,13.72,15.37,22510.0,22900.0,26420.0,28540.0,31960.0,,
2022,0033860,"Montgomery, AL",metro,39-9011,Childcare Workers,460.0,10.46,21770.0,8.36,8.71,9.91,10.74,13.84,17380.0,18110.0,20600.0,22330.0,28780.0,,
2022,0034060,"Morgantown, WV",metro,39-9011,Childcare Workers,130.0,10.94,22750.0,9.77,10.08,10.7,11.86,12.81,20320.0,20970.0,22260.0,24660.0,26640.0,,
2022,0034100,"Morristown, TN",metro,39-9011,Childcare Workers,100.0,9.72,20220.0,7.96,7.96,8.72,10.52,13.45,16570.0,16570.0,18140.0,21870.0,27970.0,,
2022,0034580,"Mount Vernon-Anacortes, WA",metro,39-9011,Childcare Workers,60.0,17.3,35990.0,15.03,15.43,16.45,17.86,20.1,31260.0,32100.0,34210.0,37150.0,41800.0,,
2022,0034620,"Muncie, IN",metro,39-9011,Childcare Workers,320.0,13.35,27770.0,9.19,9.93,13.09,15.6,18.66,19120.0,20660.0,27230.0,32460.0,38810.0,,
2022,0034740,"Muskegon, MI",metro,39-9011,Childcare Workers,200.0,12.92,26880.0,10.41,10.83,12.28,13.52,17.72,21650.0,22530.0,25540.0,28120.0,36860.0,,
2022,0034820,"Myrtle Beach-Conway-North Myrtle Beach, SC-NC",metro,39-9011,Childcare Workers,360.0,11.9,24760.0,9.09,10.33,11.71,13.57,14.51,18900.0,21490.0,24350.0,28230.0,30170.0,,
2022,0034900,"Napa, CA",metro,39-9011,Childcare Workers,80.0,18.95,39410.0,15.47,16.91,17.63,20.62,23.04,32180.0,35180.0,36660.0,42880.0,47910.0,,
2022,0034940,"Naples-Immokalee-Marco Island, FL",metro,39-9011,Childcare Workers,440.0,15.81,32880.0,10.96,12.08,14.14,16.22,25.28,22790.0,25130.0,29410.0,33740.0,52570.0,,
2022,0034980,"Nashville-Davidson--Murfreesboro--Franklin, TN",metro,39-9011,Childcare Workers,3710.0,12.83,26680.0,10.2,10.82,12.6,14.57,15.7,21220.0,22510.0,26210.0,30300.0,32650.0,,
2022,0035100,"New Bern, NC",metro,39-9011,Childcare Workers,130.0,11.08,23050.0,8.8,8.86,10.47,13.05,14.01,18300.0,18420.0,21790.0,27140.0,29130.0,,
2022,0035380,"New Orleans-Metairie, LA",metro,39-9011,Childcare Workers,2530.0,11.07,23030.0,9.0,9.7,10.35,11.16,14.2,18720.0,20180.0,21520.0,23220.0,29540.0,,
2022,0035620,"New York-Newark-Jersey City, NY-NJ-PA",metro,39-9011,Childcare Workers,37900.0,17.15,35670.0,13.75,15.0,16.78,18.44,21.11,28600.0,31200.0,34910.0,38360.0,43910.0,,
2022,0035660,"Niles-Benton Harbor, MI",metro,39-9011,Childcare Workers,170.0,12.46,25910.0,10.72,10.8,12.39,13.49,14.09,22300.0,22470.0,25770.0,28060.0,29300.0,,
2022,0035840,"North Port-Sarasota-Bradenton, FL",metro,39-9011,Childcare Workers,1310.0,14.02,29150.0,10.62,12.07,13.64,15.25,18.56,22090.0,25100.0,28360.0,31710.0,38600.0,,
2022,0036100,"Ocala, FL",metro,39-9011,Childcare Workers,330.0,12.97,26980.0,10.0,10.69,12.91,13.73,17.03,20800.0,22240.0,26850.0,28560.0,35420.0,,
2022,0036140,"Ocean City, NJ",metro,39-9011,Childcare Workers,80.0,15.0,31190.0,13.0,13.4,13.81,15.9,16.89,27040.0,27870.0,28710.0,33070.0,35130.0,,
2022,0036220,"Odessa, TX",metro,39-9011,Childcare Workers,270.0,12.42,25830.0,9.4,11.15,11.39,13.38,15.05,19550.0,23190.0,23700.0,27830.0,31310.0,,
2022,0036260,"Ogden-Clearfield, UT",metro,39-9011,Childcare Workers,680.0,12.44,25870.0,9.67,10.4,12.27,13.75,16.25,20120.0,21620.0,25530.0,28590.0,33790.0,,
2022,0036420,"Oklahoma City, OK",metro,39-9011,Childcare Workers,2490.0,11.7,24330.0,8.89,10.35,11.08,12.5,14.25,18480.0,21530.0,23050.0,25990.0,29640.0,,
2022,0036500,"Olympia-Tumwater, WA",metro,39-9011,Childcare Workers,140.0,16.66,34650.0,14.59,15.24,16.32,17.41,19.81,30350.0,31690.0,33940.0,36210.0,41200.0,,
2022,0036540,"Omaha-Council Bluffs, NE-IA",metro,39-9011,Childcare Workers,4390.0,13.62,28330.0,10.31,11.63,13.7,13.98,17.68,21430.0,24200.0,28490.0,29080.0,36770.0,,
2022,0036740,"Orlando-Kissimmee-Sanford, FL",metro,39-9011,Childcare Workers,3580.0,13.07,27190.0,10.26,11.37,13.13,14.04,15.62,21340.0,23650.0,27310.0,29190.0,32480.0,,
2022,0036780,"Oshkosh-Neenah, WI",metro,39-9011,Childcare Workers,120.0,11.44,23780.0,8.8,10.19,10.67,11.75,14.55,18300.0,21190.0,22190.0,24430.0,30260.0,,
2022,0036980,"Owensboro, KY",metro,39-9011,Childcare Workers,340.0,12.04,25040.0,9.01,10.75,11.85,13.39,13.75,18740.0,22360.0,24640.0,27840.0,28600.0,,
2022,0037100,"Oxnard-Thousand Oaks-Ventura, CA",metro,39-9011,Childcare Workers,730.0,18.09,37620.0,14.6,15.25,17.39,20.16,21.03,30360.0,31730.0,36170.0,41940.0,43730.0,,
2022,0037340,"Palm Bay-Melbourne-Titusville, FL",metro,39-9011,Childcare Workers,630.0,13.86,28840.0,11.03,11.87,13.91,14.25,18.05,22940.0,24680.0,28930.0,29640.0,37540.0,,
2022,0037460,"Panama City, FL",metro,39-9011,Childcare Workers,280.0,12.62,26240.0,10.5,11.06,12.83,13.49,16.21,21850.0,23000.0,26680.0,28070.0,33710.0,,
2022,0037620,"Parkersburg-Vienna, WV",metro,39-9011,Childcare Workers,100.0,10.1,21010.0,8.79,9.66,9.77,9.88,12.43,18290.0,20080.0,20320.0,20540.0,25860.0,,
2022,0037860,"Pensacola-Ferry Pass-Brent, FL",metro,39-9011,Childcare Workers,580.0,13.5,28080.0,10.66,11.0,13.34,14.36,18.22,22170.0,22890.0,27750.0,29870.0,37890.0,,
2022,0037900,"Peoria, IL",metro,39-9011,Childcare Workers,610.0,13.94,29000.0,12.0,12.0,13.16,15.0,17.0,24960.0,24960.0,27380.0,31200.0,35360.0,,
2022,0037980,"Philadelphia-Camden-Wilmington, PA-NJ-DE-MD",metro,39-9011,Childcare Workers,7870.0,14.39,29920.0,10.79,12.91,13.91,15.52,18.19,22440.0,26850.0,28940.0,32280.0,37840.0,,
2022,0038060,"Phoenix-Mesa-Scottsdale, AZ",metro,39-9011,Childcare Workers,4040.0,15.94,33150.0,13.42,14.01,15.64,17.7,17.7,27910.0,29130.0,32520.0,36820.0,36820.0,,
2022,0038300,"Pittsburgh, PA",metro,39-9011,Childcare Workers,3280.0,13.27,27600.0,10.23,11.45,12.64,13.53,17.06,21270.0,23810.0,26280.0,28140.0,35480.0,,
2022,0038540,"Pocatello, ID",metro,39-9011,Childcare Workers,130.0,10.75,22360.0,8.86,8.87,9.31,11.61,14.07,18430.0,18450.0,19370.0,24140.0,29270.0,,
2022,0038660,"Ponce, PR",metro,39-9011,Childcare Workers,40.0,9.81,20410.0,8.58,8.63,8.73,10.51,12.09,17840.0,17950.0,18160.0,21860.0,25140.0,,
2022,0038900,"Portland-Vancouver-Hillsboro, OR-WA",metro,39-9011,Childcare Workers,1780.0,17.44,36280.0,14.3,15.56,16.78,17.45,21.87,29750.0,32370.0,34910.0,36300.0,45490.0,,
2022,0038940,"Port St. Lucie, FL",metro,39-9011,Childcare Workers,570.0,13.02,27090.0,10.72,11.33,13.17,13.9,15.73,22290.0,23570.0,27390.0,28910.0,32710.0,,
2022,0039140,"Prescott, AZ",metro,39-9011,Childcare Workers,80.0,15.51,32260.0,13.36,13.9,14.81,16.78,18.29,27790.0,28910.0,30800.0,34900.0,38050.0,,
2022,0039340,"Provo-Orem, UT",metro,39-9011,Childcare Workers,460.0,12.92,26880.0,9.8,10.54,12.69,14.78,17.42,20390.0,21910.0,26400.0,30750.0,36230.0,,
2022,0039380,"Pueblo, CO",metro,39-9011,Childcare Workers,90.0,17.38,36150.0,13.51,14.19,16.01,18.95,24.86,28100.0,29510.0,33290.0,39410.0,51700.0,,
2022,0039460,"Punta Gorda, FL",metro,39-9011,Childcare Workers,110.0,14.09,29300.0,11.07,12.08,14.44,14.85,15.41,23030.0,25120.0,30040.0,30890.0,32040.0,,
2022,0039540,"Racine, WI",metro,39-9011,Childcare Workers,50.0,13.57,28220.0,9.94,11.21,13.13,14.46,20.19,20670.0,23310.0,27300.0,30080.0,41990.0,,
2022,0039580,"Raleigh, NC",metro,39-9011,Childcare Workers,1580.0,13.07,27180.0,10.13,10.69,12.37,14.75,17.53,21080.0,22220.0,25730.0,30690.0,36450.0,,
2022,0039660,"Rapid City, SD",metro,39-9011,Childcare Workers,400.0,12.0,24950.0,10.75,11.13,11.23,12.71,13.94,22360.0,23150.0,23360.0,26450.0,28990.0,,
2022,0039740,"Reading, PA",metro,39-9011,Childcare Workers,370.0,11.97,24900.0,8.93,10.17,11.38,13.21,14.04,18570.0,21150.0,23680.0,27470.0,29210.0,,
2022,0039820,"Redding, CA",metro,39-9011,Childcare Workers,180.0,16.6,34520.0,14.03,14.55,16.18,17.52,21.0,29190.0,30270.0,33660.0,36430.0,43670.0,,
2022,0039900,"Reno, NV",metro,39-9011,Childcare Workers,460.0,15.14,31500.0,10.74,12.37,14.04,18.1,20.56,22340.0,25730.0,29200.0,37650.0,42750.0,,
2022,0040060,"Richmond, VA",metro,39-9011,Childcare Workers,1790.0,12.83,26680.0,11.0,11.15,12.31,13.83,15.16,22880.0,23190.0,25590.0,28760.0,31530.0,,
2022,0040140,"Riverside-San Bernardino-Ontario, CA",metro,39-9011,Childcare Workers,3140.0,19.16,39840.0,14.57,15.66,17.92,21.23,26.34,30300.0,32580.0,37270.0,44160.0,54800.0,,
2022,0040220,"Roanoke, VA",metro,39-9011,Childcare Workers,390.0,11.98,24910.0,11.0,11.0,11.44,12.33,13.73,22880.0,22880.0,23800.0,25640.0,28570.0,,
2022,0040340,"Rochester, MN",metro,39-9011,Childcare Workers,370.0,14.01,29140.0,11.24,12.53,13.2,14.93,17.86,23390.0,26070.0,27460.0,31060.0,37140.0,,
2022,0040380,"Rochester, NY",metro,39-9011,Childcare Workers,1600.0,14.7,30580.0,13.38,13.53,14.05,15.09,16.91,27820.0,28140.0,29210.0,31380.0,35170.0,,
2022,0040420,"Rockford, IL",metro,39-9011,Childcare Workers,460.0,13.34,27740.0,12.0,12.0,12.45,13.54,16.06,24960.0,24960.0,25900.0,28160.0,33390.0,,
2022,0040580,"Rocky Mount, NC",metro,39-9011,Childcare Workers,130.0,12.07,25100.0,9.47,10.05,11.82,13.58,15.11,19700.0,20900.0,24580.0,28250.0,31420.0,,
2022,0040660,"Rome, GA",metro,39-9011,Childcare Workers,100.0,10.65,22160.0,8.63,9.19,9.84,10.9,13.57,17940.0,19110.0,20470.0,22680.0,28220.0,,
2022,0040900,"Sacramento--Roseville--Arden-Arcade, CA",metro,39-9011,Childcare Workers,1910.0,17.27,35910.0,14.75,14.9,17.18,17.82,21.69,30680.0,31000.0,35720.0,37070.0,45120.0,,
2022,0040980,"Saginaw, MI",metro,39-9011,Childcare Workers,320.0,12.16,25280.0,10.53,10.83,11.26,13.05,14.63,21900.0,22520.0,23410.0,27150.0,30430.0,,
2022,0041060,"St. Cloud, MN",metro,39-9011,Childcare Workers,220.0,13.37,27810.0,11.06,11.71,13.08,14.1,16.18,23000.0,24360.0,27200.0,29330.0,33650.0,,
2022,0041100,"St. George, UT",metro,39-9011,Childcare Workers,190.0,13.27,27600.0,9.64,11.19,12.91,14.04,16.49,20060.0,23270.0,26860.0,29190.0,34290.0,,
2022,0041140,"St. Joseph, MO-KS",metro,39-9011,Childcare Workers,200.0,13.43,27920.0,11.34,11.5,13.03,14.17,16.68,23580.0,23910.0,27100.0,29470.0,34700.0,,
2022,0041180,"St. Louis, MO-IL",metro,39-9011,Childcare Workers,5550.0,14.36,29870.0,12.0,12.85,13.77,14.66,16.93,24960.0,26730.0,28630.0,30480.0,35210.0,,
2022,0041420,"Salem, OR",metro,39-9011,Childcare Workers,310.0,15.17,31560.0,12.99,13.43,14.45,16.0,18.12,27010.0,27940.0,30060.0,33280.0,37690.0,,
2022,0041500,"Salinas, CA",metro,39-9011,Childcare Workers,320.0,18.2,37860.0,15.06,16.3,17.37,20.61,21.97,31330.0,33900.0,36130.0,42870.0,45690.0,,
2022,0041540,"Salisbury, MD-DE",metro,39-9011,Childcare Workers,590.0,13.89,28890.0,11.15,12.73,14.11,14.11,16.72,23190.0,26470.0,29360.0,29360.0,34780.0,,
2022,0041620,"Salt Lake City, UT",metro,39-9011,Childcare Workers,1700.0,13.51,28100.0,10.44,10.89,13.26,14.73,17.22,21710.0,22650.0,27590.0,30640.0,35810.0,,
2022,0041660,"San Angelo, TX",metro,39-9011,Childcare Workers,220.0,10.86,22590.0,9.35,9.7,10.53,12.05,12.88,19450.0,20170.0,21900.0,25050.0,26790.0,,
2022,0041700,"San Antonio-New Braunfels, TX",metro,39-9011,Childcare Workers,3660.0,12.65,26320.0,9.85,10.76,11.35,13.75,18.39,20480.0,22370.0,23610.0,28600.0,38260.0,,
2022,0041740,"San Diego-Carlsbad, CA",metro,39-9011,Childcare Workers,3010.0,17.05,35470.0,14.72,14.84,16.34,17.95,20.24,30620.0,30870.0,33980.0,37340.0,42110.0,,
2022,0041860,"San Francisco-Oakland-Hayward, CA",metro,39-9011,Childcare Workers,4520.0,19.33,40210.0,16.76,17.06,19.32,20.27,22.58,34860.0,35470.0,40190.0,42160.0,46960.0,,
2022,0041900,"San German, PR",metro,39-9011,Childcare Workers,50.0,11.61,24140.0,8.5,9.36,12.15,14.41,14.41,17680.0,19470.0,25280.0,29980.0,29980.0,,
2022,0041940,"San Jose-Sunnyvale-Santa Clara, CA",metro,39-9011,Childcare Workers,1200.0,20.05,41700.0,16.24,17.54,18.54,22.33,23.4,33770.0,36480.0,38570.0,46440.0,48670.0,,
2022,0041980,"San Juan-Carolina-Caguas, PR",metro,39-9011,Childcare Workers,740.0,9.75,20270.0,8.89,8.95,9.02,9.95,10.97,18500.0,18610.0,18770.0,20700.0,22810.0,,
2022,0042020,"San Luis Obispo-Paso Robles-Arroyo Grande, CA",metro,39-9011,Childcare Workers,210.0,17.21,35790.0,14.4,14.69,16.99,17.95,20.04,29960.0,30560.0,35340.0,37340.0,41680.0,,
2022,0042100,"Santa Cruz-Watsonville, CA",metro,39-9011,Childcare Workers,330.0,17.61,36620.0,14.94,15.14,17.39,18.62,21.24,31060.0,31480.0,36170.0,38720.0,44180.0,,
2022,0042140,"Santa Fe, NM",metro,39-9011,Childcare Workers,60.0,14.93,31040.0,12.84,13.42,13.6,15.28,20.15,26700.0,27910.0,28280.0,31780.0,41920.0,,
2022,0042200,"Santa Maria-Santa Barbara, CA",metro,39-9011,Childcare Workers,370.0,16.91,35160.0,14.61,14.86,16.9,17.58,20.09,30390.0,30900.0,35150.0,36560.0,41790.0,,
2022,0042220,"Santa Rosa, CA",metro,39-9011,Childcare Workers,470.0,18.9,39310.0,15.93,16.82,18.63,19.84,22.63,33140.0,34980.0,38750.0,41260.0,47070.0,,
2022,0042340,"Savannah, GA",metro,39-9011,Childcare Workers,790.0,12.15,25270.0,9.74,10.6,11.16,13.61,14.58,20260.0,22040.0,23220.0,28300.0,30330.0,,
2022,0042540,"Scranton--Wilkes-Barre--Hazleton, PA",metro,39-9011,Childcare Workers,750.0,12.01,24980.0,9.73,10.96,11.29,12.94,13.59,20240.0,22790.0,23490.0,26920.0,28270.0,,
2022,0042660,"Seattle-Tacoma-Bellevue, WA",metro,39-9011,Childcare Workers,1830.0,18.94,39390.0,15.87,16.95,18.61,19.72,22.69,33010.0,35260.0,38710.0,41030.0,47200.0,,
2022,0042680,"Sebastian-Vero Beach, FL",metro,39-9011,Childcare Workers,140.0,13.0,27040.0,10.88,11.27,12.37,13.77,15.62,22630.0,23440.0,25730.0,28630.0,32490.0,,
2022,0042700,"Sebring, FL",metro,39-9011,Childcare Workers,110.0,13.23,27530.0,10.39,10.93,13.22,13.85,14.83,21600.0,22730.0,27500.0,28800.0,30840.0,,
2022,0043100,"Sheboygan, WI",metro,39-9011,Childcare Workers,140.0,12.99,27010.0,9.57,11.81,12.46,15.58,15.78,19910.0,24560.0,25920.0,32410.0,32810.0,,
2022,0043300,"Sherman-Denison, TX",metro,39-9011,Childcare Workers,170.0,11.56,24030.0,9.61,10.13,10.75,12.6,14.67,19990.0,21070.0,22360.0,26210.0,30520.0,,
2022,0043340,"Shreveport-Bossier City, LA",metro,39-9011,Childcare Workers,820.0,10.89,22650.0,8.67,8.75,9.91,10.66,16.77,18030.0,18200.0,20610.0,22180.0,34880.0,,
2022,0043420,"Sierra Vista-Douglas, AZ",metro,39-9011,Childcare Workers,30.0,14.46,30070.0,13.12,13.55,15.03,15.03,15.03,27290.0,28180.0,31250.0,31250.0,31250.0,,
2022,0043580,"Sioux City, IA-NE-SD",metro,39-9011,Childcare Workers,340.0,11.99,24940.0,9.67,10.72,11.8,13.29,14.28,20110.0,22310.0,24540.0,27640.0,29700.0,,
2022,0043620,"Sioux Falls, SD",metro,39-9011,Childcare Workers,1290.0,12.34,25670.0,10.77,11.1,12.02,12.96,14.91,22400.0,23080.0,25000.0,26960.0,31010.0,,
2022,0043780,"South Bend-Mishawaka, IN-MI",metro,39-9011,Childcare Workers,460.0,12.7,26420.0,9.47,10.99,12.35,13.7,14.51,19690.0,22850.0,25680.0,28500.0,30180.0,,
2022,0043900,"Spartanburg, SC",metro,39-9011,Childcare Workers,360.0,11.98,24910.0,9.98,10.15,10.82,13.14,15.08,20770.0,21110.0,22510.0,27340.0,31370.0,,
2022,0044060,"Spokane-Spokane Valley, WA",metro,39-9011,Childcare Workers,350.0,16.54,34400.0,14.49,14.92,15.68,17.04,19.71,30140.0,31030.0,32610.0,35450.0,41000.0,,
2022,0044100,"Springfield, IL",metro,39-9011,Childcare Workers,410.0,14.07,29270.0,12.0,12.28,13.22,13.88,17.75,24960.0,25540.0,27500.0,28870.0,36920.0,,
2022,0044180,"Springfield, MO",metro,39-9011,Childcare Workers,980.0,12.93,26890.0,11.15,11.28,12.69,13.72,15.85,23190.0,23470.0,26390.0,28530.0,32970.0,,
2022,0044220,"Springfield, OH",metro,39-9011,Childcare Workers,70.0,13.15,27350.0,10.11,10.71,12.71,14.46,16.63,21040.0,22270.0,26430.0,30070.0,34580.0,,
2022,0044300,"State College, PA",metro,39-9011,Childcare Workers,170.0,11.95,24850.0,9.99,10.97,11.6,13.4,13.76,20770.0,22810.0,24120.0,27870.0,28620.0,,
2022,0044420,"Staunton-Waynesboro, VA",metro,39-9011,Childcare Workers,130.0,12.48,25960.0,11.0,11.0,11.69,14.09,14.58,22880.0,22880.0,24300.0,29300.0,30320.0,,
2022,0044700,"Stockton-Lodi, CA",metro,39-9011,Childcare Workers,570.0,17.77,36950.0,14.58,15.67,16.8,19.28,22.95,30320.0,32590.0,34950.0,40110.0,47730.0,,
2022,0044940,"Sumter, SC",metro,39-9011,Childcare Workers,300.0,13.19,27440.0,8.9,10.06,12.73,18.17,18.17,18510.0,20910.0,26480.0,37780.0,37780.0,,
2022,0045060,"Syracuse, NY",metro,39-9011,Childcare Workers,1010.0,15.23,31680.0,13.31,13.43,14.5,15.96,18.32,27670.0,27940.0,30160.0,33200.0,38110.0,,
2022,0045220,"Tallahassee, FL",metro,39-9011,Childcare Workers,480.0,12.5,26000.0,10.19,10.76,12.0,13.53,14.62,21200.0,22370.0,24960.0,28140.0,30400.0,,
2022,0045300,"Tampa-St. Petersburg-Clearwater, FL",metro,39-9011,Childcare Workers,3590.0,13.4,27870.0,10.5,11.24,13.18,14.25,16.52,21840.0,23380.0,27410.0,29640.0,34370.0,,
2022,0045460,"Terre Haute, IN",metro,39-9011,Childcare Workers,230.0,11.83,24610.0,8.76,9.34,11.36,13.0,15.03,18210.0,19420.0,23620.0,27030.0,31250.0,,
2022,0045500,"Texarkana, TX-AR",metro,39-9011,Childcare Workers,240.0,11.23,23360.0,8.67,9.87,11.12,12.3,13.45,18040.0,20520.0,23120.0,25580.0,27980.0,,
2022,0045540,"The Villages, FL",metro,39-9011,Childcare Workers,110.0,12.28,25540.0,11.37,11.56,11.56,12.52,12.99,23640.0,24040.0,24040.0,26040.0,27010.0,,
2022,0045780,"Toledo, OH",metro,39-9011,Childcare Workers,820.0,13.14,27330.0,10.05,10.52,13.07,14.5,16.41,20900.0,21870.0,27180.0,30170.0,34140.0,,
2022,0045820,"Topeka, KS",metro,39-9011,Childcare Workers,520.0,12.72,26450.0,9.64,10.3,12.76,15.47,16.25,20060.0,21420.0,26530.0,32180.0,33790.0,,
2022,0045940,"Trenton, NJ",metro,39-9011,Childcare Workers,750.0,16.1,33500.0,13.24,13.27,14.58,17.81,19.45,27550.0,27600.0,30320.0,37050.0,40450.0,,
2022,0046060,"Tucson, AZ",metro,39-9011,Childcare Workers,660.0,14.67,30520.0,13.09,13.39,14.47,14.97,17.31,27220.0,27850.0,30100.0,31140.0,36000.0,,
2022,0046140,"Tulsa, OK",metro,39-9011,Childcare Workers,1980.0,12.25,25480.0,9.0,10.4,11.06,13.58,15.19,18730.0,21620.0,23000.0,28240.0,31590.0,,
2022,0046220,"Tuscaloosa, AL",metro,39-9011,Childcare Workers,220.0,12.17,25310.0,8.53,9.07,10.46,14.39,18.05,17750.0,18870.0,21770.0,29940.0,37540.0,,
2022,0046300,"Twin Falls, ID",metro,39-9011,Childcare Workers,100.0,11.05,22980.0,8.79,9.59,10.32,12.48,13.59,18280.0,19950.0,21470.0,25960.0,28270.0,,
2022,0046340,"Tyler, TX",metro,39-9011,Childcare Workers,350.0,11.36,23630.0,9.71,10.11,10.72,12.29,13.33,20190.0,21030.0,22290.0,25550.0,27730.0,,
2022,0046520,"Urban Honolulu, HI",metro,39-9011,Childcare Workers,700.0,15.14,31490.0,11.91,13.79,14.65,15.71,17.69,24770.0,28680.0,30460.0,32690.0,36790.0,,
2022,0046540,"Utica-Rome, NY",metro,39-9011,Childcare Workers,460.0,15.39,32010.0,13.21,13.76,15.03,16.26,17.56,27470.0,28620.0,31260.0,33820.0,36510.0,,
2022,0046660,"Valdosta, GA",metro,39-9011,Childcare Workers,230.0,10.59,22020.0,8.25,8.75,10.09,11.07,14.2,17150.0,18200.0,20990.0,23020.0,29540.0,,
2022,0046700,"Vallejo-Fairfield, CA",metro,39-9011,Childcare Workers,290.0,18.32,38110.0,15.26,15.84,17.39,19.08,22.44,31740.0,32950.0,36170.0,39680.0,46670.0,,
2022,0047020,"Victoria, TX",metro,39-9011,Childcare Workers,140.0,10.87,22610.0,8.96,10.15,10.41,10.85,13.34,18630.0,21110.0,21660.0,22570.0,27750.0,,
2022,0047220,"Vineland-Bridgeton, NJ",metro,39-9011,Childcare Workers,240.0,14.45,30060.0,13.0,13.0,13.98,14.07,16.49,27040.0,27040.0,29080.0,29260.0,34310.0,,
2022,0047260,"Virginia Beach-Norfolk-Newport News, VA-NC",metro,39-9011,Childcare Workers,2240.0,13.06,27160.0,11.0,11.19,12.35,13.85,16.95,22880.0,23280.0,25690.0,28800.0,35250.0,,
2022,0047300,"Visalia-Porterville, CA",metro,39-9011,Childcare Workers,290.0,17.42,36240.0,14.1,15.15,17.53,18.92,20.07,29330.0,31510.0,36470.0,39360.0,41750.0,,
2022,0047380,"Waco, TX",metro,39-9011,Childcare Workers,450.0,11.7,24340.0,9.71,10.16,10.79,12.91,14.55,20190.0,21140.0,22440.0,26850.0,30260.0,,
2022,0047460,"Walla Walla, WA",metro,39-9011,Childcare Workers,40.0,15.18,31570.0,14.49,14.49,14.66,15.26,16.6,30140.0,30140.0,30500.0,31730.0,34520.0,,
2022,0047580,"Warner Robins, GA",metro,39-9011,Childcare Workers,380.0,10.86,22590.0,8.57,9.24,10.39,11.31,13.58,17830.0,19220.0,21610.0,23530.0,28250.0,,
2022,0047900,"Washington-Arlington-Alexandria, DC-VA-MD-WV",metro,39-9011,Childcare Workers,8930.0,17.07,35510.0,13.35,13.95,16.47,19.91,22.27,27780.0,29010.0,34250.0,41410.0,46310.0,,
2022,0047940,"Waterloo-Cedar Falls, IA",metro,39-9011,Childcare Workers,410.0,11.59,24100.0,9.26,9.84,10.74,12.99,14.55,19270.0,20470.0,22340.0,27020.0,30260.0,,
2022,0048060,"Watertown-Fort Drum, NY",metro,39-9011,Childcare Workers,240.0,14.25,29640.0,13.2,13.38,13.54,14.31,16.7,27460.0,27830.0,28160.0,29770.0,34730.0,,
2022,0048140,"Wausau, WI",metro,39-9011,Childcare Workers,80.0,11.92,24800.0,7.75,9.92,11.29,13.76,15.14,16120.0,20630.0,23480.0,28630.0,31480.0,,
2022,0048260,"Weirton-Steubenville, WV-OH",metro,39-9011,Childcare Workers,60.0,11.75,24440.0,9.65,9.92,10.5,12.27,14.65,20070.0,20630.0,21850.0,25520.0,30480.0,,
2022,0048300,"Wenatchee, WA",metro,39-9011,Childcare Workers,60.0,16.09,33460.0,14.5,15.84,15.84,16.31,17.6,30160.0,32940.0,32940.0,33930.0,36600.0,,
2022,0048540,"Wheeling, WV-OH",metro,39-9011,Childcare Workers,110.0,11.67,24280.0,9.68,10.23,10.98,13.0,14.39,20140.0,21280.0,22830.0,27040.0,29940.0,,
2022,0048620,"Wichita, KS",metro,39-9011,Childcare Workers,1210.0,12.05,25060.0,8.96,10.19,11.78,13.54,15.09,18650.0,21190.0,24490.0,28170.0,31390.0,,
2022,0048660,"Wichita Falls, TX",metro,39-9011,Childcare Workers,230.0,10.86,22590.0,8.59,9.85,10.31,11.08,13.71,17860.0,20490.0,21440.0,23050.0,28520.0,,
2022,0048700,"Williamsport, PA",metro,39-9011,Childcare Workers,130.0,12.49,25990.0,9.93,10.4,12.03,13.4,13.57,20660.0,21640.0,25020.0,27870.0,28220.0,,
2022,0048900,"Wilmington, NC",metro,39-9011,Childcare Workers,410.0,12.17,25310.0,9.54,10.13,10.77,13.79,15.84,19850.0,21070.0,22410.0,28680.0,32950.0,,
2022,0049020,"Winchester, VA-WV",metro,39-9011,Childcare Workers,120.0,13.13,27310.0,11.0,11.06,12.91,13.94,15.77,22880.0,23000.0,26850.0,28990.0,32800.0,,
2022,0049180,"Winston-Salem, NC",metro,39-9011,Childcare Workers,630.0,12.99,27020.0,10.0,10.08,12.14,15.0,18.54,20800.0,20970.0,25250.0,31200.0,38570.0,,
2022,0049420,"Yakima, WA",metro,39-9011,Childcare Workers,160.0,16.41,34120.0,14.49,15.12,15.71,16.9,19.33,30140.0,31450.0,32670.0,35150.0,40200.0,,
2022,0049620,"York-Hanover, PA",metro,39-9011,Childcare Workers,620.0,12.53,26060.0,9.27,10.78,12.58,13.51,15.57,19280.0,22430.0,26170.0,28090.0,32390.0,,
2022,0049660,"Youngstown-Warren-Boardman, OH-PA",metro,39-9011,Childcare Workers,510.0,12.53,26070.0,9.82,10.34,11.61,14.07,15.67,20420.0,21510.0,24160.0,29270.0,32590.0,,
2022,0049700,"Yuba City, CA",metro,39-9011,Childcare Workers,150.0,17.11,35580.0,14.28,14.82,16.73,17.62,21.75,29700.0,30820.0,34800.0,36650.0,45230.0,,
2022,0070750,"Bangor, ME",metro,39-9011,Childcare Workers,500.0,15.11,31430.0,13.35,13.94,14.55,16.39,16.98,27770.0,28990.0,30250.0,34080.0,35320.0,,
2022,0070900,"Barnstable Town, MA",metro,39-9011,Childcare Workers,320.0,18.32,38110.0,15.66,16.34,17.42,20.61,22.84,32560.0,33990.0,36230.0,42860.0,47510.0,,
2022,0071650,"Boston-Cambridge-Nashua, MA-NH",metro,39-9011,Childcare Workers,11790.0,18.79,39080.0,14.9,17.05,18.62,20.81,22.57,31000.0,35460.0,38720.0,43290.0,46950.0,,
2022,0071950,"Bridgeport-Stamford-Norwalk, CT",metro,39-9011,Childcare Workers,1980.0,16.36,34030.0,14.07,14.43,15.97,17.15,18.32,29270.0,30020.0,33210.0,35670.0,38110.0,,
2022,0072400,"Burlington-South Burlington, VT",metro,39-9011,Childcare Workers,450.0,16.27,33850.0,13.88,14.32,15.46,17.24,18.33,28870.0,29790.0,32160.0,35860.0,38120.0,,
2022,0072850,"Danbury, CT",metro,39-9011,Childcare Workers,310.0,14.82,30830.0,13.27,13.41,13.96,15.52,17.13,27590.0,27890.0,29050.0,32280.0,35620.0,,
2022,0073050,"Dover-Durham, NH-ME",metro,39-9011,Childcare Workers,200.0,13.94,29000.0,10.21,11.03,14.44,16.65,17.3,21230.0,22930.0,30030.0,34630.0,35980.0,,
2022,0073450,"Hartford-West Hartford-East Hartford, CT",metro,39-9011,Childcare Workers,1950.0,15.25,31710.0,13.54,14.05,14.41,16.32,17.26,28170.0,29220.0,29970.0,33950.0,35900.0,,
2022,0074500,"Leominster-Gardner, MA",metro,39-9011,Childcare Workers,130.0,16.89,35120.0,14.56,15.27,16.99,17.28,20.14,30270.0,31770.0,35350.0,35950.0,41890.0,,
2022,0074650,"Lewiston-Auburn, ME",metro,39-9011,Childcare Workers,340.0,15.06,31330.0,13.07,13.67,14.3,16.42,17.58,27190.0,28430.0,29750.0,34160.0,36570.0,,
2022,0074950,"Manchester, NH",metro,39-9011,Childcare Workers,290.0,13.29,27650.0,9.94,11.27,13.95,15.01,17.57,20680.0,23430.0,29020.0,31210.0,36540.0,,
2022,0075550,"New Bedford, MA",metro,39-9011,Childcare Workers,320.0,17.56,36520.0,14.58,15.93,17.0,18.9,20.87,30330.0,33140.0,35360.0,39310.0,43400.0,,
2022,0075700,"New Haven, CT",metro,39-9011,Childcare Workers,970.0,15.52,32290.0,13.37,13.74,14.57,16.76,17.46,27810.0,28580.0,30300.0,34860.0,36320.0,,
2022,0076450,"Norwich-New London-Westerly, CT-RI",metro,39-9011,Childcare Workers,500.0,15.16,31540.0,13.14,13.79,14.34,16.34,16.89,27330.0,28670.0,29830.0,33990.0,35120.0,,
2022,0076600,"Pittsfield, MA",metro,39-9011,Childcare Workers,160.0,16.59,34520.0,14.52,15.03,16.04,16.96,20.19,30210.0,31260.0,33370.0,35280.0,42000.0,,
2022,0076750,"Portland-South Portland, ME",metro,39-9011,Childcare Workers,1700.0,15.93,33130.0,14.14,14.6,15.32,17.14,17.8,29410.0,30370.0,31870.0,35650.0,37030.0,,
2022,0076900,"Portsmouth, NH-ME",metro,39-9011,Childcare Workers,280.0,14.44,30020.0,10.07,12.91,14.74,16.6,17.03,20940.0,26850.0,30650.0,34540.0,35430.0,,
2022,0077200,"Providence-Warwick, RI-MA",metro,39-9011,Childcare Workers,2850.0,15.88,33030.0,13.6,13.81,14.25,16.6,20.52,28290.0,28730.0,29640.0,34520.0,42690.0,,
2022,0078100,"Springfield, MA-CT",metro,39-9011,Childcare Workers,1210.0,17.55,36510.0,14.55,15.33,17.05,18.66,22.36,30260.0,31880.0,35450.0,38800.0,46500.0,,
2022,0078700,"Waterbury, CT",metro,39-9011,Childcare Workers,350.0,16.49,34310.0,13.14,13.15,13.67,15.1,17.05,27320.0,27350.0,28430.0,31400.0,35470.0,,
2022,0079600,"Worcester, MA-CT",metro,39-9011,Childcare Workers,1100.0,17.4,36200.0,14.29,15.22,17.06,18.97,21.26,29720.0,31650.0,35480.0,39460.0,44220.0,,
2022,0100001,Northwest Alabama nonmetropolitan area,nonmetro,39-9011,Childcare Workers,110.0,10.55,21940.0,8.22,8.38,10.05,12.44,14.26,17090.0,17420.0,20910.0,25880.0,29660.0,,
2022,0100002,Northeast Alabama nonmetropolitan area,nonmetro,39-9011,Childcare Workers,290.0,10.46,21760.0,8.21,8.37,10.06,11.27,13.57,17070.0,17410.0,20920.0,23440.0,28220.0,,
2022,0100003,Southwest Alabama nonmetropolitan area,nonmetro,39-9011,Childcare Workers,180.0,10.09,20990.0,8.23,8.5,10.07,10.37,12.99,17110.0,17690.0,20940.0,21570.0,27020.0,,
2022,0100004,Southeast Alabama nonmetropolitan area,nonmetro,39-9011,Childcare Workers,120.0,10.11,21020.0,8.26,8.44,8.82,10.69,13.57,17180.0,17540.0,18350.0,22240.0,28220.0,,
2022,0200006,Alaska nonmetropolitan area,nonmetro,39-9011,Childcare Workers,250.0,15.65,32550.0,12.99,14.09,14.46,17.22,19.33,27010.0,29300.0,30090.0,35810.0,40200.0,,
2022,0400001,Arizona nonmetropolitan area,nonmetro,39-9011,Childcare Workers,90.0,15.24,31690.0,13.5,14.23,15.09,15.25,17.21,28070.0,29590.0,31380.0,31720.0,35790.0,,
2022,0500001,North Arkansas nonmetropolitan area,nonmetro,39-9011,Childcare Workers,410.0,12.07,25110.0,11.0,11.22,11.67,12.48,13.65,22880.0,23330.0,24260.0,25960.0,28390.0,,
2022,0500002,East Arkansas nonmetropolitan area,nonmetro,39-9011,Childcare Workers,400.0,12.55,26090.0,11.16,11.25,11.91,13.71,14.18,23220.0,23390.0,24760.0,28510.0,29490.0,,
2022,0500003,West Arkansas nonmetropolitan area,nonmetro,39-9011,Childcare Workers,400.0,12.05,25070.0,11.11,11.17,11.43,12.68,13.7,23120.0,23230.0,23770.0,26370.0,28490.0,,
2022,0500004,South Arkansas nonmetropolitan area,nonmetro,39-9011,Childcare Workers,340.0,12.34,25660.0,11.0,11.21,11.59,13.29,13.99,22880.0,23320.0,24110.0,27650.0,29090.0,,
2022,0600003,North Coast Region of California nonmetropolitan area,nonmetro,39-9011,Childcare Workers,290.0,17.39,36180.0,14.58,15.87,16.78,18.13,21.13,30330.0,33000.0,34890.0,37710.0,43950.0,,
2022,0600006,Eastern Sierra-Mother Lode Region of California nonmetropolitan area,nonmetro,39-9011,Childcare Workers,260.0,17.91,37250.0,15.16,16.29,17.99,19.21,20.05,31540.0,33880.0,37410.0,39950.0,41700.0,,
2022,0600007,North Valley-Northern Mountains Region of California nonmetropolitan area,nonmetro,39-9011,Childcare Workers,270.0,17.58,36570.0,14.75,15.98,16.78,19.21,21.33,30670.0,33230.0,34890.0,39950.0,44370.0,,
2022,0800001,Eastern and Southern Colorado nonmetropolitan area,nonmetro,39-9011,Childcare Workers,200.0,16.25,33810.0,13.98,14.18,14.99,17.59,18.5,29070.0,29480.0,31180.0,36580.0,38470.0,,
2022,0800002,Southwest Colorado nonmetropolitan area,nonmetro,39-9011,Childcare Workers,300.0,15.88,33030.0,13.56,14.09,14.7,17.43,18.5,28210.0,29310.0,30580.0,36250.0,38470.0,,
2022,0800003,Northwest Colorado nonmetropolitan area,nonmetro,39-9011,Childcare Workers,370.0,18.37,38200.0,14.13,14.7,17.82,20.51,22.98,29390.0,30580.0,37060.0,42670.0,47790.0,,
2022,0900001,Connecticut nonmetropolitan area,nonmetro,39-9011,Childcare Workers,130.0,15.77,32800.0,13.36,13.93,15.44,16.09,19.09,27780.0,28970.0,32120.0,33470.0,39700.0,,
2022,1200003,South Florida nonmetropolitan area,nonmetro,39-9011,Childcare Workers,280.0,13.47,28020.0,10.37,11.03,13.42,14.18,16.96,21580.0,22940.0,27920.0,29500.0,35270.0,,
2022,1200006,North Florida nonmetropolitan area,nonmetro,39-9011,Childcare Workers,430.0,13.06,27150.0,10.26,10.93,13.12,14.03,16.77,21350.0,22740.0,27280.0,29180.0,34880.0,,
2022,1300001,North Georgia nonmetropolitan area,nonmetro,39-9011,Childcare Workers,650.0,11.32,23550.0,8.44,8.8,10.74,13.03,14.28,17560.0,18300.0,22340.0,27100.0,29690.0,,
2022,1300002,Middle Georgia nonmetropolitan area,nonmetro,39-9011,Childcare Workers,470.0,10.96,22800.0,8.35,8.63,10.33,13.0,13.95,17360.0,17950.0,21480.0,27030.0,29010.0,,
2022,1300003,East Georgia nonmetropolitan area,nonmetro,39-9011,Childcare Workers,490.0,11.09,23070.0,8.35,8.75,10.35,12.76,14.32,17360.0,18210.0,21540.0,26540.0,29790.0,,
2022,1300004,South Georgia nonmetropolitan area,nonmetro,39-9011,Childcare Workers,700.0,11.08,23050.0,8.32,8.49,10.52,13.25,14.32,17300.0,17660.0,21880.0,27550.0,29790.0,,
2022,1500001,Hawaii / Kauai nonmetropolitan area,nonmetro,39-9011,Childcare Workers,210.0,15.16,31540.0,13.28,13.34,14.31,16.74,19.48,27610.0,27750.0,29760.0,34830.0,40520.0,,
2022,1600006,Northwestern Idaho nonmetropolitan area,nonmetro,39-9011,Childcare Workers,300.0,11.76,24460.0,9.28,9.76,9.89,13.5,16.23,19300.0,20290.0,20580.0,28080.0,33770.0,,
2022,1600007,Southeast-Central Idaho nonmetropolitan area,nonmetro,39-9011,Childcare Workers,230.0,11.19,23270.0,8.71,9.48,10.07,12.44,13.91,18110.0,19730.0,20940.0,25880.0,28940.0,,
2022,1700001,Northwest Illinois nonmetropolitan area,nonmetro,39-9011,Childcare Workers,420.0,13.25,27560.0,12.0,12.0,12.53,13.43,15.13,24960.0,24960.0,26070.0,27930.0,31470.0,,
2022,1700002,West Central Illinois nonmetropolitan area,nonmetro,39-9011,Childcare Workers,590.0,13.41,27900.0,12.0,12.0,12.69,13.55,16.51,24960.0,24960.0,26400.0,28180.0,34340.0,,
2022,1700003,East Central Illinois nonmetropolitan area,nonmetro,39-9011,Childcare Workers,490.0,13.12,27300.0,12.0,12.0,12.49,13.12,14.27,24960.0,24960.0,25970.0,27290.0,29690.0,,
2022,1700004,South Illinois nonmetropolitan area,nonmetro,39-9011,Childcare Workers,350.0,13.65,28390.0,12.0,12.16,12.73,13.65,15.4,24960.0,25300.0,26480.0,28390.0,32040.0,,
2022,1800001,Northern Indiana nonmetropolitan area,nonmetro,39-9011,Childcare Workers,430.0,12.34,25660.0,8.62,10.43,13.05,13.4,16.41,17930.0,21700.0,27140.0,27870.0,34140.0,,
2022,1800002,Central Indiana nonmetropolitan area,nonmetro,39-9011,Childcare Workers,220.0,12.12,25200.0,8.67,9.82,11.74,13.61,15.5,18040.0,20420.0,24420.0,28300.0,32240.0,,
2022,1800003,Southern Indiana nonmetropolitan area,nonmetro,39-9011,Childcare Workers,410.0,12.29,25560.0,8.67,10.18,12.13,13.5,15.46,18040.0,21180.0,25230.0,28090.0,32150.0,,
2022,1900001,Northeast Iowa nonmetropolitan area,nonmetro,39-9011,Childcare Workers,500.0,10.92,22710.0,8.86,9.19,11.02,11.48,13.19,18420.0,19120.0,22920.0,23880.0,27440.0,,
2022,1900002,Northwest Iowa nonmetropolitan area,nonmetro,39-9011,Childcare Workers,610.0,10.48,21790.0,8.53,9.16,9.94,11.42,13.84,17750.0,19040.0,20680.0,23760.0,28790.0,,
2022,1900003,Southwest Iowa nonmetropolitan area,nonmetro,39-9011,Childcare Workers,380.0,10.98,22840.0,8.51,10.03,10.83,11.87,14.25,17710.0,20860.0,22530.0,24680.0,29650.0,,
2022,1900004,Southeast Iowa nonmetropolitan area,nonmetro,39-9011,Childcare Workers,750.0,10.84,22540.0,8.47,9.19,10.54,11.68,13.86,17620.0,19120.0,21920.0,24290.0,28830.0,,
2022,2000006,Kansas nonmetropolitan area,nonmetro,39-9011,Childcare Workers,1400.0,11.25,23410.0,8.93,9.82,10.37,12.43,13.55,18570.0,20420.0,21570.0,25850.0,28180.0,,
2022,2100001,West Kentucky nonmetropolitan area,nonmetro,39-9011,Childcare Workers,960.0,11.62,24170.0,8.46,10.47,11.74,12.99,13.59,17610.0,21780.0,24410.0,27030.0,28270.0,,
2022,2100002,South Central Kentucky nonmetropolitan area,nonmetro,39-9011,Childcare Workers,1130.0,11.1,23100.0,8.46,9.18,10.83,12.79,13.45,17610.0,19080.0,22520.0,26600.0,27970.0,,
2022,2100003,Central Kentucky nonmetropolitan area,nonmetro,39-9011,Childcare Workers,1230.0,11.77,24490.0,8.59,10.38,11.85,13.28,13.8,17860.0,21600.0,24640.0,27610.0,28710.0,,
2022,2100004,East Kentucky nonmetropolitan area,nonmetro,39-9011,Childcare Workers,670.0,10.9,22680.0,8.37,9.17,10.49,12.88,13.24,17410.0,19070.0,21810.0,26780.0,27540.0,,
2022,2200002,Central Louisiana nonmetropolitan area,nonmetro,39-9011,Childcare Workers,300.0,9.31,19360.0,8.19,8.38,8.47,9.83,10.37,17040.0,17420.0,17610.0,20450.0,21560.0,,
2022,2200003,Northeast Louisiana nonmetropolitan area,nonmetro,39-9011,Childcare Workers,360.0,9.41,19570.0,8.3,8.51,8.62,10.06,10.71,17260.0,17700.0,17940.0,20920.0,22270.0,,
2022,2200006,Southwest Louisiana nonmetropolitan area,nonmetro,39-9011,Childcare Workers,330.0,9.44,19630.0,8.28,8.48,8.65,10.12,10.61,17210.0,17630.0,17990.0,21040.0,22070.0,,
2022,2300001,Northeast Maine nonmetropolitan area,nonmetro,39-9011,Childcare Workers,420.0,15.12,31450.0,13.56,13.95,14.13,16.95,17.7,28200.0,29020.0,29390.0,35260.0,36820.0,,
2022,2300002,Southwest Maine nonmetropolitan area,nonmetro,39-9011,Childcare Workers,1560.0,15.11,31430.0,13.4,13.83,14.32,16.52,17.17,27880.0,28760.0,29780.0,34360.0,35720.0,,
2022,2400006,Maryland nonmetropolitan area,nonmetro,39-9011,Childcare Workers,210.0,15.08,31370.0,12.5,12.81,13.04,17.4,18.5,26000.0,26640.0,27110.0,36190.0,38490.0,,
2022,2500006,Massachusetts nonmetropolitan area,nonmetro,39-9011,Childcare Workers,280.0,19.25,40040.0,16.11,17.09,18.09,21.62,23.18,33520.0,35540.0,37620.0,44980.0,48220.0,,
2022,2600001,Upper Peninsula of Michigan nonmetropolitan area,nonmetro,39-9011,Childcare Workers,480.0,12.55,26110.0,10.49,11.05,12.14,13.18,15.16,21810.0,22980.0,25250.0,27420.0,31540.0,,
2022,2600002,Northeast Lower Peninsula of Michigan nonmetropolitan area,nonmetro,39-9011,Childcare Workers,360.0,14.81,30800.0,10.79,11.99,13.39,18.68,18.68,22430.0,24940.0,27840.0,38850.0,38850.0,,
2022,2600003,Northwest Lower Peninsula of Michigan nonmetropolitan area,nonmetro,39-9011,Childcare Workers,450.0,13.44,27960.0,10.66,11.09,13.02,14.81,16.83,22160.0,23070.0,27090.0,30810.0,35000.0,,
2022,2600004,Balance of Lower Peninsula of Michigan nonmetropolitan area,nonmetro,39-9011,Childcare Workers,880.0,13.01,27070.0,10.66,10.88,12.64,13.79,15.84,22160.0,22620.0,26290.0,28670.0,32940.0,,
2022,2700001,Northwest Minnesota nonmetropolitan area,nonmetro,39-9011,Childcare Workers,370.0,14.03,29180.0,11.16,12.48,13.4,14.11,18.4,23210.0,25950.0,27860.0,29350.0,38280.0,,
2022,2700002,Northeast Minnesota nonmetropolitan area,nonmetro,39-9011,Childcare Workers,60.0,13.68,28450.0,11.07,12.7,13.18,13.95,15.82,23020.0,26410.0,27420.0,29020.0,32900.0,,
2022,2700003,Southwest Minnesota nonmetropolitan area,nonmetro,39-9011,Childcare Workers,340.0,13.13,27300.0,10.92,11.5,12.3,13.76,16.83,22710.0,23910.0,25590.0,28610.0,35000.0,,
2022,2700004,Southeast Minnesota nonmetropolitan area,nonmetro,39-9011,Childcare Workers,390.0,13.79,28670.0,10.91,11.5,13.03,13.92,18.29,22690.0,23920.0,27110.0,28960.0,38030.0,,
2022,2800001,Northeast Mississippi nonmetropolitan area,nonmetro,39-9011,Childcare Workers,990.0,10.43,21680.0,8.48,8.65,9.84,10.9,13.71,17640.0,17990.0,20460.0,22670.0,28530.0,,
2022,2800002,Northwest Mississippi nonmetropolitan area,nonmetro,39-9011,Childcare Workers,710.0,10.05,20910.0,8.2,8.5,9.7,10.27,13.61,17050.0,17670.0,20170.0,21370.0,28320.0,,
2022,2800003,Southeast Mississippi nonmetropolitan area,nonmetro,39-9011,Childcare Workers,650.0,10.51,21870.0,8.42,8.72,9.72,11.51,13.35,17520.0,18130.0,20210.0,23930.0,27770.0,,
2022,2800004,Southwest Mississippi nonmetropolitan area,nonmetro,39-9011,Childcare Workers,420.0,10.09,20980.0,8.37,8.53,9.79,10.39,13.4,17420.0,17750.0,20350.0,21610.0,27870.0,,
2022,2900001,Central Missouri nonmetropolitan area,nonmetro,39-9011,Childcare Workers,580.0,12.76,26540.0,11.15,11.15,12.45,13.79,15.7,23190.0,23190.0,25900.0,28680.0,32650.0,,
2022,2900002,North Missouri nonmetropolitan area,nonmetro,39-9011,Childcare Workers,400.0,12.93,26890.0,11.15,11.15,12.45,13.92,16.36,23190.0,23190.0,25900.0,28940.0,34030.0,,
2022,2900003,Southeast Missouri nonmetropolitan area,nonmetro,39-9011,Childcare Workers,670.0,12.82,26660.0,11.15,11.15,12.77,13.89,15.7,23190.0,23190.0,26570.0,28880.0,32650.0,,
2022,2900004,Southwest Missouri nonmetropolitan area,nonmetro,39-9011,Childcare Workers,200.0,13.12,27280.0,11.15,11.15,12.3,14.11,16.36,23190.0,23190.0,25580.0,29340.0,34030.0,,
2022,3000003,Southwest Montana nonmetropolitan area,nonmetro,39-9011,Childcare Workers,560.0,12.65,26300.0,10.17,10.52,12.84,13.73,15.68,21150.0,21890.0,26720.0,28570.0,32620.0,,
2022,3000004,West Montana nonmetropolitan area,nonmetro,39-9011,Childcare Workers,360.0,12.91,26860.0,10.16,10.59,12.97,13.56,15.91,21120.0,22030.0,26980.0,28200.0,33090.0,,
2022,3000006,East-Central Montana nonmetropolitan area,nonmetro,39-9011,Childcare Workers,220.0,12.37,25720.0,10.12,10.21,12.14,13.55,14.65,21050.0,21230.0,25260.0,28180.0,30480.0,,
2022,3100001,Northwest Nebraska nonmetropolitan area,nonmetro,39-9011,Childcare Workers,180.0,13.2,27460.0,10.37,10.97,12.7,13.91,17.69,21560.0,22810.0,26420.0,28940.0,36780.0,,
2022,3100003,Northeast Nebraska nonmetropolitan area,nonmetro,39-9011,Childcare Workers,620.0,12.76,26540.0,10.15,10.85,11.77,13.39,17.19,21120.0,22560.0,24480.0,27850.0,35740.0,,
2022,3100006,South Nebraska nonmetropolitan area,nonmetro,39-9011,Childcare Workers,1200.0,12.51,26010.0,10.57,10.83,12.0,13.28,16.5,21980.0,22530.0,24950.0,27630.0,34310.0,,
2022,3200006,Nevada nonmetropolitan area,nonmetro,39-9011,Childcare Workers,130.0,13.16,27360.0,8.95,9.85,12.53,15.97,18.03,18620.0,20480.0,26060.0,33210.0,37510.0,,
2022,3300001,Northern New Hampshire nonmetropolitan area,nonmetro,39-9011,Childcare Workers,80.0,12.79,26610.0,8.9,10.38,13.5,14.64,17.1,18520.0,21600.0,28080.0,30460.0,35560.0,,
2022,3300002,Central New Hampshire nonmetropolitan area,nonmetro,39-9011,Childcare Workers,280.0,12.2,25370.0,8.25,8.9,11.45,14.43,16.41,17150.0,18520.0,23810.0,30020.0,34130.0,,
2022,3300006,West Central-Southwest New Hampshire nonmetropolitan area,nonmetro,39-9011,Childcare Workers,270.0,12.81,26640.0,8.76,10.43,12.52,15.0,17.1,18220.0,21700.0,26040.0,31200.0,35560.0,,
2022,3500006,Northern New Mexico nonmetropolitan area,nonmetro,39-9011,Childcare Workers,140.0,12.51,26010.0,11.5,11.5,11.5,12.86,14.3,23920.0,23920.0,23920.0,26760.0,29750.0,,
2022,3500007,Eastern New Mexico nonmetropolitan area,nonmetro,39-9011,Childcare Workers,360.0,12.94,26910.0,11.5,11.5,11.87,12.89,14.79,23920.0,23920.0,24680.0,26800.0,30760.0,,
2022,3600001,Capital/Northern New York nonmetropolitan area,nonmetro,39-9011,Childcare Workers,460.0,14.97,31140.0,13.47,13.5,13.91,15.58,17.03,28010.0,28090.0,28930.0,32410.0,35430.0,,
2022,3600004,Southwest New York nonmetropolitan area,nonmetro,39-9011,Childcare Workers,750.0,15.6,32450.0,13.3,13.53,14.21,16.5,21.32,27670.0,28140.0,29560.0,34320.0,44350.0,,
2022,3600006,Central East New York nonmetropolitan area,nonmetro,39-9011,Childcare Workers,570.0,15.38,31980.0,13.38,13.76,14.16,16.01,19.19,27830.0,28620.0,29460.0,33310.0,39910.0,,
2022,3700001,Southeast Coastal North Carolina nonmetropolitan area,nonmetro,39-9011,Childcare Workers,540.0,12.09,25140.0,9.59,10.23,12.67,13.56,14.52,19940.0,21280.0,26360.0,28210.0,30200.0,,
2022,3700002,Northeast Coastal North Carolina nonmetropolitan area,nonmetro,39-9011,Childcare Workers,200.0,12.83,26680.0,10.21,10.45,12.92,14.29,15.75,21230.0,21730.0,26870.0,29710.0,32760.0,,
2022,3700003,Piedmont North Carolina nonmetropolitan area,nonmetro,39-9011,Childcare Workers,530.0,12.2,25370.0,9.0,10.27,12.28,13.68,14.66,18720.0,21370.0,25550.0,28460.0,30490.0,,
2022,3700004,Mountain North Carolina nonmetropolitan area,nonmetro,39-9011,Childcare Workers,380.0,13.69,28470.0,10.0,10.73,12.47,14.32,21.51,20800.0,22320.0,25930.0,29790.0,44730.0,,
2022,3800006,West North Dakota nonmetropolitan area,nonmetro,39-9011,Childcare Workers,820.0,14.01,29130.0,10.58,11.03,13.08,16.02,18.61,22010.0,22940.0,27200.0,33330.0,38700.0,,
2022,3800007,East North Dakota nonmetropolitan area,nonmetro,39-9011,Childcare Workers,720.0,13.44,27940.0,10.37,10.69,13.27,15.0,18.02,21560.0,22240.0,27610.0,31210.0,37470.0,,
2022,3900001,West Northwestern Ohio nonmetropolitan area,nonmetro,39-9011,Childcare Workers,640.0,12.01,24970.0,9.89,10.4,10.78,12.79,15.03,20570.0,21620.0,22410.0,26600.0,31270.0,,
2022,3900002,North Northeastern Ohio nonmetropolitan area (noncontiguous),nonmetro,39-9011,Childcare Workers,610.0,11.84,24630.0,9.84,10.28,11.04,12.35,15.48,20480.0,21390.0,22970.0,25680.0,32200.0,,
2022,3900003,Eastern Ohio nonmetropolitan area,nonmetro,39-9011,Childcare Workers,280.0,13.09,27230.0,10.06,10.59,12.45,14.64,17.2,20920.0,22020.0,25900.0,30460.0,35780.0,,
2022,3900004,Southern Ohio nonmetropolitan area,nonmetro,39-9011,Childcare Workers,300.0,12.52,26040.0,9.82,10.38,11.5,14.09,17.08,20420.0,21580.0,23920.0,29320.0,35530.0,,
2022,4000001,Northeast Oklahoma nonmetropolitan area,nonmetro,39-9011,Childcare Workers,630.0,11.42,23750.0,8.36,9.52,10.7,12.92,15.05,17390.0,19810.0,22260.0,26880.0,31300.0,,
2022,4000002,Northwest Oklahoma nonmetropolitan area,nonmetro,39-9011,Childcare Workers,430.0,11.02,22930.0,8.63,9.28,10.52,11.8,14.57,17940.0,19300.0,21870.0,24550.0,30300.0,,
2022,4000003,Southwest Oklahoma nonmetropolitan area,nonmetro,39-9011,Childcare Workers,280.0,10.32,21470.0,8.03,8.65,10.02,10.87,12.98,16700.0,17990.0,20850.0,22610.0,26990.0,,
2022,4000004,Southeast Oklahoma nonmetropolitan area,nonmetro,39-9011,Childcare Workers,1030.0,11.6,24130.0,8.62,10.03,10.89,12.96,14.73,17940.0,20860.0,22660.0,26960.0,30630.0,,
2022,4100006,Coast Oregon nonmetropolitan area,nonmetro,39-9011,Childcare Workers,160.0,16.39,34100.0,13.63,13.83,14.66,16.58,22.61,28340.0,28770.0,30490.0,34480.0,47020.0,,
2022,4100007,Central Oregon nonmetropolitan area,nonmetro,39-9011,Childcare Workers,190.0,15.69,32630.0,12.96,13.49,14.4,17.61,19.22,26950.0,28070.0,29960.0,36620.0,39980.0,,
2022,4100008,Eastern Oregon nonmetropolitan area,nonmetro,39-9011,Childcare Workers,170.0,16.17,33630.0,13.38,13.49,13.96,17.6,24.62,27830.0,28070.0,29030.0,36620.0,51210.0,,
2022,4200001,Western Pennsylvania nonmetropolitan area,nonmetro,39-9011,Childcare Workers,380.0,11.22,23330.0,8.6,9.91,10.8,13.05,13.41,17880.0,20620.0,22470.0,27140.0,27900.0,,
2022,4200002,Northern Pennsylvania nonmetropolitan area,nonmetro,39-9011,Childcare Workers,550.0,11.44,23780.0,9.0,10.54,11.02,12.83,13.33,18720.0,21920.0,22920.0,26680.0,27730.0,,
2022,4200003,Southern Pennsylvania nonmetropolitan area,nonmetro,39-9011,Childcare Workers,460.0,11.51,23930.0,8.57,10.1,10.95,13.01,13.48,17830.0,21010.0,22770.0,27070.0,28030.0,,
2022,4500002,Upper Savannah South Carolina nonmetropolitan area,nonmetro,39-9011,Childcare Workers,250.0,11.19,23280.0,8.64,9.92,10.53,12.7,14.17,17960.0,20630.0,21890.0,26420.0,29470.0,,
2022,4500004,Lower Savannah South Carolina nonmetropolitan area,nonmetro,39-9011,Childcare Workers,160.0,11.28,23470.0,8.76,9.83,10.33,12.71,14.61,18210.0,20450.0,21490.0,26440.0,30390.0,,
2022,4500006,Northeast South Carolina nonmetropolitan area,nonmetro,39-9011,Childcare Workers,230.0,11.35,23600.0,8.48,9.88,10.63,12.87,13.91,17640.0,20540.0,22100.0,26770.0,28930.0,,
2022,4600002,East South Dakota nonmetropolitan area,nonmetro,39-9011,Childcare Workers,500.0,12.09,25140.0,10.67,10.85,11.97,12.74,14.11,22180.0,22570.0,24900.0,26490.0,29360.0,,
2022,4600003,West South Dakota nonmetropolitan area,nonmetro,39-9011,Childcare Workers,360.0,12.54,26090.0,10.76,10.91,12.68,13.65,13.7,22380.0,22690.0,26380.0,28390.0,28490.0,,
2022,4700001,West Tennessee nonmetropolitan area,nonmetro,39-9011,Childcare Workers,350.0,11.71,24360.0,8.8,10.12,11.08,13.97,14.24,18300.0,21050.0,23040.0,29050.0,29610.0,,
2022,4700002,South Central Tennessee nonmetropolitan area,nonmetro,39-9011,Childcare Workers,390.0,11.69,24310.0,9.05,10.39,11.09,13.71,14.05,18830.0,21610.0,23080.0,28530.0,29220.0,,
2022,4700003,North Central Tennessee nonmetropolitan area,nonmetro,39-9011,Childcare Workers,290.0,11.41,23740.0,8.55,9.2,10.66,13.67,14.56,17780.0,19140.0,22170.0,28430.0,30270.0,,
2022,4700004,East Tennessee nonmetropolitan area,nonmetro,39-9011,Childcare Workers,,11.61,24140.0,8.9,9.76,10.74,13.85,14.27,18500.0,20310.0,22340.0,28800.0,29690.0,,
2022,4800001,West Texas Region of Texas nonmetropolitan area,nonmetro,39-9011,Childcare Workers,570.0,12.72,26460.0,8.7,10.33,10.79,15.39,18.79,18100.0,21490.0,22440.0,32010.0,39090.0,,
2022,4800002,North Texas Region of Texas nonmetropolitan area,nonmetro,39-9011,Childcare Workers,940.0,10.51,21870.0,8.78,8.96,9.9,10.66,13.52,18260.0,18630.0,20580.0,22180.0,28120.0,,
2022,4800003,Big Thicket Region of Texas nonmetropolitan area,nonmetro,39-9011,Childcare Workers,440.0,11.06,23010.0,8.73,9.08,10.33,11.75,13.34,18170.0,18890.0,21480.0,24440.0,27740.0,,
2022,4800004,Hill Country Region of Texas nonmetropolitan area,nonmetro,39-9011,Childcare Workers,580.0,11.37,23650.0,8.56,9.74,10.7,12.87,14.57,17810.0,20250.0,22260.0,26760.0,30300.0,,
2022,4800005,Border Region of Texas nonmetropolitan area,nonmetro,39-9011,Childcare Workers,260.0,11.06,23010.0,8.56,9.02,10.69,11.87,13.73,17800.0,18760.0,22220.0,24690.0,28560.0,,
2022,4800006,Coastal Plains Region of Texas nonmetropolitan area,nonmetro,39-9011,Childcare Workers,630.0,11.7,24330.0,8.72,9.07,10.64,13.18,18.86,18130.0,18860.0,22120.0,27410.0,39240.0,,
2022,4900006,Eastern Utah nonmetropolitan area,nonmetro,39-9011,Childcare Workers,200.0,12.87,26770.0,9.45,10.37,12.51,14.09,17.75,19660.0,21570.0,26030.0,29300.0,36930.0,,
2022,4900007,Central Utah nonmetropolitan area,nonmetro,39-9011,Childcare Workers,230.0,12.97,26980.0,9.58,10.54,12.66,15.48,15.48,19930.0,21920.0,26340.0,32210.0,32210.0,,
2022,5000001,Southern Vermont nonmetropolitan area,nonmetro,39-9011,Childcare Workers,390.0,16.79,34920.0,13.48,14.02,16.18,17.87,23.34,28040.0,29150.0,33650.0,37170.0,48540.0,,
2022,5000002,Northern Vermont nonmetropolitan area,nonmetro,39-9011,Childcare Workers,190.0,15.53,32310.0,13.15,13.38,13.98,16.75,21.41,27340.0,27830.0,29090.0,34840.0,44540.0,,
2022,5100001,Southwest Virginia nonmetropolitan area,nonmetro,39-9011,Childcare Workers,200.0,12.29,25560.0,11.0,11.0,11.3,13.07,15.18,22880.0,22880.0,23510.0,27190.0,31580.0,,
2022,5100002,Southside Virginia nonmetropolitan area,nonmetro,39-9011,Childcare Workers,220.0,12.48,25960.0,11.0,11.0,11.67,13.51,15.46,22880.0,22880.0,24270.0,28110.0,32170.0,,
2022,5100003,Northeast Virginia nonmetropolitan area,nonmetro,39-9011,Childcare Workers,140.0,12.11,25180.0,11.0,11.0,11.73,12.54,13.07,22880.0,22880.0,24400.0,26090.0,27190.0,,
2022,5100004,Northwest Virginia nonmetropolitan area,nonmetro,39-9011,Childcare Workers,200.0,13.54,28150.0,11.0,11.0,12.68,15.11,17.95,22880.0,22880.0,26370.0,31440.0,37340.0,,
2022,5300006,Western Washington nonmetropolitan area,nonmetro,39-9011,Childcare Workers,230.0,16.97,35290.0,14.61,15.13,16.03,17.32,22.53,30380.0,31470.0,33330.0,36020.0,46850.0,,
2022,5300007,Eastern Washington nonmetropolitan area,nonmetro,39-9011,Childcare Workers,140.0,16.5,34320.0,14.49,15.13,15.98,16.85,18.67,30150.0,31470.0,33230.0,35040.0,38830.0,,
2022,5400001,Southern West Virginia nonmetropolitan area,nonmetro,39-9011,Childcare Workers,150.0,10.71,22280.0,8.79,9.47,10.08,10.69,12.37,18270.0,19700.0,20960.0,22230.0,25730.0,,
2022,5400002,Northern West Virginia nonmetropolitan area,nonmetro,39-9011,Childcare Workers,360.0,10.71,22290.0,8.79,9.81,10.45,10.91,12.44,18280.0,20400.0,21740.0,22690.0,25870.0,,
2022,5500001,Northwestern Wisconsin nonmetropolitan area,nonmetro,39-9011,Childcare Workers,50.0,13.92,28950.0,10.15,11.39,13.15,14.1,18.87,21120.0,23680.0,27360.0,29330.0,39250.0,,
2022,5500002,Northeastern Wisconsin nonmetropolitan area,nonmetro,39-9011,Childcare Workers,220.0,13.02,27070.0,10.16,10.5,11.46,14.36,16.3,21130.0,21840.0,23850.0,29860.0,33900.0,,
2022,5500003,South Central Wisconsin nonmetropolitan area,nonmetro,39-9011,Childcare Workers,290.0,14.26,29660.0,10.63,11.47,14.32,14.37,15.55,22120.0,23860.0,29790.0,29890.0,32340.0,,
2022,5500004,Western Wisconsin nonmetropolitan area,nonmetro,39-9011,Childcare Workers,300.0,13.06,27150.0,10.15,10.33,12.41,13.78,18.09,21120.0,21490.0,25810.0,28660.0,37620.0,,
2022,5600006,Western Wyoming nonmetropolitan area,nonmetro,39-9011,Childcare Workers,290.0,14.69,30550.0,10.55,10.94,12.58,17.66,21.94,21950.0,22740.0,26170.0,36740.0,45640.0,,
2022,5600007,Eastern Wyoming nonmetropolitan area,nonmetro,39-9011,Childcare Workers,380.0,13.12,27290.0,10.05,10.88,11.75,15.72,18.14,20900.0,22620.0,24450.0,32690.0,37730.0,,
2022,6600001,Guam,nonmetro,39-9011,Childcare Workers,180.0,9.92,20640.0,9.71,9.77,9.78,9.83,9.9,20200.0,20320.0,20340.0,20440.0,20600.0,,
2022,7800001,Virgin Islands,nonmetro,39-9011,Childcare Workers,50.0,12.54,26070.0,10.73,10.78,11.64,13.66,14.3,22330.0,22430.0,24200.0,28410.0,29740.0,,
